id,area,kind,severity,release_blocking,breaking,effort,confidence,verification,file,line,title,description,evidence,proposed_fix,verifier_note
DOC-01,docs-web,migration-edit,critical,true,false,s,high,confirmed,README.md,22,"Version narrative frozen on v1.1.0 / 'releases stay on v1' across README, web docs, CONTRIBUTING, SECURITY, CHANGELOG, RELEASING","Every prose statement about which version is canonical will be false at v3.0.0. README.md:22-27 ('This development tree documents the planned v1.1 line. The currently published canonical stable release is v1.0.0...'), README.md:59-72 ('Today, @latest selects the published v1.0.0 stable release'), README.md:467-477 ('installable releases stay on v1. The v1.1.0 line is preceded by...A future true v2 requires a deliberate module-path and API migration'), web/docs/index.html:46-50 and 125-135 ('currently v1.0.0', '@latest resolves to the highest published v1.x.y tag'), CONTRIBUTING.md:174-186 ('The module path has no major suffix, so releases must remain on v1'), SECURITY.md:10-16 (supported-versions table rows 'Latest stable v1 release', 'Current announced v1 release candidate', 'Older v1 releases'), CHANGELOG.md:3-4 ('semantic versioning on the canonical github.com/brumbelow/layerleak v1 module line'), CHANGELOG.md:125-130 ('v1.1.0 contains and supersedes their work'), RELEASING.md:7-30 ('Valid release inputs are v1.<minor>.<patch>...The workflow rejects v2 and v3 tags...The stable v1.1.0 release will restore the GitHub latest designation'). The GitHub release-notes template in .github/workflows/container-release.yml:1043-1045 repeats 'Canonical Go module releases continue on v1.x.'","README.md:469-471: 'The canonical module path is `github.com/brumbelow/layerleak`, so installable releases stay on v1. The v1.1.0 line is preceded by one or more v1.1.0 release candidates.' CONTRIBUTING.md:182: 'The module path has no major suffix, so releases must remain on v1.' RELEASING.md:16-17: 'The workflow rejects v2 and v3 tags because those majors require `/v2` or `/v3` in the module path.'","Replace every instance with one shared paragraph (use verbatim in README 'Version history', web/docs hero note, CHANGELOG preamble; abbreviate in CONTRIBUTING/SECURITY/RELEASING): ""Layerleak's canonical Go module is `github.com/brumbelow/layerleak/v3`, and v3.0.0 is the first release on it. Two earlier lines exist and are frozen. v1.0.0 (2026-04-03) is the only release ever published on the root module path `github.com/brumbelow/layerleak`, so `go install github.com/brumbelow/layerleak@latest` will always resolve to that build and should no longer be used. The v2.0.0-v2.5.0 GitHub/container releases were tagged without the `/v2` module-path suffix Go requires, so they were never installable Go modules and that major version cannot be reused; they remain for history. Rather than repair either line, the project moved to `/v3`, which contains and supersedes all of that work. Container images continue at `ghcr.io/brumbelow/layerleak`, where `v3.0.0` and `latest` name the same signed digest."" Delete the 'planned v1.1 line'/'frozen labels' sentences entirely; a major release does not need the RC-freeze explanation in user docs (keep it in RELEASING only). Update SECURITY table rows to 'Latest stable v3 release', 'Current announced v3 release candidate', 'v1.0.0 (root module) - Unsupported; migrate to /v3', 'Historical v2.0.0-v2.5.0 tags - Unsupported and not valid Go modules'. Update the workflow release-notes text (CI area) to match.","Every cited line checks out: README.md:22-27 and :469-477 ('installable releases stay on v1'), web/docs/index.html:46-50 and :125-135, CONTRIBUTING.md:182 ('releases must remain on v1'), SECURITY.md:12-14 table rows, CHANGELOG.md:3-4 and :129-130, RELEASING.md:9-17 and :27-30, container-release.yml:1043-1045. All become false at v3.0.0. Also in scope for the same edit: web/docs/index.html:75 status strip and container-release.yml:9 input description 'Exact v1 release, for example v1.1.0-rc.1 or v1.1.0'. Proposed narrative paragraph is accurate (GitHub API confirms tags v1.0.0-beta.1, v1.0.0, v2.0.0-beta, v2.0.0, v2.1.0, v2.1.1, v2.5.0 and latest release v2.5.0)."
DOC-02,docs-web,migration-edit,critical,true,true,s,high,confirmed,README.md,54,All go install / go list / clone-and-build commands use the root module path; v3 requires github.com/brumbelow/layerleak/v3,"Once go.mod says `module github.com/brumbelow/layerleak/v3`, `go install github.com/brumbelow/layerleak@latest` (README.md:54, :63-64; web/docs/index.html:75 status strip, :115, :130; CONTRIBUTING.md:179; RELEASING.md:234, :238, :283-284) keeps resolving to v1.0.0 forever, and `go install github.com/brumbelow/layerleak@v3.0.0` fails with 'module github.com/brumbelow/layerleak@v3.0.0 found... but does not contain package' / invalid version. The docs never mention that the binary is still named `layerleak` (Go strips the /vN suffix when naming the executable), which is the first thing a user will ask. The post-publication checks in RELEASING.md:283-289 (`go install github.com/brumbelow/layerleak@latest installs v1.1.0`) become impossible to satisfy.",README.md:54: 'go install github.com/brumbelow/layerleak@latest'; README.md:63-64: 'go install github.com/brumbelow/layerleak@v1.0.0' / '...@v1.1.0-rc.1'; web/docs/index.html:75: '<strong>github.com/brumbelow/layerleak@latest</strong>'; RELEASING.md:284: '`go install github.com/brumbelow/layerleak@latest` installs v1.1.0',"As proposed, plus: README.md:57 'The module root is the canonical install target' and web/docs/index.html:110-111 'The module root is the supported CLI entrypoint' remain true but should say 'the module root at github.com/brumbelow/layerleak/v3' so readers do not conflate the repository root path with the module path.","README.md:54, :63-64, web/docs/index.html:75, :115, :130, CONTRIBUTING.md:179, RELEASING.md:234-239 and :283-284 all use the root path. With `module github.com/brumbelow/layerleak/v3`, `go install github.com/brumbelow/layerleak@latest` resolves to v1.0.0 forever and `@v3.0.0` on the root path is an invalid version. The binary-name note is correct: Go drops the major-version suffix when naming the installed executable. The RELEASING post-publication check and the workflow's Go-proxy check (container-release.yml:1165-1180, hard-coded `github.com/brumbelow/layerleak@${RELEASE_VERSION}`) must change together, as stated."
MIG-01,migration-inventory,migration-edit,critical,true,true,xs,high,confirmed,go.mod,1,go.mod module directive must become github.com/brumbelow/layerleak/v3,"The module directive is the root of the migration. Without the /v3 suffix in the go.mod of the tagged commit, proxy.golang.org rejects any v3 tag exactly the way it rejects the v2 tags today.","go.mod:1 `module github.com/brumbelow/layerleak`. Proxy probe of the poisoned v2 path shows the failure mode: `go list -m -versions github.com/brumbelow/layerleak/v2` -> ""invalid version: go.mod has non-.../v2 module path \""github.com/brumbelow/layerleak\"" (and .../v2/go.mod does not exist) at revision v2.5.0"".","Run `go mod edit -module github.com/brumbelow/layerleak/v3` (result: `module github.com/brumbelow/layerleak/v3`). Keep `go 1.25.13` and all require blocks unchanged. Validated in a scratch copy: `go list -m` prints github.com/brumbelow/layerleak/v3, go build/vet/tidy -diff pass, go.sum byte-identical.","go.mod:1 is `module github.com/brumbelow/layerleak`. Re-probed proxy: `go list -m -versions github.com/brumbelow/layerleak/v2` -> `invalid version: go.mod has non-.../v2 module path ""github.com/brumbelow/layerleak"" (and .../v2/go.mod does not exist) at revision v2.5.0`; `gh api contents/go.mod?ref=v2.5.0` confirms the v2.5.0 tag's go.mod is the root path. `/v3` is clean (`no matching versions for query ""latest""`). Reproduced `go mod edit -module` in a scratch copy: go.sum byte-identical, build/vet/tidy -diff pass."
MIG-02,migration-inventory,migration-edit,critical,true,true,xs,high,confirmed,main.go,6,Rewrite 141 internal import lines in 42 Go files to the /v3 prefix,"Every import of `github.com/brumbelow/layerleak/internal/...` must gain the /v3 segment. There are no other occurrences of the module path in Go source (no string literals, only import lines), so a single sed is exact. Files: main.go, cmd/api/main.go, cmd/migrate/main.go, cmd/purge/main.go, cmd/scanner/main.go, internal/api/{contract_test.go,handler.go,handler_test.go,run.go}, internal/cli/{progress.go,progress_test.go,reliability_test.go,results.go,results_test.go,scan.go,scan_test.go,storage.go,storage_test.go,summary_test.go}, internal/detectors/detectors.go, internal/findings/{classify.go,findings.go,findings_test.go}, internal/jobs/{scan.go,scan_test.go}, internal/layers/{state.go,state_test.go}, internal/registry/{client.go,client_test.go}, internal/scanner/{corpus_test.go,scan.go,scan_test.go}, internal/scanservice/{record.go,record_test.go,reliability_test.go,service.go,service_test.go}, internal/storage/{helpers_test.go,postgres.go,read_postgres.go,storage.go,storage_integration_test.go,storage_test.go}.","`grep -rh --include='*.go' -E '^\s*""github.com/brumbelow/layerleak/' . | wc -l` = 141; `grep -rl` lists the 42 files above; a grep for non-import mentions of the path in *.go returned nothing. main.go:6 `""github.com/brumbelow/layerleak/internal/cli""`.","Same sed; title should read 43 files. Add a post-check that internal/api/handler_test.go:419/430 are untouched (they are repository names, not module paths).","Re-ran the greps: 141 import lines, but in 43 files, not 42 (the auditor's own file list already names 43; the count in the title is off by one). No non-import mentions of the module path exist in Go source; the only other `brumbelow/layerleak` strings in *.go are repository fixtures in internal/api/handler_test.go:419 and :430 (`""/api/v1/repositories/brumbelow/layerleak/scans?...""`, `store.repository != ""brumbelow/layerleak""`) which the quoted sed (anchored on `""github.com/brumbelow/layerleak/`) correctly leaves alone. Reproduced the sed in the scratch copy: 0 old imports, `gofmt -l` empty, go build/vet/`go mod tidy -diff` pass, go.sum unchanged."
MIG-03,migration-inventory,migration-edit,critical,true,false,xs,high,confirmed,.github/workflows/verify.yml,40,verify.yml module-identity gate must expect the /v3 path,The reusable Full verification workflow (run by CI and by the release `verify` job) asserts the old module path; after MIG-01 every CI run and the release gate fail here.,".github/workflows/verify.yml:40 `test ""$(go list -m)"" = ""github.com/brumbelow/layerleak""`","Change to `test ""$(go list -m)"" = ""github.com/brumbelow/layerleak/v3""`.",".github/workflows/verify.yml:40 `test ""$(go list -m)"" = ""github.com/brumbelow/layerleak""` runs in the reusable workflow used by CI and the release gate; after MIG-01 `go list -m` prints `github.com/brumbelow/layerleak/v3` (verified in scratch)."
MIG-04,migration-inventory,migration-edit,critical,true,false,xs,high,confirmed,.github/workflows/container-release.yml,111,Release validate job's go.mod module check must expect /v3,The validate job reads go.mod from the control-plane checkout (main) and refuses to release unless it equals the old root path.,"container-release.yml:111-114 `if [[ ""$(awk '$1 == ""module"" { print $2 }' go.mod)"" != ""github.com/brumbelow/layerleak"" ]]; then echo ""The root Go module path is not release-compatible.""`",Replace the expected value with `github.com/brumbelow/layerleak/v3`. Optionally also assert the major suffix matches the requested version major (`v3`) so a future /v4 move cannot be released with a stale check.,"container-release.yml:111-114 compares the awk'd module line against the root path. The control-plane checkout (lines 56-60, fetch-depth 0, default ref) is main for stable and the source commit for an RC (enforced at 170-174), so go.mod will carry /v3 in both cases and the check fails as written."
MIG-05,migration-inventory,migration-edit,critical,true,false,s,high,confirmed,.github/workflows/container-release.yml,103,"Release workflow version regexes, tag glob and input text are v1-only","Five places pin the accepted version shape to v1: the version regex, the stable-candidate regex, the increasing-stable-version loop (regex, tag glob, re-match) and the workflow_dispatch input description. `v3.0.0-rc.1` is rejected at line 103 today.","line 9 `description: Exact v1 release, for example v1.1.0-rc.1 or v1.1.0`; line 103 `=~ ^v1\.(0|[1-9][0-9]*)\.(0|[1-9][0-9]*)(-rc\.[1-9][0-9]*)?$`; line 104 `Version must be a canonical v1 stable or RC tag.`; line 180 `=~ ^v1\.(0|[1-9][0-9]*)\.(0|[1-9][0-9]*)-rc\.[1-9][0-9]*$`; line 181 `A stable release requires an accepted v1 RC tag.`; line 201 `=~ ^v1\.(0|[1-9][0-9]*)\.(0|[1-9][0-9]*)$`; line 210 `done < <(git tag --list 'v1.*')`; line 213 `[[ ""${REQUESTED_VERSION}"" =~ ^v1\.(0|[1-9][0-9]*)\.(0|[1-9][0-9]*)$ ]]`.","Replace `v1\.` with `v3\.` in lines 103, 180, 201, 213; change line 210 to `git tag --list 'v3.*'`; line 9 -> `Exact v3 release, for example v3.0.0-rc.1 or v3.0.0`; line 104 -> `Version must be a canonical v3 stable or RC tag.`; line 181 -> `A stable release requires an accepted v3 RC tag.` Preferably hoist a single `RELEASE_MAJOR: v3` env and build the regexes from it so the next major is a one-line change. With no v3 stable tags the loop leaves latest_stable empty and correctly skips the ordering check for v3.0.0.","Re-grepped: lines 9, 103, 104, 180, 181, 201, 210, 213 are the complete set of v1-pinned regexes/globs/text (other `v1`/`v2`/`v3` hits at 335 `type=provenance,...,version=v1`, 656/729 SPDX, 755 cosign v3.0.2 are unrelated). Read lines 196-220: with `git tag --list 'v3.*'` and no v3 stable tag, `latest_stable` stays empty and the ordering guard is skipped, as claimed."
MIG-06,migration-inventory,migration-edit,critical,true,false,xs,high,confirmed,.github/workflows/container-release.yml,1165,Post-release Go proxy checks install/list the root module instead of /v3,"After the move, `go install github.com/brumbelow/layerleak@v3.0.0-rc.1` fails (the root module has no such version) and `go list -m github.com/brumbelow/layerleak@latest` keeps returning v1.0.0, so the post-release job would fail (or, for stable, spin for five minutes then fail).","line 1165 `go install ""github.com/brumbelow/layerleak@${RELEASE_VERSION}""`; line 1176 and 1180 `go list -m -f '{{.Version}}' github.com/brumbelow/layerleak@latest`. Proxy probe: `go list -m -versions github.com/brumbelow/layerleak` -> `v1.0.0-beta v1.0.0-beta.1 v1.0.0`.","Use `github.com/brumbelow/layerleak/v3@${RELEASE_VERSION}` at 1165 and `github.com/brumbelow/layerleak/v3@latest` at 1176 and 1180 (or a `MODULE_PATH` env). The installed binary is still named `layerleak` (Go strips the major-version element), so line 1174 keeps working.","Lines 1165, 1176, 1180 use the root path. Post-release runs inside the released-source checkout (lines 1118-1122) so the main module will be /v3; verified from inside the /v3 scratch module that `go list -m github.com/brumbelow/layerleak/v3@latest` is sent to the proxy (404 today, not a main-module error) and that `go list -m github.com/brumbelow/layerleak@latest` returns v1.0.0. `GOBIN=... go install .` in the /v3 module produced a binary named `layerleak`, so line 1174 keeps working."
MIG-08,migration-inventory,ci,critical,true,false,s,high,confirmed,.github/workflows/container-release.yml,1177,Post-release RC assertion `latest_module != RELEASE_VERSION` will fail for the first /v3 RC,"(d) Go's @latest query returns the highest release version, or the highest prerelease when the module has no release versions. github.com/brumbelow/layerleak/v3 has no versions at all today, so after v3.0.0-rc.1 is published `go list -m .../v3@latest` returns exactly v3.0.0-rc.1 and the workflow's RC guard fails the run after the release is already public. RELEASING.md's RC-acceptance text (""@latest remains the previous stable"") is likewise untrue for the first v3 RC. GHCR `:latest` is unaffected (latest_before is captured from the registry, which currently points at the v2.5.0 image, and RC never moves it).","lines 1175-1177 `if [[ ""${PRERELEASE}"" == true ]]; then latest_module=""$(... go list -m -f '{{.Version}}' github.com/brumbelow/layerleak@latest)""; test ""${latest_module}"" != ""${RELEASE_VERSION}""`. Proxy probe today: `go list -m github.com/brumbelow/layerleak/v3@latest` -> `404 Not Found ... no matching versions for query ""latest""` (no versions exist, so the first tag becomes @latest). RELEASING.md:244 `exact RC installation succeeds while @latest remains the previous stable`.","Keep the auditor's stable_exists logic but wrap the @latest query so a 404 (`no matching versions`) is treated as `absent`, retry until the module's version list contains RELEASE_VERSION, and only then assert: PRERELEASE && !stable_exists -> latest == RELEASE_VERSION; PRERELEASE && stable_exists -> latest != RELEASE_VERSION; stable -> latest == RELEASE_VERSION. Budget the retry for the documented 30-minute cache window (see MIG-23/MIG-27). Update RELEASING.md:244 and README accordingly.","Go's `latest` query selects the highest release version, else the highest prerelease when no release exists; /v3 has no versions (`no matching versions for query ""latest""`), so after rc.1 is published `.../v3@latest` == v3.0.0-rc.1 and `test ""${latest_module}"" != ""${RELEASE_VERSION}""` (line 1177) fails. Additional failure mode the auditor missed: proxy.golang.org documents that ""if someone requested the version before the tag was pushed, it may take up to 30 minutes for the mirror's cache to expire""; both the auditor and this verification already requested `/v3/@v/list` and `@latest`, so the first `go list -m .../v3@latest` after publication may still return the cached 404. Under `set -euo pipefail` a failing command substitution in `latest_module=""$(...)""` aborts the step, so the RC job fails either way."
MIG-09,migration-inventory,migration-edit,critical,true,false,xs,high,confirmed,scripts/release-preflight.py,19,release-preflight.py VERSION regex and error string are v1-only,"The tag handoff validator and candidate validator both build on VERSION; `python3 scripts/release-preflight.py tag --version v3.0.0-rc.1` fails with 'invalid canonical v1 version' today, which blocks the validate job (line 123) and the publish job (line 973).","scripts/release-preflight.py:19 `VERSION = r'v1\.(0|[1-9][0-9]*)\.(0|[1-9][0-9]*)'`; :110-111 `if not re.fullmatch(VERSION + r'(-rc\.[1-9][0-9]*)?', version): raise ValueError('invalid canonical v1 version')`; :141 `re.fullmatch(VERSION, version)`.","Line 19 -> `VERSION = r'v3\.(0|[1-9][0-9]*)\.(0|[1-9][0-9]*)'`; line 111 -> `'invalid canonical v3 version'`. Consider a `RELEASE_MAJOR = 3` constant and `VERSION = rf'v{RELEASE_MAJOR}\.(0|[1-9][0-9]*)\.(0|[1-9][0-9]*)'` so RELEASING.md, workflow and preflight share one number.",scripts/release-preflight.py:19 and :111 verified. Applied the proposed two-line edit in the scratch copy: `tag --version v1.1.0-rc.1` now fails with `invalid canonical v3 version` and `--version v3.0.0-rc.1` passes the version gate (fails later only on the empty stdin payload).
MIG-10,migration-inventory,migration-edit,critical,true,false,s,high,confirmed,scripts/tests/test_release_preflight.py,161,Preflight unit-test fixtures use v1.1.0 versions and run inside the release workflow,"Every tag/candidate fixture is v1.1.0-rc.1 / v1.1.0 / v1.2.0. After MIG-09 these tests fail, and the release validate job runs them (`python3 -m unittest discover -s scripts/tests -p test_release_preflight.py -v` at container-release.yml:80) before anything else, so the tests must change in the same commit. No test currently asserts that v1/v2 versions are rejected.","line 138 `'tag', '--version', 'v1.1.0-rc.1', '--source', 'a' * 40`; line 161 `tag v1.1.0-rc.1`; line 166, 173, 178, 186, 198, 214, 216, 224 `'v1.1.0-rc.1'`; line 171 `normal.replace('v1.1.0-rc.1', 'v1.2.0')`; line 189 `('v1.01.0', 'a' * 40), ('v1.1.0-rc.0', 'a' * 40)`; lines 229-243 `validate_candidate(state, 'v1.1.0', 'v1.1.0-rc.1', ...)`, `'v1.2.0-rc.1'`.","Replace `v1.1.0-rc.1` -> `v3.0.0-rc.1`, `v1.1.0` -> `v3.0.0`, `v1.2.0` -> `v3.1.0`, `v1.2.0-rc.1` -> `v3.1.0-rc.1`, `v1.01.0` -> `v3.01.0`, `v1.1.0-rc.0` -> `v3.0.0-rc.0` throughout (sed is safe: only fixture strings). Add to test_tag_rejects_noncanonical_version_and_source the cases `('v1.1.0', ...)`, `('v2.5.0', ...)` and `('v4.0.0', ...)` so the major pin is tested; add a candidate case rejecting `('v1.1.0', 'v1.1.0-rc.1')`. Run `python3 -m unittest discover -s scripts/tests -p test_release_preflight.py` (20 tests pass today).","container-release.yml:80 runs `python3 -m unittest discover -s scripts/tests -p test_release_preflight.py -v` before validation. Baseline: 20 tests pass. Applied MIG-09 plus the proposed fixture sed (v1.1.0-rc.1->v3.0.0-rc.1, v1.1.0-rc.0->v3.0.0-rc.0, v1.2.0-rc.1->v3.1.0-rc.1, v1.2.0->v3.1.0, v1.01.0->v3.01.0, v1.1.0->v3.0.0) in the scratch copy: 0 `v1.` literals remain and all 20 tests pass, so the sed is safe as claimed. Confirmed no test asserts that v1/v2/v4 majors are rejected."
PRD-01,product-ideation,migration-edit,critical,true,true,l,high,confirmed,go.mod,1,3.0.0 requires the /v3 module path and every v1-only release gate must accept v3,"The product decision behind 3.0.0 is to restore a canonical `go install ...@latest` line after the poisoned v2 tag space. That is only possible by moving the module to github.com/brumbelow/layerleak/v3. Today every release gate and every user-facing document is pinned to v1: the workflow regex, the preflight regex, RELEASING's version policy, and the README's install commands and 'installable releases stay on v1' statement. Shipping 3.0.0 without all of these changing would produce an unpublishable or falsely documented release.","go.mod: `module github.com/brumbelow/layerleak` / `go 1.25.13`. .github/workflows/container-release.yml:103: `if [[ ! ""${REQUESTED_VERSION}"" =~ ^v1\.(0|[1-9][0-9]*)\.(0|[1-9][0-9]*)(-rc\.[1-9][0-9]*)?$ ]]` and :210 `git tag --list 'v1.*'`. scripts/release-preflight.py:19: `VERSION = r'v1\.(0|[1-9][0-9]*)\.(0|[1-9][0-9]*)'`. RELEASING.md:16-17: 'The workflow rejects v2 and v3 tags because those majors require `/v2` or `/v3` in the module path.' README.md:469-470: 'so installable releases stay on v1.' README.md:54: `go install github.com/brumbelow/layerleak@latest`. web/docs/openapi.yaml:4: `version: 1.1.0`. CHANGELOG.md:8: `## [v1.1.0]`.","Add to the single v3 migration PR: (a) container-release.yml:111 compare against `github.com/brumbelow/layerleak/v3`; (b) verify.yml:40 `test ""$(go list -m)"" = ""github.com/brumbelow/layerleak/v3""`; (c) container-release.yml:1040 `-f previous_tag_name=v1.0.0` and RELEASING.md:28 'Generate new release notes from v1.0.0' must become the previous canonical stable (v3.0.0 notes from v1.0.0 would span the whole history; decide explicitly and document); (d) README.md:5 Go badge and :53 'requires Go 1.25.13 or newer' re-verified against the chosen minimum. Everything else as proposed.","Every quoted gate verified: go.mod `module github.com/brumbelow/layerleak`; container-release.yml:103 `^v1\.(0|[1-9][0-9]*)...` and :210 `git tag --list 'v1.*'`; release-preflight.py:19 `VERSION = r'v1\...'`; RELEASING.md:16-17; README.md:54 `go install github.com/brumbelow/layerleak@latest` and :469-470 'installable releases stay on v1'; openapi.yaml:4 `version: 1.1.0`; CHANGELOG.md:8 `## [v1.1.0]`. The fix is incomplete, though: two further module-identity gates pin the un-suffixed path and would fail the very PR that moves to /v3 — container-release.yml:111 `awk '$1 == ""module""...' != ""github.com/brumbelow/layerleak""` and verify.yml:40 `test ""$(go list -m)"" = ""github.com/brumbelow/layerleak""` (see PRD-23). CUT-LINE OPINION: I agree 3.0.0 should be the contract release — module path (PRD-01/23), cmd/scanner removal (PRD-02), the single-file local output (PRD-03, with the raw-secret caveat), result schema v2 + API versioning statement (PRD-04), honest error text in local output (PRD-05), exit code 3 + --fail-on (PRD-06), detector-id cleanup incl. the Name()/emitted-id mismatch (PRD-07/26), `version` (PRD-12), and lint/Makefile (PRD-21). I would NOT put private-registry auth in 3.0.0 (PRD-08 → 3.1): it is additive, it needs its own soak, it interacts with the egress allowlist and with an unauthenticated API, and without credential helpers it covers fewer registries than claimed. SARIF (PRD-09) can stay in 3.0.0 because it is a pure encoder that depends only on PRD-07/PRD-12 which are in scope. That yields roughly the author's ~16-day breaking-only cut plus ~3 days for SARIF, and keeps the RC soak focused on the module-path and schema changes that cannot be fixed in a patch."
API-01,api,migration-edit,high,true,false,xs,high,confirmed,web/docs/openapi.yaml,4,OpenAPI info.version is frozen at 1.1.0; must become 3.0.0,"The published OpenAPI document advertises `version: 1.1.0`, a version that was never released. At v3.0.0 the spec, the docs-site link text, and README would all be stale on the same day the release ships.","web/docs/openapi.yaml:2-4:
  info:
    title: Layerleak API
    version: 1.1.0
Also README.md:388 and web/docs/index.html:411 link to ""the versioned OpenAPI 3.1 specification"" with no version gate.","Set info.version to 3.0.0 (RCs may share it; RELEASING.md:189-190 already says not to embed RC numbers in files that stable inherits). Add the bump to the RELEASING.md step-3 checklist and gate it with API-02. If migration 0005 lands, update openapi.yaml:54 and README.md:330 ('exact schema version 0004') in the same commit.","web/docs/openapi.yaml:4 reads `version: 1.1.0`; no v1.1.0 was ever released and the next tag is v3.0.0. README.md:385-388 and web/docs/index.html:411 only call it 'the versioned OpenAPI 3.1 specification' (no literal version), so the README claim is about link text, not a stale number, but the spec itself would be false at release. Also note openapi.yaml:54 pins readiness to 'exactly version 0004', which must move if 3.0.0 adds a migration (see API-12)."
API-25,api,ci,high,true,false,xs,high,verifier-added,scripts/release-preflight.py,19,release-preflight.py hard-codes the v1 version grammar; v3.0.0-rc.1 and v3.0.0 are rejected as 'invalid canonical v1 version',"The release workflow pipes every tag and candidate through release-preflight.py (`tag` at container-release.yml:123 and :973, `candidate` at :191). decode_tag and validate_candidate match the version against VERSION = r'v1\.(0|[1-9][0-9]*)\.(0|[1-9][0-9]*)', so any v3 tag fails preflight before the OpenAPI/version gate from API-02 could run. This overlaps the release area but it directly blocks shipping the API contract at 3.0.0 and the auditor listed the file as read without flagging it.","scripts/release-preflight.py:19: VERSION = r'v1\.(0|[1-9][0-9]*)\.(0|[1-9][0-9]*)'
scripts/release-preflight.py:110-111:
    if not re.fullmatch(VERSION + r'(-rc\.[1-9][0-9]*)?', version):
        raise ValueError('invalid canonical v1 version')
scripts/release-preflight.py:141: if not re.fullmatch(VERSION, version) or not re.fullmatch(re.escape(version) + r'-rc\.[1-9][0-9]*', candidate):
.github/workflows/container-release.yml:123,191,973 invoke these subcommands.","Change VERSION to the v3 grammar (r'v3\.(0|[1-9][0-9]*)\.(0|[1-9][0-9]*)') or derive the major from go.mod's module path suffix (/v3) so the two cannot drift; update the error text; add unit tests in scripts/tests covering v3.0.0-rc.1 accepted, v3.0.0 accepted, v2.x and v1.x rejected. Then layer the openapi info.version check from API-02 on top.",
REL-01,ci-release,migration-edit,high,true,false,s,high,confirmed,.github/workflows/container-release.yml,103,"Release workflow and preflight accept only v1 versions; every regex, glob and description must move to v3","The dispatch input description, version regex, candidate regex, latest-stable computation and preflight VERSION constant are all hard-coded to major 1, so a v3.0.0-rc.1 dispatch fails at the first validation step ('Version must be a canonical v1 stable or RC tag'). The same constant lives in scripts/release-preflight.py and every fixture in scripts/tests/test_release_preflight.py uses v1.1.0-rc.1.","container-release.yml:9 `description: Exact v1 release, for example v1.1.0-rc.1 or v1.1.0`; :103 `=~ ^v1\.(0|[1-9][0-9]*)\.(0|[1-9][0-9]*)(-rc\.[1-9][0-9]*)?$`; :180 `=~ ^v1\.(...)-rc\.[1-9][0-9]*$`; :201/:213 `=~ ^v1\.`; :210 `done < <(git tag --list 'v1.*')`; scripts/release-preflight.py:19 `VERSION = r'v1\.(0|[1-9][0-9]*)\.(0|[1-9][0-9]*)'`; :111 `raise ValueError('invalid canonical v1 version')`; test fixtures lines 138,161,166-243 all use 'v1.1.0-rc.1'.","Introduce a single MAJOR=3 constant: in the workflow derive it from go.mod (`major=""$(awk '$1==""module""{print $2}' go.mod | sed -n 's#.*/v\([0-9]\+\)$#\1#p')""`), assert it is 3, and build the regexes/glob from it (`^v${major}\.`, `git tag --list ""v${major}.*""`); in release-preflight.py set `MAJOR = 3` and `VERSION = rf'v{MAJOR}\.(0|[1-9][0-9]*)\.(0|[1-9][0-9]*)'`, update the error text, and rewrite all test fixtures to v3.0.0-rc.1/v3.0.0 (add a test that v1.x and v2.x are rejected). Update the input description to 'Exact v3 release, for example v3.0.0-rc.1 or v3.0.0'.","container-release.yml:9,103,180,201,210,213 and scripts/release-preflight.py:19,111 are all hard-coded to major 1 exactly as quoted; every fixture in scripts/tests/test_release_preflight.py uses v1.1.0(-rc.1). A v3.0.0-rc.1 dispatch exits at line 104 before any other check. Fix is right; note the latest-stable loop (lines 196-222) compares only minor/patch, so once the regex says v3 it will correctly ignore v1/v2 tags because the glob also moves to v3.*."
REL-02,ci-release,migration-edit,high,true,false,xs,high,confirmed,.github/workflows/verify.yml,40,Module-identity assertions pin github.com/brumbelow/layerleak and will fail once go.mod says /v3,"Both the reusable verification and the release validate job assert the old module path literally, so the very first CI run after the /v3 rename fails, and the release workflow refuses with 'The root Go module path is not release-compatible'.","verify.yml:40 `test ""$(go list -m)"" = ""github.com/brumbelow/layerleak""`; container-release.yml:111 `if [[ ""$(awk '$1 == ""module"" { print $2 }' go.mod)"" != ""github.com/brumbelow/layerleak"" ]]; then`","Change verify.yml:40 and container-release.yml:111 to `github.com/brumbelow/layerleak/v3`. In the same change rewrite the 43 Go import paths (`grep -rl '""github.com/brumbelow/layerleak' --include=*.go | xargs sed -i 's#github.com/brumbelow/layerleak#github.com/brumbelow/layerleak/v3#g'`, then `gofmt -l .` and `go mod tidy -diff` must be clean), the ldflags path in any future build-cli job, and the module path in README/CHANGELOG/RELEASING/SECURITY/openapi. org.opencontainers.image.source (a repository URL) is unaffected.","verify.yml:40 `test ""$(go list -m)"" = ""github.com/brumbelow/layerleak""` and container-release.yml:111 awk on go.mod both pin the bare path. grep shows 43 Go files import the bare path and go.mod:1 is `module github.com/brumbelow/layerleak`, so the rename touches imports too. The proposed_fix text has a garbled sentence ('Also update org.opencontainers.image.source is unaffected') but the substance is correct."
REL-03,ci-release,bug,high,true,false,s,high,confirmed,.github/workflows/container-release.yml,1165,"Post-release Go-proxy checks use the v1 module path, and the RC '@latest must differ' assertion is false for the first v3 RC","post-release installs and lists `github.com/brumbelow/layerleak@...`; for a /v3 module those queries must use `github.com/brumbelow/layerleak/v3`. Independently, Go resolves `@latest` to the highest release version, or if the module has none, the highest pre-release. The /v3 module will have zero release versions when v3.0.0-rc.1 publishes, so `go list -m .../v3@latest` returns v3.0.0-rc.1 and `test ""${latest_module}"" != ""${RELEASE_VERSION}""` fails, marking a successful RC publication as a failed run. RELEASING.md's RC acceptance bullet ('@latest remains the previous stable') and README lines 67-69 encode the same false expectation for a new major.","container-release.yml:1165 `go install ""github.com/brumbelow/layerleak@${RELEASE_VERSION}""`; :1176 `latest_module=""$(... go list -m -f '{{.Version}}' github.com/brumbelow/layerleak@latest)""`; :1177 `test ""${latest_module}"" != ""${RELEASE_VERSION}""`; RELEASING.md 'exact RC installation succeeds while `@latest` remains the previous stable'. Go module query semantics: '@latest ... prefers release versions over pre-release versions; if no release versions exist the highest pre-release is selected'.","Use `github.com/brumbelow/layerleak/v3` in all three places. For the RC branch compute the expected answer from the proxy, not local tags: `stable=""$(GOPROXY=https://proxy.golang.org go list -m -versions github.com/brumbelow/layerleak/v3 | tr ' ' '\n' | grep -E '^v3\.[0-9]+\.[0-9]+$' | sort -V | tail -1)""`; if `stable` is empty require `latest_module == RELEASE_VERSION` (first RC of the major) else require `latest_module == stable`. Update RELEASING.md RC acceptance and README lines 67-69 to describe the first-RC behaviour.","Lines 1165/1176/1180 use the bare path. I confirmed Go's @latest semantics empirically: `go list -m -versions github.com/brumbelow/layerleak` -> `v1.0.0-beta v1.0.0-beta.1 v1.0.0` and `@latest` -> v1.0.0 (prefers release over pre-release). For the fresh /v3 path there is no release version, so @latest == v3.0.0-rc.1 and line 1177 `test != RELEASE_VERSION` fails the run. I also tested the auditor's implicit assumption that `go list -m <main module>@latest` works from inside the checkout: it does (returned v1.0.0 from /home/user/layerleak), so no cwd change is needed. One gap in the fix: the post-release checkout (line 1119) is fetch-depth 1 without tags, so 'if any stable v3.* tag exists' cannot be read from local git."
REL-04,ci-release,docs-drift,high,true,false,xs,high,confirmed,.github/workflows/container-release.yml,1040,Generated release notes hard-code previous_tag_name=v1.0.0 and assert 'Canonical Go module releases continue on v1.x',"The published GitHub release body for v3.0.0-rc.1/v3.0.0 would state that module releases continue on v1.x and that 'the v1 version is not a source downgrade', and the auto-generated changelog would diff from v1.0.0 (ignoring v2.x releases that GitHub users already received). This text becomes false the moment 3.0.0 ships.",":1040 `-f previous_tag_name=v1.0.0 \`; :1043 `echo ""Canonical Go module releases continue on v1.x.""`; :1045 `echo ""Historical v2.0.0-v2.5.0 ... This release contains and supersedes those changes; the v1 version is not a source downgrade.""`","Either omit `-f previous_tag_name` and let GitHub choose, or compute it: for `-rc.N` with N>1 use `v3.0.0-rc.$((N-1))`, otherwise `gh api repos/$GITHUB_REPOSITORY/releases/latest --jq .tag_name`. Replace the three fixed echo lines with 3.0.0 text read from a tracked file (e.g. .github/release-notes-preamble.md) so docs and workflow cannot diverge.","Lines 1040-1045 verbatim. Live `releases/latest` is v2.5.0 (immutable=true), so generated notes from v1.0.0 would re-list v2.x changes and the preamble would be false at 3.0.0. Minor refinement: `releases/latest` also returns v2.5.0 for v3.0.0-rc.2, so the RC>1 case should use the previous RC."
REL-05,ci-release,security,high,true,false,s,high,confirmed,scripts/release-tools.sh,36,Reviewed GitHub CLI pin 2.100.0 has two advisories that weaken exactly the attestation policy the workflow relies on,"gh 2.102.0 (published 2026-09-30) fixes GHSA-wjmr-j3rp-mh2g (`gh attestation verify --signer-workflow` only prefix-matched the certificate identity) and GHSA-4mq3-hpgx-9cx8 (`--source-ref` compared case-insensitively), plus GHSA-39wj-f2f4-978v (symlink-following writes in `gh release download`/`gh attestation download`). The release workflow's trust decisions in the recovery, signing and post-release steps are built on `--signer-workflow` and `--source-ref refs/heads/main`, and it calls `gh release download` in three jobs. The preflight enforces exactly 2.100.0, so the vulnerable version is mandatory.","release-tools.sh:36 `download https://github.com/cli/cli/releases/download/v2.100.0/gh_2.100.0_linux_amd64.tar.gz e4d4bb44...`; release-preflight.py:17 `GH_VERSION = '2.100.0'`, :50 `if not re.search(rf'^gh version {re.escape(GH_VERSION)}...')`; container-release.yml:635-636 `--signer-workflow ""${GITHUB_REPOSITORY}/.github/workflows/container-release.yml"" --source-ref refs/heads/main`; cli/cli v2.102.0 release notes list GHSA-wjmr-j3rp-mh2g and GHSA-4mq3-hpgx-9cx8 for `gh attestation verify`.","As proposed, plus: fetch the official checksums file for v2.102.0 (gh_2.102.0_checksums.txt) and verify its GitHub attestation (`gh attestation verify gh_2.102.0_linux_amd64.tar.gz --repo cli/cli`) before copying the SHA-256 into release-tools.sh, since the pin is the trust root; also re-run `python3 -m unittest discover -s scripts/tests` and `scripts/release-preflight.py tools --full` because the `gh release view --json` field names or help text could have changed.","scripts/release-tools.sh:36-40 and release-preflight.py:17,50 force gh 2.100.0. The cli/cli v2.102.0 release page (fetched) lists GHSA-wjmr-j3rp-mh2g ('matched the --signer-workflow value against only the start of the signing certificate's identity'), GHSA-4mq3-hpgx-9cx8 ('compared the --source-ref value case-insensitively') and GHSA-39wj-f2f4-978v (symlink writes in gh release download / gh attestation download), plus GHSA-qcwj-mr2r-2cx7 (gh skill, not used here). The workflow's trust decisions at lines 635-636, 719-720 and 1216-1217 use exactly --signer-workflow and --source-ref, and gh release download runs at 363, 607, 1071. git ls-remote confirms v2.102.0 is the newest cli/cli tag. The advisory JSON pages were unreachable from this session, so severity ratings are unverified, but the release notes alone justify the bump."
REL-07,ci-release,reliability,high,false,false,m,high,confirmed,.github/workflows/container-release.yml,95,The protected release pipeline has never executed and cannot be rehearsed in a fork,"The Actions history for container-release.yml contains only four legacy push-triggered runs (v2.0.0-v2.5.0, ~1m50s each) from the previous workflow; the current 1231-line workflow_dispatch pipeline (validate, reusable verify, stage-image, scan, supply-chain, smoke, protected publish, post-release) has zero runs. The repository guard exits for any repository other than brumbelow/layerleak and the workflow-ref guard requires main, so a fork cannot dry-run it. The first execution will be the real v3.0.0-rc.1 and any defect (for example REL-03) surfaces only after the tag and image are public and immutable.","`gh run list --workflow=container-release.yml` -> `completed success ... Release v2.5.0 push 26170236851 1m51s 2026-05-20`, `... v2.1.1 ... 1m58s`, `... v2.1.0 ...`, `... v2.0.0 ...` (no workflow_dispatch runs); container-release.yml:95 `if [[ ""${GITHUB_REPOSITORY,,}"" != ""brumbelow/layerleak"" ]]; then echo ""Refusing to publish...""; exit 1`; docs/release-readiness-2026-09-09.md:97 'No real release handoff, workflow dispatch ... or publication occurred.'","In rehearsal mode derive the image from the running repository (`IMAGE_NAME=ghcr.io/${GITHUB_REPOSITORY,,}`), relax both the repository guard (line 95) and the workflow-ref guard (line 99) only when `inputs.rehearsal == true`, keep `publish`/`post-release` hard-skipped with `if: inputs.rehearsal != true`, and make the `release` environment the only path to publication so the rehearsal flag can never widen it. Record the rehearsal run URL in a new docs/release-readiness record.","`gh run list --workflow=container-release.yml` returns exactly four legacy `push` runs (v2.0.0-v2.5.0, 1m47s-1m58s) and no workflow_dispatch run; docs/release-readiness-2026-09-09.md:97 says no dispatch occurred. The guards at lines 95 and 99 block forks. The proposed rehearsal input is sound but incomplete: IMAGE_NAME (line 34) is hard-coded to ghcr.io/brumbelow/layerleak, so a fork rehearsal would try to push candidate tags into the maintainer's package and fail on auth; the GITHUB_WORKFLOW_REF guard at line 99 would also fail in a fork."
REL-23,ci-release,docs-drift,high,true,false,s,high,confirmed,RELEASING.md,9,"RELEASING.md and SECURITY.md describe a v1-only release process, tag ruleset, tool behavior and support matrix that will be false at 3.0.0","RELEASING states the module path is github.com/brumbelow/layerleak, that 'The workflow rejects v2 and v3 tags', that v1.1.0 'will restore the GitHub latest designation', the v1.* tag ruleset, v1.1.0-rc.1/v1.1.0 examples and go install commands, and the RC acceptance expectation about @latest (see REL-03). SECURITY.md's supported-versions table lists only v1 lines. The readiness record docs/release-readiness-2026-09-09.md is frozen on v1.1 and Go 1.25.13 (fine as history, but should be superseded by a v3 record).","RELEASING.md:9 'The module path is `github.com/brumbelow/layerleak`', :16-17 'The workflow rejects v2 and v3 tags because those majors require `/v2` or `/v3` in the module path.', :29-31 'The stable v1.1.0 release will restore the GitHub latest designation', :146 'Add a tag ruleset for `v1.*`', :222 `go install github.com/brumbelow/layerleak@v1.1.0-rc.1`, :287 `version=v1.1.0`; SECURITY.md:12-15 `| Latest stable v1 release | Security fixes |` ... `| Historical v2.0.0-v2.5.0 tags | Unsupported and not valid v2 Go modules |`.","As proposed, and include CHANGELOG.md (rename the frozen heading to [v3.0.0] and fix line 4), web/docs/openapi.yaml `version: 3.0.0`, and the README install/@latest paragraphs (lines 51-69, 438, 470-475) in the same change; validate_docs.py should gain a check that README/CHANGELOG/openapi/RELEASING agree on the version string.","RELEASING.md:9,16-17,29-30,128,234,269 and SECURITY.md:12-15 verbatim as quoted. Additionally CHANGELOG.md:4 says 'canonical github.com/brumbelow/layerleak v1 module line' with a frozen `## [v1.1.0]` heading, web/docs/openapi.yaml:4 `version: 1.1.0`, README.md:51,54,63-69,438,470-475 all describe v1.1.0; 34 files/lines reference 1.1.0 overall. All false at 3.0.0."
CFG-07,config-container-deps,migration-edit,high,true,true,s,high,confirmed,.github/workflows/verify.yml,40,/v3 module path: go install docs and verify.yml's module-identity check must change,"Moving to `module github.com/brumbelow/layerleak/v3` changes the install path. verify.yml's quality job asserts `go list -m` equals the old path and would fail on the first CI run after the change. The install/pin commands in README.md:54, :63-64 (`go install github.com/brumbelow/layerleak@latest`, `@v1.0.0`, `@v1.1.0-rc.1`), CONTRIBUTING.md:179, RELEASING.md:234/283/284 and CHANGELOG.md:129 all name the unversioned path and would be false at release time. Dockerfile (`./cmd/api` etc.), verify.yml's go-licenses `packages=(. ./cmd/api ...)`, docker-compose.yml and THIRD_PARTY_NOTICES.md are path-relative and need no change.","verify.yml:40 `test ""$(go list -m)"" = ""github.com/brumbelow/layerleak""`; README.md:54 `go install github.com/brumbelow/layerleak@latest`; README.md:63-64 `go install github.com/brumbelow/layerleak@v1.0.0` / `@v1.1.0-rc.1`; CONTRIBUTING.md:179 `go install github.com/brumbelow/layerleak@latest`; RELEASING.md:283-284 `go install github.com/brumbelow/layerleak@v1.1.0` / `@latest installs v1.1.0`","In the module-path commit also change: container-release.yml:103 regex to `^v3\.(0|[1-9][0-9]*)\.(0|[1-9][0-9]*)(-rc\.[1-9][0-9]*)?$`, :111 expected module to `github.com/brumbelow/layerleak/v3`, :1165/:1176/:1180 to `github.com/brumbelow/layerleak/v3@...`; scripts/release-preflight.py:19 VERSION regex to v3 and the error text at :111; RELEASING.md:9-16 and README.md:469-476 version-policy prose; CHANGELOG.md:4; web/docs/index.html:75/115/128-130; verify.yml:40. Keep README's note that `go install github.com/brumbelow/layerleak@latest` (no /v3) resolves to v1.0.0 forever.","verify.yml:40 `test ""$(go list -m)"" = ""github.com/brumbelow/layerleak""`, README.md:54/63-64, CONTRIBUTING.md:179, RELEASING.md:234/238/283-284 and CHANGELOG.md:129 all confirmed. But the proposed fix is incomplete: the auditor read container-release.yml yet missed that it also gates on the module path and the v1-only version regex and installs from the unversioned path: container-release.yml:103 `^v1\.(0|[1-9][0-9]*)...` ('Version must be a canonical v1 stable or RC tag'), :111 `awk '$1 == ""module"" ...' go.mod != ""github.com/brumbelow/layerleak""`, :1165 `go install ""github.com/brumbelow/layerleak@${RELEASE_VERSION}""`, :1176/:1180 `go list -m ... github.com/brumbelow/layerleak@latest`. scripts/release-preflight.py:19 `VERSION = r'v1\.(0|[1-9][0-9]*)\.(0|[1-9][0-9]*)'` and :111 'invalid canonical v1 version'. RELEASING.md:9-16 explicitly says the workflow rejects v3 tags, README.md:469-476 says releases stay on v1 and 'A future true v2 requires a deliberate module-path and API migration', CHANGELOG.md:4 says 'v1 module line', web/docs/index.html:75/115/128-130 use the unversioned path. Without these the first v3.0.0-rc.1 release run fails at validate."
CFG-22,config-container-deps,migration-edit,high,true,true,s,high,verifier-added,.github/workflows/container-release.yml,103,"Release workflow, preflight script and version-policy docs hard-code a v1-only tag regex and the unversioned module path; v3.0.0-rc.1 would be rejected at validate","The auditor read container-release.yml but only cited verify.yml:40 for the module-path move. The release control job rejects any non-v1 tag and any module path other than the unversioned one, and the post-publish job installs and resolves @latest on the unversioned path, which can never see a /v3 version. scripts/release-preflight.py duplicates the v1-only regex. RELEASING.md and README state that v3 tags are rejected and that releases stay on v1. All of these are false or fatal for a 3.0.0 release.","container-release.yml:103 `if [[ ! ""${REQUESTED_VERSION}"" =~ ^v1\.(0|[1-9][0-9]*)\.(0|[1-9][0-9]*)(-rc\.[1-9][0-9]*)?$ ]]; then echo ""Version must be a canonical v1 stable or RC tag.""`; :111 `if [[ ""$(awk '$1 == ""module"" { print $2 }' go.mod)"" != ""github.com/brumbelow/layerleak"" ]]`; :1165 `go install ""github.com/brumbelow/layerleak@${RELEASE_VERSION}""`; :1176/:1180 `go list -m -f '{{.Version}}' github.com/brumbelow/layerleak@latest`; scripts/release-preflight.py:19 `VERSION = r'v1\.(0|[1-9][0-9]*)\.(0|[1-9][0-9]*)'`, :111 `raise ValueError('invalid canonical v1 version')`; RELEASING.md:9-16 'The workflow rejects v2 and v3 tags because those majors require `/v2` or `/v3` in the module path.'; README.md:469-470 'The canonical module path is `github.com/brumbelow/layerleak`, so installable releases stay on v1.'","In the same commit that changes go.mod to `module github.com/brumbelow/layerleak/v3`: update container-release.yml:103 regex to v3, :111 expected module path to `github.com/brumbelow/layerleak/v3`, :1165/:1176/:1180 to the /v3 path; scripts/release-preflight.py:19 VERSION regex and :111 message; RELEASING.md:9-16 version policy (valid inputs `v3.<minor>.<patch>[-rc.N]`, module path /v3); README.md:469-476 version-history prose; CHANGELOG.md:4. Add a unit test in scripts/tests for release-preflight.py asserting v3.0.0-rc.1 and v3.0.0 are accepted and v1.x/v2.x rejected.",
DET-01,detectors-findings,bug,high,true,false,s,high,confirmed,internal/detectors/detectors.go,433,keyword_entropy never fires on unquoted KEY=VALUE because '=' is in the candidate charset,"entropyCandidateExpression is `[A-Za-z0-9][A-Za-z0-9+/=_-]{19,}`. Because '=' is inside the class, FindAllStringIndex (line 400) returns the entire `DB_PASSWORD=q7Y8...` line as ONE leftmost-longest candidate; its prefix is empty, hasAssignedValuePrefix fails (line 626) and no value-only candidate is ever tried. The dominant secret shapes in images are therefore invisible to the generic detector: .env files, `export KEY=VALUE` in shell scripts, Dockerfile `ENV KEY=VALUE`/`RUN export ...` history lines, Java .properties (`db.password=`), INI/my.cnf (`password=`). Only quoted (`KEY=""v""`) or spaced (`KEY = v`) variants work. Dockerfile legacy `ENV KEY value` (space form) also fails because whitespace is not an assignment marker.","Probe (scratch copy of Default()): `.env unquoted KEY=VALUE random => <none>`; `.env spaced KEY = VALUE => keyword_entropy[14:48]`; `.env quoted KEY=""VALUE"" => keyword_entropy[13:47]`; `java properties db.password= => <none>`; `my.cnf password= => <none>`; `bare password= => <none>`; `shell export unquoted => <none>` vs `shell export quoted => keyword_entropy`; `history RUN export unquoted => <none>`; `history ENV unquoted => <none>`; `Dockerfile ENV KEY value (space form) history => <none>`. Code: detectors.go:433 `entropyCandidateExpression = regexp.MustCompile(`[A-Za-z0-9][A-Za-z0-9+/=_-]{19,}`)`, :400 `candidates := entropyCandidateExpression.FindAllStringIndex(line.Value, -1)`, :626 `if !hasAssignedValuePrefix(prefix) { return false }`.","Fix as proposed (drop '=' from the repeating class of entropyCandidateExpression and of the assigned_sensitive_value value regex at detectors.go:64; allow only trailing '={0,2}'). Note that once '=' is removed, env/label inputs automatically produce value-only spans (prefix 'KEY=' satisfies hasAssignedValuePrefix), so this change alone also changes DET-03 behaviour and must ship with DET-05 (hex values) and the DET-38 priority fix below, and the env_* corpus fixtures must drop their duplicate keyword_entropy expectations.","Reproduced in a scratch copy of Default(): '.env unquoted DB_PASSWORD=<rnd>' => <none>, 'properties db.password=' => <none>, 'export API_TOKEN=' => <none>, history 'RUN export' and 'ENV KEY value' => <none>, while spaced/quoted variants fire keyword_entropy. Root cause is exactly detectors.go:433 ('=' inside the repeating class makes the whole KEY=VALUE token the leftmost-longest candidate) plus :626. Also found that labels with dotted keys (com.example.token=<rnd>, Key=com.example.token) yield <none> because the candidate 'token=<rnd>' has prefix 'com.example.' which is neither an assignment nor standalone."
DET-02,detectors-findings,bug,high,true,false,xs,high,confirmed,internal/detectors/detectors.go,637,"hasAssignedValuePrefix rejects `key: ""value""`, `""key"": ""value""`, `key = ""value""`, `key => 'value'` (whitespace not re-trimmed after quotes)","hasAssignedValuePrefix trims trailing whitespace, then trailing quotes, then checks for `:=`, `=>`, `=` or `:` suffix. When a space separates the operator from the opening quote (canonical pretty JSON, quoted YAML, TOML/HCL, Python, JS/TS object literals, Go struct literals, Ruby/PHP hashes) the string after quote-stripping ends in a space and every suffix test fails. This gate is used by keyword_entropy (hasEntropyContext lines 623/626) and by keyValueDetector (line 332), so the whole generic layer misses 9 of 14 common assignment syntaxes; combined with DET-10 it means an AWS secret key in a pretty-printed JSON config produces no finding at all.","Probe: `hasAssignedValuePrefix(""\""password\"": \"""") = false`, `hasAssignedValuePrefix(""password: \"""") = false`, `hasAssignedValuePrefix(""password = \"""") = false`, but `hasAssignedValuePrefix(""password=\"""") = true`, `hasAssignedValuePrefix(""password: "") = true`. Scan results for the same 34-char random value: json pretty => <none>; yaml quoted => <none>; yaml single => <none>; toml/hcl => <none>; python => <none>; js => <none>; go => <none>; ruby => <none>; php array => <none>; json compact / yaml plain / ini / ini spaced / xml attr => keyword_entropy. Code lines 638-639: `trimmed := strings.TrimRightFunc(prefix, unicode.IsSpace)` then `trimmed = strings.TrimRight(trimmed, ""\""'`"")`.",Trim whitespace and quote runes in one TrimRightFunc (or loop until stable) as proposed; add the 14-syntax table test.,"Probe: hasAssignedValuePrefix(""\""password\"": \"""")=false, (""password: \"""")=false, (""password = \"""")=false, (""password => '"")=false, while (""password=\"""")=true and (""password: "")=true. End to end: pretty JSON, quoted YAML, TOML and Python assignments of a 34-char random value => <none>; compact JSON and plain YAML => keyword_entropy. Cause is at detectors.go:638-639 (whitespace trimmed before quotes, never again)."
DET-03,detectors-findings,bug,high,true,true,s,high,confirmed,internal/detectors/detectors.go,623,"Env/label/config sources report the whole `KEY=VALUE` line as the secret: wrong span, key name in redacted_value, duplicate finding, fingerprint differs from the same secret in a file","For metadata sources the scanner passes `Content: ""KEY=VALUE""` with `Key: KEY` (scan.go:697-703). Because '=' is in the candidate/value classes (DET-01) the only candidate is the entire line, and hasEntropyContext accepts it via `sensitiveKey(key) && isStandaloneValue(...)` (line 623); keyValueDetector does the same at line 332. Result: (a) Match.Value/Fingerprint are computed over `DB_PASSWORD=<secret>`, so the same secret found in a .env file (value-only) gets a different fingerprint, breaking cross-source dedup, unique_fingerprints and finding history; (b) every env secret that also hits a specific rule yields two findings (`GH_TOKEN=ghp_...` -> keyword_entropy[0:49] + github_token[9:49]), inflating total_findings/unique_fingerprints; the corpus fixtures env_* encode this by expecting both detectors; (c) redacted_value becomes `DB_***...B5` and match_start is 0. Coupling: the probe shows hex32 `CLIENT_SECRET` env values are detected 100% only because the key name inflates entropy; a value-only span drops that to ~16% unless DET-05 ships too.","Probe: `env source KEY=VALUE => keyword_entropy[0:46]=""DB_PASSWORD=q7Y8zX6wV4uT2sR0pN9mL7kJ5hG3fD1cB5""`; `env source CLIENT_SECRET => assigned_sensitive_value[0:48]=""CLIENT_SECRET=q7Y8...""`; `env source GH_TOKEN corpus shape => keyword_entropy[0:49]=""GH_TOKEN=ghp_<redacted>"" | github_token[9:49]`. Fingerprints: `env : keyword_entropy value=""DB_PASSWORD=q7Y8..."" fp=6c3f6a1a6f2b redacted=""DB_*****...B5""` vs `file : keyword_entropy value=""q7Y8..."" fp=fd2038336474` (= fp of the secret alone). Corpus real_positives/env_anthropic_key_actionable.json: `""expected_detectors"": [""anthropic_api_key"", ""keyword_entropy""]`. Hex-rate probe: `hex32 env CLIENT_SECRET (assigned_sensitive_value only) -> 100.0%` vs `.env file CLIENT_SECRET=""v"" (keyword_entropy) -> 16.3%`.","Removing '=' from the candidate classes (DET-01) already yields value-only spans for 'KEY=VALUE' env/label content; additionally make keyValueDetector/contextEntropyDetector strip a leading '<Key>=' / '<Key>:' when input.Key is set so dotted label keys work, and lower priorityForKeyValueDetector(""assigned_sensitive_value"") below priorityLocal (see DET-38) or identical-span collisions after the fix will be labelled assigned_sensitive_value instead of github_token. Update env_* corpus fixtures (drop keyword_entropy duplicates), add an env-vs-file fingerprint-equality fixture, and record the fingerprint/match_start change in CHANGELOG 3.0.0.","Probe: env Key=DB_PASSWORD Content='DB_PASSWORD=<rnd>' => keyword_entropy[0:46] value=""DB_PASSWORD=q7Y8...""; Key=CLIENT_SECRET => assigned_sensitive_value[0:48](high) whole line; Key=GH_TOKEN => keyword_entropy[0:49] + github_token[9:49] (two findings, two fingerprints). Redact of the whole line yields 'DB_*****...B5' and contextSnippet becomes a bare [REDACTED]. The dotted-label case (Key=com.example.token) produces no finding at all, which is worse than the auditor stated."
DET-05,detectors-findings,bug,high,true,false,s,high,confirmed,internal/detectors/detectors.go,840,"Entropy threshold 3.75 bits rejects most hex secrets (32-hex pass rate 15%, 40-hex 34%, UUID 40%)","passesEntropy requires Shannon entropy ≥ 3.75 bits over the observed characters. A random hex string cannot exceed 4 bits and its plug-in entropy for n samples is ≈ 4 − 15/(2n·ln2), i.e. ~3.66 for 32 chars, so most genuine 32/40-hex API keys (Datadog, Twilio, Mailgun, Algolia, Facebook app secrets, Rails master.key, many OAuth client secrets) fail. The same gate is used by looksLikeAssignedSensitiveValue (structured.go:355-358) for assigned_sensitive_value, terraform_cloud_token, docker_config_identitytoken and the cloudflare/vercel key-value rules, and by looksLikeAWSSessionToken.","Monte Carlo (20k trials each): `random hex len=32 passesEntropy(>=3.75) rate = 15.3%`, `len=37 26.1%`, `len=40 33.6%`, `len=64 85.2%`, `random uuid 40.5%`, vs `random alnum len=20 96.1%`. End-to-end: `.env file CLIENT_SECRET=""<hex32>"" (keyword_entropy) -> 16.3%`, `yaml api_key: <hex32> -> 16.7%`, `hex40 .env -> 34.1%`; `DD_API_KEY hex32 in .env file => <none>`. Code: detectors.go:840 `return entropy >= 3.75`.","Alphabet-aware threshold as proposed, but (1) also relax isLowercaseSeparatorCandidate (DET-37) or UUID-shaped tokens still never pass, and (2) add a guard for hex that is a content digest (preceded by sha1:/sha256:/md5= or in lock files) to limit the false-positive increase; add deterministic random-hex fixtures.","Monte Carlo (20k each): hex32 passesEntropy 15.3%, hex40 33.6%, hex64 85.1%, uuid 40.4%, alnum20 96%. End to end: quoted hex32 CLIENT_SECRET in .env detected 14.9%; unquoted hex32 DD_API_KEY in a .env file 0.0% (no Key, kv detector silent, keyword_entropy fails entropy). Threshold at detectors.go:840 confirmed."
DET-06,detectors-findings,bug,high,true,false,xs,high,confirmed,internal/detectors/detectors.go,108,age_secret_key regex is lowercase-only; real age identities are uppercase Bech32 so the detector can never match one,"The rule is `\bAGE-SECRET-KEY-1[a-z0-9]{58}\b`. The age spec (C2SP age.md) encodes identities as Bech32 with HRP `AGE-SECRET-KEY-` and the canonical example is `AGE-SECRET-KEY-1<redacted>` (uppercase; Bech32 is all-upper or all-lower and the HRP here is upper). age-keygen output and SOPS key files (`~/.config/sops/age/keys.txt`, common in images) are therefore never detected. The unit test at detectors_test.go:244 uses a lowercase fixture that no real tool produces.","Probe: `age real uppercase key (AGE-SECRET-KEY-1<redacted>) => <none>`; `age lowercase (test fixture shape) => age_secret_key[0:74]`. Spec text fetched: identities are ""encoded as Bech32 with HRP `AGE-SECRET-KEY-`"", example uppercase. gitleaks rule: `AGE-SECRET-KEY-1[QPZRY9X8GF2TVDW0S3JN54KHCE6MUA7L]{58}`.",Use the Bech32 charset in both cases since Bech32 permits all-lower too: \bAGE-SECRET-KEY-1(?:[QPZRY9X8GF2TVDW0S3JN54KHCE6MUA7L]{58}|[qpzry9x8gf2tvdw0s3jn54khce6mua7l]{58})\b; fix detectors_test.go:244 to an uppercase fixture and add the sops keys.txt corpus case.,"C2SP age spec fetched: identities are Bech32 with HRP AGE-SECRET-KEY-, example AGE-SECRET-KEY-1<redacted> (uppercase). gitleaks rule is AGE-SECRET-KEY-1[QPZRY9X8GF2TVDW0S3JN54KHCE6MUA7L]{58}. Probe: uppercase real-shaped key => <none>; lowercase fixture shape => age_secret_key. detectors.go:108 confirmed."
DET-08,detectors-findings,security,high,true,true,s,high,confirmed,internal/findings/findings.go,320,Redact() reveals 5 characters of every value ≥7 runes (71% of a 7-char password); with the unsalted fingerprint short passwords are fully recoverable,"Redact masks fully only when len ≤ 6; otherwise it keeps 3 leading and 2 trailing runes regardless of length. netrc_password and pypirc_password accept 4-character values (detectors.go:84-85 `hasMinPrintableLength(4)`), git_credentials_password has no minimum, and basic-auth/URL passwords are commonly 8-12 chars. A 7-char password shows 5/7 characters; combined with `fingerprint = sha256(value)` (DET-09) the remaining 2 characters are a 36²-guess brute force against a published hash. redacted_value is persisted in `findings.redacted_value`, returned by the API and written to the 'always-redacted' scan record, contradicting README's redaction guarantee.","Probe: `Redact(""hunter2"") = ""hun**r2"" visible=5/7 (71%)`, `Redact(""abcdefgh"") = ""abc***gh"" (62%)`, `Redact(""Passw0rd12"") = ""Pas*****12"" (50%)`, `Redact(""abcdefghijkl"") = ""abc*******kl"" (42%)`. Code findings.go:321-325: `if len(runes) <= 6 { return strings.Repeat(""*"", len(runes)) }` / `return string(runes[:3]) + strings.Repeat(""*"", len(runes)-5) + string(runes[len(runes)-2:])`.","As proposed (full mask below 12 runes, prefix-only reveal above); additionally cap the asterisk run (e.g. fixed 8) so length is not disclosed, and update the listed tests/fixtures and CHANGELOG.","Probe: Redact(""hunter2"")=""hun**r2"", Redact(""abcdefgh"")=""abc***gh"", Redact(""Passw0rd12"")=""Pas*****12""; netrc/pypirc accept 4-char values and git_credentials_password has no minimum. The asterisk count also discloses exact length. Tests pinning the old shape found in internal/api/handler_test.go, contract_test.go, findings_test.go and web/testdata/api/*.json, web/assets/demo-data.json."
DET-14,detectors-findings,reliability,high,false,false,m,high,confirmed,internal/detectors/detectors.go,156,Scan throughput is ~0.6 MB/s: ~80 sequential full-content regex passes whose leading \b or (?i) disable Go's literal-prefix fast path,"Set.Scan runs every detector over the whole content; each regexDetector calls FindAllStringSubmatchIndex on the full input. Go's regexp only skips ahead with strings.Index when the pattern has a literal prefix; a leading `\b` (most token rules) or `(?i)` (AccountKey, aws secret, kv rules) yields `LiteralPrefix() == """"` and forces the NFA over every byte. A 1 MiB file (the MAX_FILE_BYTES default) costs ~1.7 s; 200 MB of text (a node_modules-heavy image) ≈ 6 minutes per platform, which pushes API request deadlines and scan-duration bounds into partial coverage and is a cheap DoS lever for hostile images.","4 MiB secret-free text: `scanned 4194412 bytes in 6.73s => 0.6 MB/s, matches=0`. CPU profile: `regexp.(*machine).match 88.30% cum`, `regexp.lazyFlag.match 8.76%`, `regexp/syntax.IsWordChar 4.78%`. Per pattern on the same 4 MiB: `\bglpat-[A-Za-z0-9\-_]{20,}\b 77ms literalPrefix=""""` vs `glpat-...\b 1ms literalPrefix=""glpat-""`; `\bgh[pousr]_... 77ms` vs `gh[pousr]_... 3ms`; `(?i)AccountKey=... 108ms` vs `AccountKey=... 1ms`; aws secret regex 284ms; discord_bot_token 137ms; `strings.Contains(4MB, ""glpat-"") = 1.36ms`. Per-detector top: keyword_entropy 524ms, aws_secret_access_key 277ms, discord_webhook 191ms, heroku_api_key 168ms.",As proposed (required-literal prefilter + post-match boundary check instead of leading \b). Also hoist the regexp.MustCompile in looksLikeAWSAccessKeyID (structured.go:330) to package level; it is recompiled on every call.,"Reproduced: 4 MiB secret-free text scanned in 6.57s => 0.64 MB/s with 0 matches. '\bglpat-...' 86ms vs 'glpat-...' 1ms (LiteralPrefix """" vs ""glpat-""); '(?i)AccountKey=' 102ms vs 'AccountKey=' <1ms. Top detectors: keyword_entropy 519ms, aws_secret_access_key 246ms, heroku_api_key 183ms, discord_bot_token 173ms, discord_webhook 173ms. Go's Prog.Prefix() skips only Nop/Capture, so a leading EmptyWidth (\b) or (?i) disables the strings.Index fast path."
DET-28,detectors-findings,improvement,high,false,false,s,high,confirmed,internal/detectors/detectors.go,86,"Coverage gap #1 for container images: connection URLs with embedded passwords (postgres://, mysql://, mongodb(+srv)://, redis://, amqp://, cloudinary://) are not detected at all","basic_auth_url is restricted to http/https both in the regex and in looksLikeBasicAuthURL (`parsed.Scheme != ""http"" && parsed.Scheme != ""https""`), and DATABASE_URL/REDIS_URL/MONGO_URI/AMQP_URL keys contain no secretKeywordExpression word, so DB/queue URLs — the most common secret in container ENV and .env files — produce no finding in any source type.","Probe: `postgres url in .env file => <none>`; `postgres url env source (Key DATABASE_URL) => <none>`; `mongodb+srv url env source => <none>`; `redis url env source => <none>`; `amqp url file (yaml) => <none>`; `cloudinary url => <none>`. Code detectors.go:86 `https?://...`, :573 `if parsed.Scheme != ""http"" && parsed.Scheme != ""https"" { return false }`.",As proposed; allow an empty username (redis://:pw@host) which looksLikeBasicAuthURL currently rejects.,Probe: DATABASE_URL=postgres://app:Sup3rS3cretPw9@db.internal:5432/app => <none> as env (Key=DATABASE_URL) and as .env file; REDIS_URL=redis://:pw@... => <none>. detectors.go:86 scheme literal and :573 scheme check confirmed; no keyword in DATABASE_URL.
DET-29,detectors-findings,improvement,high,false,false,m,high,confirmed,internal/detectors/detectors.go,62,"Coverage gap: registry and package-manager credentials (Docker Hub dckr_pat_, .dockerconfigjson/Secret base64, Artifactory, RubyGems, NuGet, crates.io, Maven settings.xml, .pgpass, .my.cnf, gradle/bundle/composer files)","Only docker `auth`/`identitytoken`, .npmrc, .pypirc, pip index URLs (via basic_auth_url) and .netrc are covered. Missing: Docker Hub PATs `dckr_pat_[A-Za-z0-9_-]{27}` and org tokens `dckr_oat_[A-Za-z0-9_-]{32}`; Kubernetes `.dockerconfigjson` and Secret `data:` values (base64 JSON `eyJhdXRocyI6`) — the auth blob inside is invisible; docker `registrytoken`; JFrog/Artifactory reference tokens (base64 `cmVmdGtuOjAx` prefix) and identity tokens; RubyGems `rubygems_[0-9a-f]{48}`; NuGet `oy2[a-z0-9]{43}`; crates.io `cio[A-Za-z0-9]{32}`; `~/.m2/settings.xml <password>`; `.pgpass` (`host:port:db:user:password`); `.my.cnf`/`.mylogin.cnf` (`password=` unquoted — also DET-01); `gradle.properties`; `.bundle/config` `BUNDLE_*: user:pass`; `.gem/credentials`; `.cargo/credentials(.toml)`; `.composer/auth.json` http-basic; Helm/oras registry configs (covered by the path-less docker_auth_blob).","Probe: `docker hub pat (dckr_pat_...) => <none>`; `kube .dockerconfigjson secret => <none>`; `docker registrytoken => keyword_entropy only`; `artifactory reference token => <none>`; `rubygems key => <none>`; `nuget key => <none>`; `crates.io token => <none>`; `maven settings.xml <password> => <none>`; `pgpass => <none>`; `my.cnf password= => <none>`. Positive controls: `.dockercfg legacy path => docker_auth_blob`, `podman auth.json path => docker_auth_blob`.","As proposed, plus a npmrc_password rule for '(?im)^\s*//[^\s=]+:_password\s*=\s*([A-Za-z0-9+/=]{8,})' validated by base64 decode.","Probe: dckr_pat_... => <none>; no rule in Default() references dckr_, rubygems_, oy2, cio, cmVmdGtu, .pgpass, .my.cnf or settings.xml. Also found .npmrc '//host/:_password=<base64>' => <none> (only _auth/_authToken are covered)."
DOC-03,docs-web,migration-edit,high,true,false,xs,high,confirmed,CHANGELOG.md,8,CHANGELOG heading/compare links and openapi.yaml info.version are frozen at 1.1.0; Unreleased link targets a tag that will never exist,"CHANGELOG.md:8 is `## [v1.1.0]` with no date, CHANGELOG.md:132-133 link `compare/v1.1.0...HEAD` and `compare/v1.0.0...v1.1.0` (both 404 today and forever, since v1.1.0 will not be tagged). web/docs/openapi.yaml:4 `version: 1.1.0`. RELEASING.md:187-191 instructs to 'Freeze the changes under the final v1.1.0 changelog heading and use 1.1.0 as the OpenAPI version before RC'. The v1.1.0 body (CHANGELOG.md:10-94) describes unreleased work that will ship as 3.0.0, and the Compatibility section (83-94) does not mention the module-path move at all.",CHANGELOG.md:8: '## [v1.1.0]'; CHANGELOG.md:132: '[Unreleased]: https://github.com/Brumbelow/layerleak/compare/v1.1.0...HEAD'; web/docs/openapi.yaml:4: '  version: 1.1.0',"Rename the heading to `## [v3.0.0] - <stable date>` (RC freeze keeps the stable date placeholder per existing RELEASING policy or uses the RC date), keep the accumulated body, and add at the top of its Compatibility section: 'Module path is now `github.com/brumbelow/layerleak/v3`; reinstall with the new path. HTTP API paths (`/api/v1/...`), `result_schema_version` (1), `record_schema_version` (1), exit codes and the findings-array file format are unchanged.' (see DOC-13 for deciding this). Set link refs to `[Unreleased]: .../compare/v3.0.0...HEAD` and `[v3.0.0]: .../compare/v2.5.0...v3.0.0` (v2.5.0 is the last shipped source, so that diff is the real one; note the module lineage in prose). Set openapi.yaml `info.version: 3.0.0`. Update RELEASING.md:187-191 wording to '3.0.0'. Add a `validate_docs.py` assertion that openapi info.version equals the newest CHANGELOG heading without the leading v so they cannot drift again.","CHANGELOG.md:8 `## [v1.1.0]` (no date), :132-133 compare links reference the never-to-exist v1.1.0 tag; web/docs/openapi.yaml:4 `version: 1.1.0`; RELEASING.md:187-191 instructs freezing on 1.1.0. The proposed `[v3.0.0]: compare/v2.5.0...v3.0.0` link is valid: GitHub compare v2.5.0...main reports status 'ahead', ahead_by 89, behind_by 0, so v2.5.0 is an ancestor of main (local clone has no tags, so this was checked via the API). validate_docs.py currently never reads info.version (only validates OpenAPI structure, fixtures, links, demo), so the proposed drift assertion is new and correct."
DOC-04,docs-web,migration-edit,high,true,false,s,high,confirmed,RELEASING.md,9,"RELEASING.md procedure is v1-only: version policy, tag ruleset, RC/promotion sections, handoff and verification examples all say v1.1.0","RELEASING.md:9-17 defines valid inputs as `v1.<minor>.<patch>[-rc.N]` and states the workflow rejects v3; :27-30 says release notes come from v1.0.0; :87 `version=v1.1.0-rc.1` handoff example; :128 one-time setting 'Add a tag ruleset for `v1.*`' (a v3 tag would be unprotected); :182 '## Prepare v1.1.0-rc.1', :215-218 workflow inputs; :234-239 RC acceptance commands; :261 'requires v1.1.0-rc.2'; :263-289 '## Promote v1.1.0' and post-publication checks; :312 `version=v1.1.0`. These mirror hard checks in scripts/release-preflight.py:19 (`VERSION = r'v1\.(0|[1-9][0-9]*)\.(0|[1-9][0-9]*)'`) and container-release.yml:103-106 (`^v1\.(0|...)` regex, 'Version must be a canonical v1 stable or RC tag') and :111 (module must equal `github.com/brumbelow/layerleak`), so the doc and the mechanics must change together (CI area owns the code side).","RELEASING.md:11-14: 'v1.<minor>.<patch>-rc.<positive integer>\nv1.<minor>.<patch>'; RELEASING.md:128: 'Add a tag ruleset for `v1.*` that blocks updates, deletion, and non-fast-forward changes'; scripts/release-preflight.py:19: VERSION = r'v1\.(0|[1-9][0-9]*)\.(0|[1-9][0-9]*)'","As proposed, plus cross-reference two more code-side items the CI area must change in the same PR or the documented procedure cannot be executed: container-release.yml:9 (workflow_dispatch input description) and scripts/tests/test_release_preflight.py (fixtures at lines 138-243 are all `v1.1.0-rc.1`/`v1.1.0`/`v1.2.0` and will need v3 equivalents once VERSION changes). Also RELEASING.md:177-178 'Stable publication points `v1.x.y` and `latest`' and :150 'canonical v1 semver' in the enforcement list.","RELEASING.md:9-17, :27-30, :87, :128, :182, :215-218, :234-239, :261, :263-289, :312 verified verbatim. Hard checks mirror it: scripts/release-preflight.py:19 `VERSION = r'v1\.(0|[1-9][0-9]*)\.(0|[1-9][0-9]*)'`, container-release.yml:103-106 regex and :111 module-identity check `!= ""github.com/brumbelow/layerleak""`."
DOC-18,docs-web,improvement,high,false,false,m,high,confirmed,README.md,467,No upgrade/migration guide for v1.0.0 root-module users or v2.x container/DB installs moving to 3.0.0,"A major release with a changed import path, a schema-0004 requirement, a bare-repository semantics change (`--all-tags`), detector-identifier changes and a mandatory Compose password has no UPGRADING.md. Relevant facts are scattered: CHANGELOG.md:83-94 (Compatibility bullets), README.md:283-286 (legacy 0001-0003 adoption, refuses partial legacy schema), README.md:300-302 (raw-secret purge ordering), SECURITY.md:86-91, RELEASING.md (nothing for users). v2.x users have live PostgreSQL databases at legacy schema 0003 with possibly raw `findings.value` populated (the API warns about this at internal/api/run.go:47-58) and Compose files without LAYERLEAK_DB_PASSWORD; v1.0.0 users have `go install` paths that silently keep resolving to v1.0.0.",CHANGELOG.md:85-91: 'Automation that relied on a bare repository scanning every tag must add `--all-tags`... Deployments must apply migration 0004 before `/readyz` returns success. Compose deployments must set `LAYERLEAK_DB_PASSWORD`.' (no equivalent for the module path); internal/api/run.go:53-55: 'database still contains raw secret material from an earlier opt-in; run layerleak-purge-raw-secrets --confirm to remove it',"Add UPGRADING.md (linked from README, CHANGELOG 3.0.0 heading and the docs site) with three tracks: (1) 'From v1.0.0 CLI': uninstall/replace `go install github.com/brumbelow/layerleak@...` with `/v3@v3.0.0`, binary name unchanged, `--version` now prints v3.0.0, `layerleak scan <repo>` now scans only `latest` (add `--all-tags`), detector names may differ so fingerprints/suppression lists must be re-baselined, new `findings/scans/` companion file. (2) 'From v2.x container + PostgreSQL': back up DB; stop API; run `layerleak-migrate-up` (adopts complete 0001-0003, refuses partial), expect the API to refuse startup until 0004; set LAYERLEAK_DB_PASSWORD; note new defaults (bounded limits now enabled, `LAYERLEAK_API_ADDR` image default), read-only root FS/cap-drop expectations; if raw secrets were ever enabled, decide purge before enabling API. (3) 'API clients': paths unchanged, new 422/429/503 semantics and `X-Request-ID`. Include a rollback note (0004 down migration exists; tags are immutable so downgrade means redeploying v2.5.0 image against a 0003 schema only if 0004 is reverted).","Repository root listing has no UPGRADING.md; CHANGELOG.md:83-94 Compatibility bullets cover --all-tags, detector identifiers, migration 0004 and LAYERLEAK_DB_PASSWORD but nothing about the module path; internal/api/run.go:47-58 warns about residual raw secrets, confirming the v2.x DB-migration track is real."
CLI-01,jobs-scanservice-cli,bug,high,true,false,s,high,confirmed,internal/cli/results.go,55,CLI chmods any pre-existing LAYERLEAK_FINDINGS_DIR (and symlink targets) to 0700,"publishResultJSON unconditionally runs os.Chmod(dir, 0o700) on the findings directory and on <dir>/scans after MkdirAll, regardless of whether the CLI created the directory. If a user points LAYERLEAK_FINDINGS_DIR at an existing shared directory (a team share, $HOME, a CI workspace) every scan silently strips group/other permissions from it. os.Chmod follows symlinks, so a symlinked findings dir changes the permissions of the link target. The behaviour is codified by assertPrivateArtifacts(t, dir, ...) in results_test.go:280 which asserts the caller-supplied dir ends up 0700.","results.go:52-57:
	if err := os.MkdirAll(dir, 0o700); err != nil { ... }
	if err := os.Chmod(dir, 0o700); err != nil {
		return """", fmt.Errorf(""secure result directory: %w"", err)
	}
Probe run in scratch copy: ""PROBE1 pre-existing dir perms before=755 after=700"" and ""PROBE2 symlink target perms after=700"".","Fix as proposed, but apply it in publishResultJSON so both the findings dir and the scans/ subdir get the same treatment (os.Lstat first: refuse or resolve symlinks, Mkdir 0700 only when absent, never Chmod a pre-existing directory; optionally warn when an existing dir is group/world-accessible). Update results_test.go:280 so assertPrivateArtifacts only asserts on files and on directories the test did not pre-create, and add a test that a pre-existing 0755 dir keeps its mode. Document the policy under README 'Results and secret handling'.","results.go:52-57 runs os.MkdirAll then an unconditional os.Chmod(dir, 0o700) for both the findings dir and <dir>/scans (publishResultArtifacts results.go:303-304). Reproduced in a scratch copy: a pre-existing 0755 directory became 0700 and a symlinked findings dir changed the link TARGET to 0700 (PROBE_CLI01 shared before=755 after=700 symlink_target_after=700). results_test.go:280 assertPrivateArtifacts(t, dir, scans, ...) codifies the side effect. README never documents it (grep for 0700/chmod/permission finds nothing). Destructive to user-owned shared directories, so release-blocking stands."
CLI-02,jobs-scanservice-cli,migration-edit,high,true,true,s,high,confirmed,main.go,6,Import paths in main.go and cmd/scanner/main.go must move to github.com/brumbelow/layerleak/v3,"Both entrypoints import github.com/brumbelow/layerleak/internal/cli. When go.mod becomes module github.com/brumbelow/layerleak/v3 these (and every internal import in internal/jobs, internal/scanservice, internal/cli) must become .../v3/internal/.... cli.Version is never set by any build (Dockerfile uses only -ldflags=""-s -w"", no -X), so version resolution relies on debug.ReadBuildInfo().Main.Version, which under a /v3 module correctly yields v3.0.0-rc.1 / v3.0.0 for go install ...layerleak/v3@<tag>; go install strips the /v3 element so the binary is still named layerleak. README install lines (README.md:54,63-64) must become go install github.com/brumbelow/layerleak/v3@latest.","main.go:6 and cmd/scanner/main.go:6: ""github.com/brumbelow/layerleak/internal/cli""; go.mod:1 module github.com/brumbelow/layerleak; Dockerfile:20-23 -ldflags=""-s -w"" (no -X ...cli.Version); README.md:54 go install github.com/brumbelow/layerleak@latest. Local build reports: layerleak version v0.0.0-20260909174625-c2ddd4583b2f+dirty (VCS-derived; +dirty caused by untracked scripts/__pycache__).","In addition to the module edit and import rewrite, update the CI identity gates that hardcode the v1 path or the release fails: .github/workflows/verify.yml:40 `test ""$(go list -m)"" = ""github.com/brumbelow/layerleak""`, .github/workflows/container-release.yml:111 (awk module check) and :1176/:1180 (`go list -m ... github.com/brumbelow/layerleak@latest`) must become the /v3 path (see CLI-27). Also update RELEASING.md:87,215,234,269,283-285 and CHANGELOG.md:4 ('v1 module line'). If -X is ever wired, the symbol becomes github.com/brumbelow/layerleak/v3/internal/cli.Version.","main.go:6 and cmd/scanner/main.go:6 both import github.com/brumbelow/layerleak/internal/cli; go.mod:1 is module github.com/brumbelow/layerleak; no -X cli.Version wiring exists anywhere (grep for cli.Version / -X / ldflags hits only Dockerfile -ldflags=""-s -w"" for cmd/api, cmd/migrate, cmd/purge, cmd/healthcheck). Built binary from the checkout reports 'layerleak version v0.0.0-20260909174625-c2ddd4583b2f+dirty' as claimed. README.md:54,63-64 still say go install github.com/brumbelow/layerleak@... (and @v1.1.0-rc.1 was never published)."
CLI-27,jobs-scanservice-cli,migration-edit,high,true,true,xs,high,verifier-added,.github/workflows/verify.yml,40,CI and release workflows hardcode the v1 module path and will fail or check the wrong module after the /v3 move,"verify.yml's 'Verify module identity' step asserts `go list -m` equals github.com/brumbelow/layerleak, so the first PR that changes go.mod to /v3 fails CI until the gate is updated. container-release.yml:111 performs the same awk check on go.mod, and :1176/:1180 query `go list -m ... github.com/brumbelow/layerleak@latest` to validate the published 'latest' module, which after the move would keep reporting the v1 line (v1.0.0) instead of v3.0.0. None of these are mentioned in CLI-02.","verify.yml:40: test ""$(go list -m)"" = ""github.com/brumbelow/layerleak""; container-release.yml:111: if [[ ""$(awk '$1 == ""module"" { print $2 }' go.mod)"" != ""github.com/brumbelow/layerleak"" ]]; container-release.yml:1176,1180: go list -m -f '{{.Version}}' github.com/brumbelow/layerleak@latest. grep counts 9 un-suffixed module-path references across .github/workflows and scripts.","In the same change as the go.mod edit, update verify.yml:40 and container-release.yml:111 to github.com/brumbelow/layerleak/v3, change the latest-module probes at :1176/:1180 to github.com/brumbelow/layerleak/v3@latest, and grep .github/workflows and scripts for the remaining references (RELEASING.md go install lines included). Add a release-preflight assertion that the module path's major suffix matches the tag's major version.",
LAY-01,layers-scanner,bug,high,true,false,m,high,confirmed,internal/scanner/scan.go,287,Foreign/Windows layers in a multi-arch index are classified as an integrity failure that aborts the scan and cannot be accepted by --allow-partial,"SelectDescriptors keeps every non-attestation platform manifest, including windows/* entries. Their layers use application/vnd.docker.image.rootfs.foreign.diff.tar.gzip (or OCI nondistributable types), which manifest.IsLayerMediaType rejects, so ValidateImageManifest returns an IntegrityError (descriptor_media_type_mismatch). Scan treats IsIntegrityError as fatal: it finalizes and returns the error, skipping every platform after the Windows one, and cli.canAcceptPartial refuses integrity errors even with --allow-partial. Result: `layerleak scan golang:1.22` (all platforms) exits 1 with a message implying registry tampering, and the Replay foreign-layer branch (state.go:131-136) is unreachable dead code. Foreign layers are legitimately unscannable, but they are an unsupported-platform condition, not an integrity violation.","Probe (scratchpad copy, index = linux/amd64 + windows/amd64 whose layer[0] is foreign.diff.tar.gzip): `err=validate image manifest sha256:427f...: descriptor_media_type_mismatch for ""layer[0]"": expected ""supported OCI media type"", got ""application/vnd.docker.image.rootfs.foreign.diff.tar.gzip""`; `status=partial completed=1 failed=1`. scan.go:287: `if limits.IsExceeded(err) || manifest.IsIntegrityError(err) || isCancellationError(err) || ctx.Err() != nil { finalizeResult(...); return result, err }`. integrity.go:136-140 validates each layer with IsLayerMediaType; document.go:355-362 excludes foreign types. cli/scan.go:321: `... || manifest.IsIntegrityError(err) { return false }`.","Proposed fix is sound. Two additions: (1) a Windows image referenced directly (single manifest root, e.g. mcr.microsoft.com/windows/nanoserver) fails earlier at verifyRootDocument -> ValidateDocument (scan.go:1014, integrity.go:118), so the media-type acceptance must apply to root validation too and Replay's foreign branch (state.go:131) should return a typed UnsupportedLayerError that scan.go:287 does not treat as fatal; (2) whichever policy is chosen (skip non-linux platforms by default vs. report as unsupported/partial), make canAcceptPartial (cli/scan.go:321) and mustPreserveScanError (jobs/scan.go:717) consistent with it.","Reproduced in a scratchpad copy with an index of linux/amd64 + windows/amd64(foreign layer) + linux/arm64: Scan returned `validate image manifest ...: descriptor_media_type_mismatch for ""layer[0]"" ... foreign.diff.tar.gzip`, manifest.IsIntegrityError(err)=true, ManifestCount=3 but PlatformResults=2 (the trailing linux/arm64 platform was never scanned). Code path is unambiguous: document.go:291-299 IsScannableManifestDescriptor keeps windows manifests; integrity.go:136-140 validates every layer with IsLayerMediaType, which document.go:355-362 restricts to non-foreign types; scan.go:287 aborts on IsIntegrityError; cli/scan.go:321 refuses integrity errors under --allow-partial; jobs/scan.go:717 mustPreserveScanError also propagates it. state.go:131-133 foreign branch is unreachable because validation runs first in resolveImageManifest (scan.go:486/506). Release-blocking stands."
MIG-07,migration-inventory,ci,high,true,false,s,high,confirmed,.github/workflows/container-release.yml,1040,Release-notes baseline previous_tag_name=v1.0.0 and hard-coded v1.x preamble are wrong for v3,(c) Generated notes are anchored at v1.0.0 and prefixed with prose that says module releases continue on v1.x. For v3.0.0-rc.1 that produces notes covering everything since April (including all v2.x GitHub releases) under a false statement. The last GitHub release users could consume is v2.5.0; RCs are prereleases; v3.0.0 stable should compare against the previous stable GitHub release (v2.5.0) and v3.0.0-rc.2 against rc.1.,"line 1040 `-f previous_tag_name=v1.0.0 \`; line 1043 `echo ""Canonical Go module releases continue on v1.x.""`; line 1045 `... This release contains and supersedes those changes; the v1 version is not a source downgrade.` docs/plans/2026-09-09-release-readiness.md:225-227 already flags: ""Derive future release-note baselines from the previous canonical stable release ... should not persist into every later patch release.""","Add an optional workflow_dispatch input `notes_baseline` (validated in validate: `^v[0-9]+\.(0|[1-9][0-9]*)\.(0|[1-9][0-9]*)(-rc\.[1-9][0-9]*)?$` and `git show-ref --verify refs/tags/$notes_baseline`), exported as a validate output. When empty, derive it: for a stable release `gh api repos/${GITHUB_REPOSITORY}/releases/latest --jq .tag_name` (= v2.5.0 for v3.0.0); for an RC `gh api ""repos/${GITHUB_REPOSITORY}/releases?per_page=100"" --jq '[.[] | select(.draft==false and .tag_name != ""'""${RELEASE_VERSION}""'"")] | sort_by(.published_at) | last | .tag_name'` (= v2.5.0 for rc.1, rc.1 for rc.2). Then `-f previous_tag_name=""${notes_baseline}""`. Replace the preamble with: ""Layerleak 3.x is the canonical Go module line at github.com/brumbelow/layerleak/v3 (`go install github.com/brumbelow/layerleak/v3@<version>`). The root import path stays at v1.0.0; historical v2.0.0-v2.5.0 GitHub/container releases were published without a /v2 module path and are not installable Go modules. v3.0.0 contains and supersedes both."" For rc.1/v3.0.0 use v2.5.0 as baseline and mention the v1.0.0...v3.0.0 compare link for module users.","Line 1040 `-f previous_tag_name=v1.0.0` and the 1043/1045 preamble are v1-specific. Live checks: `gh api repos/brumbelow/layerleak/releases/latest` -> v2.5.0 (published 2026-05-20, not prerelease); `compare/v2.5.0...main` -> status ahead, 89 ahead, 0 behind, so v2.5.0 is a valid generate-notes baseline on main's history. The proposed derivation (releases/latest for stable, newest published non-current release for RC) yields v2.5.0 for rc.1/v3.0.0 and rc.1 for rc.2 given the release list returned by the API."
MIG-11,migration-inventory,migration-edit,high,true,false,xs,high,confirmed,web/docs/openapi.yaml,4,OpenAPI info.version frozen at 1.1.0 must become 3.0.0,"RELEASING.md step 3 ties info.version to the release number and forbids RC suffixes; it is published on Pages and validated by scripts/validate_docs.py (which only checks the `openapi: 3.1.0` field, so a stale value is not caught).",web/docs/openapi.yaml:4 `  version: 1.1.0`; RELEASING.md:189-190 `use \`1.1.0\` as the OpenAPI version before RC. Do not embed an RC number`.,Set `version: 3.0.0`. Optionally extend validate_docs.py to assert `info.version` equals the top CHANGELOG release heading (without the `v`) so the two cannot drift again.,"web/docs/openapi.yaml:4 `version: 1.1.0`; scripts/validate_docs.py:325-326 only pins `openapi: 3.1.0`, and neither scripts/test_validate_docs.py nor internal/api/contract_test.go reference info.version, so a stale value is not caught by any gate."
MIG-12,migration-inventory,migration-edit,high,true,false,s,high,confirmed,CHANGELOG.md,8,CHANGELOG must be restructured from [v1.1.0] to [v3.0.0] with new compare links and historical note,"(g) The frozen v1.1.0 section, intro sentence, historical note and link references all describe a v1 line that will never ship. Proposed outline: header sentence; [Unreleased]; [v3.0.0] with a leading `### Module path and major version` subsection (module path is now github.com/brumbelow/layerleak/v3; install command; root path frozen at v1.0.0; v2.x tags are not Go modules; any other 3.0-permitted breaking changes from other areas), then the existing Added/Changed/Security/Compatibility content carried over verbatim (with `v1.1.0` mentions replaced); historical [v2.5.0]..[v2.0.0] and [v1.0.0] unchanged; rewritten Historical version note; new link refs.",CHANGELOG.md:3-4 `Layerleak follows semantic versioning on the canonical \`github.com/brumbelow/layerleak\` v1 module line.`; :8 `## [v1.1.0]`; :129-130 `... \`go install github.com/brumbelow/layerleak@latest\`. They remain visible for provenance; v1.1.0 contains and supersedes their work.`; :132 `[Unreleased]: .../compare/v1.1.0...HEAD`; :133 `[v1.1.0]: .../compare/v1.0.0...v1.1.0`.,"Line 3-4 -> `Layerleak follows semantic versioning on the canonical \`github.com/brumbelow/layerleak/v3\` module line.` Line 8 -> `## [v3.0.0]` (add ` - YYYY-MM-DD` at stable time only if the maintainer accepts editing the file between RC and stable; otherwise omit the date since stable must reuse the RC commit). Historical note -> ""Go requires a /vN module-path suffix for major versions v2 and newer. The v2.0.0-v2.5.0 tags were created while go.mod still used the root path, so they are not installable Go modules and Go excludes them from the root path's @latest (which remains v1.0.0). Layerleak resumed canonical module releases at v3.0.0 on github.com/brumbelow/layerleak/v3; no v1.1.0 was ever published. v3.0.0 contains and supersedes the v2.x work."" Links: `[Unreleased]: https://github.com/Brumbelow/layerleak/compare/v3.0.0...HEAD`, `[v3.0.0]: https://github.com/Brumbelow/layerleak/compare/v2.5.0...v3.0.0` (mention `compare/v1.0.0...v3.0.0` in the note for module users). Remove the `[v1.1.0]` reference.","CHANGELOG.md:3-4, :8, :129-130, :132-133 verified; `grep '1\.1'` shows no other v1.1 prose in the file. The stable-must-reuse-RC-commit constraint is enforced by validate_candidate (`source != candidate_source` -> error), so the date caveat is correct."
MIG-13,migration-inventory,docs-drift,high,true,false,s,high,confirmed,README.md,22,README install/version-history sections describe the v1.1 line and root-path @latest,"At v3.0.0 release time the README would tell users to `go install github.com/brumbelow/layerleak@latest` (installs v1.0.0 forever), pin `@v1.1.0-rc.1` (never exists) and read a 'Version history' saying releases stay on v1.","README.md:22-27 `This development tree documents the planned v1.1 line. The currently published canonical stable release is v1.0.0. ...`; :54 `go install github.com/brumbelow/layerleak@latest`; :63-64 `go install github.com/brumbelow/layerleak@v1.0.0` / `@v1.1.0-rc.1`; :67-69 `Today, \`@latest\` selects the published v1.0.0 stable release ... after v1.1.0-rc.1 is published`; :438 `version=v1.1.0-rc.1`; :469-477 `The canonical module path is \`github.com/brumbelow/layerleak\`, so installable releases stay on v1. The v1.1.0 line ... A future true v2 requires a deliberate module-path and API migration.`","As proposed, but word the checkout-build sentence as: 'checkout builds report a Go VCS pseudo-version (for example v0.0.0-<date>-<sha> or, once a v3 tag is an ancestor, v3.0.1-0.<date>-<sha>, with +dirty for uncommitted or untracked files); non-VCS builds report dev'.","README.md:22-27, :54, :63-64, :67-69, :438, :469-477 verified. One correction to the proposed `--version` sentence: a checkout build does not print `v3.0.0-<timestamp>-<sha>`; until a v3.x tag is an ancestor Go stamps `v0.0.0-<date>-<sha>` (observed today: `layerleak version v0.0.0-20260909174625-c2ddd4583b2f+dirty`, where `+dirty` was caused by the untracked __pycache__ directories), and after v3.0.0 exists it stamps `v3.0.1-0.<date>-<sha>`."
MIG-14,migration-inventory,docs-drift,high,true,false,s,high,confirmed,RELEASING.md,9,"RELEASING.md version policy, procedures and examples are all v1.1.0-specific","RELEASING.md is the operator runbook the protected workflow mirrors; every command and expected outcome must say v3. Notably line 16-17 states the workflow rejects v3 tags, which will be inverted, and the RC-acceptance expectation about @latest is false for the first /v3 RC (see MIG-08).",RELEASING.md:9 `The module path is \`github.com/brumbelow/layerleak\`.`; :12-13 `v1.<minor>.<patch>-rc.<positive integer>` / `v1.<minor>.<patch>`; :16-17 `The workflow rejects v2 and v3 tags because those majors require \`/v2\` or \`/v3\` in the module path.`; :27-30 `... Generate new release notes from v1.0.0 ... The stable v1.1.0 release will restore the GitHub latest designation`; :87 `version=v1.1.0-rc.1`; :180 `Stable publication points \`v1.x.y\` and \`latest\``; :182 `## Prepare v1.1.0-rc.1`; :189 `Freeze the changes under the final \`v1.1.0\` changelog heading and use \`1.1.0\``; :215 `version: v1.1.0-rc.1`; :234 `go install github.com/brumbelow/layerleak@v1.1.0-rc.1`; :238 `go list -m github.com/brumbelow/layerleak@latest`; :239 `...layerleak:v1.1.0-rc.1`; :244 `while \`@latest\` remains the previous stable`; :261 `requires \`v1.1.0-rc.2\``; :263 `## Promote v1.1.0`; :269-272 `version: v1.1.0 ... candidate_version: v1.1.0-rc.1`; :283-287 `go install github.com/brumbelow/layerleak@v1.1.0 ... @latest installs v1.1.0 ... GitHub marks v1.1.0 as latest`; :312 `version=v1.1.0`.,"Version policy: `The module path is github.com/brumbelow/layerleak/v3. Valid release inputs are v3.<minor>.<patch>-rc.<positive integer> and v3.<minor>.<patch>. The workflow rejects v1 and v2 tags: v1 belongs to the frozen root-path module and v2 was never a valid module major.` Replace lines 27-30 with: `Historical v2.0.0-v2.5.0 GitHub/container releases are preserved but are not Go module releases. v1.0.0 remains the only version of the root import path. Release notes for v3.0.0-rc.1 and v3.0.0 use v2.5.0 as the baseline; later versions use the previous published release.` Rename sections to `Prepare v3.0.0-rc.1` / `Promote v3.0.0`, replace every v1.1.0[-rc.N] literal with v3.0.0[-rc.N], every `github.com/brumbelow/layerleak@` with `github.com/brumbelow/layerleak/v3@`, `use 3.0.0 as the OpenAPI version`, `Stable publication points v3.x.y and latest`. RC acceptance bullet 1 -> `exact RC installation succeeds; because no v3 stable exists yet, github.com/brumbelow/layerleak/v3@latest resolves to the RC, while github.com/brumbelow/layerleak@latest stays v1.0.0`. Stable checklist -> `go install github.com/brumbelow/layerleak/v3@latest installs v3.0.0`.","All quoted lines verified. The evidence list misses RELEASING.md:153 (`canonical v1 semver, module identity, ...` in 'What the workflow enforces') and does not explicitly cite :285 (`GHCR v1.1.0 and latest`) and :287; see MIG-26."
MIG-17,migration-inventory,docs-drift,high,true,false,xs,high,confirmed,web/docs/index.html,47,Pages docs (web/docs/index.html) advertise the v1.1 line and root-path install,"The published site is verified by the stable checklist (""Pages serves the matching docs"") and is the first thing a new user reads; it would instruct the root-path install that pins v1.0.0 forever.","web/docs/index.html:47-49 `This development copy documents the planned v1.1 line. The currently published canonical stable CLI is v1.0.0. The v1.1 changelog and OpenAPI version remain frozen ...`; :75 `<strong>github.com/brumbelow/layerleak@latest</strong>`; :115 `<pre><code>go install github.com/brumbelow/layerleak@latest`; :126-131 `replace <code>@latest</code> with the <code>v1.x.y</code> tag ... The module path is <code>github.com/brumbelow/layerleak</code>, so <code>@latest</code> resolves to the highest published <code>v1.x.y</code> tag, currently <code>v1.0.0</code>. A planned command such as <code>go install github.com/brumbelow/layerleak@v1.1.0-rc.1</code>`.","Lines 47-49 -> ""This copy documents the 3.0.0 line on the github.com/brumbelow/layerleak/v3 module path. The changelog and OpenAPI version are frozen at 3.0.0 so an accepted release candidate is promoted from the same commit."" Line 75 -> `github.com/brumbelow/layerleak/v3@latest`; line 115 -> `go install github.com/brumbelow/layerleak/v3@latest`; lines 126-131 -> `replace @latest with the v3.x.y tag you want. The module path is github.com/brumbelow/layerleak/v3; the old root path github.com/brumbelow/layerleak stays at v1.0.0, so always include /v3. For example go install github.com/brumbelow/layerleak/v3@v3.0.0-rc.1 becomes available only after that tag is published.` Leave the GitHub URLs (lines 28, 121) and web/index.html untouched; the repository URL does not change. Re-run `python scripts/validate_docs.py` afterwards.","web/docs/index.html:47-49, :75, :115, :126-131 verified; lines 28 and 121 are repository URLs and web/index.html contains only repository URLs (lines 11, 12, 14, 55)."
MIG-18,migration-inventory,ci,high,true,false,xs,high,confirmed,RELEASING.md,128,Tag ruleset covers only v1.*; v3.* tags must be protected before the first RC,"The one-time repository settings instruct a `v1.*` ruleset. Without a `v3.*` ruleset the workflow-created v3.0.0-rc.1 / v3.0.0 tags can be moved or deleted, violating 'Never move or reuse a version tag' and undermining the immutable-release story. This is a repository setting plus a documentation edit.","RELEASING.md:128-129 `5. Add a tag ruleset for \`v1.*\` that blocks updates, deletion, and non-fast-forward changes with no bypass.`","Before dispatching v3.0.0-rc.1: add (or extend) the tag ruleset to include `v3.*` with update/deletion/non-fast-forward blocked and no bypass, keep `v1.*`, and add `v2.*` so the historical tags are frozen too. Update RELEASING.md step 5 to `Add a tag ruleset covering v1.*, v2.* and v3.* ...` and add a checklist line in 'Prepare v3.0.0-rc.1': `Confirm the v3.* tag ruleset exists (Settings -> Rules -> Rulesets)`.","Verified live: `gh api repos/brumbelow/layerleak/rulesets/20827054` -> name 'Protect v1 release tags', target tag, conditions.ref_name.include [""refs/tags/v1.*""], rules [update, deletion, non_fast_forward], bypass_actors []. No ruleset matches refs/tags/v3.* or v2.*. Note that GitHub immutable releases (RELEASING.md:120 step 1) also lock a tag once its release is published, so the ruleset's unique coverage is the window between tag push and `gh release create` and any tag whose release creation failed; it remains required because RELEASING.md documents it as a control."
PRD-04,product-ideation,breaking-change-opportunity,high,true,true,m,high,confirmed,internal/jobs/scan.go,123,"Bump result_schema_version to 2, publish a JSON Schema, make the result self-describing, and decide the API versioning story before RC","The result is the product's public contract (stdout JSON, local record, API `result`, stored `scan_runs.result`) yet it is documented only informally in OpenAPI and the Pages site. Cleanups that a major permits: counters marked omitempty (tags_enumerated/tags_resolved/tags_failed, suppressed_* counts) make the schema conditional and break strict validators; `TagResult.Status` is an untyped string with a third vocabulary ('resolved'/'scanned'/'failed') alongside `ResultStatus` ('completed'/'partial'/'failed'); the result carries no `scanned_at`, tool version or detector-set identifier, so a stored or shared result cannot be traced to the scanner that produced it (the CLI record wraps it with `created_at`, the API and stdout do not); `finding.detector_name` is really a detector id while the API exposes `detectors: []string`. OpenAPI currently promises the result only ever changes additively within API v1, so a v2 schema must either be reconciled with that promise or the promise rewritten — this is a release-time correctness issue.","internal/jobs/scan.go:131-133 `TagsEnumerated int json:""tags_enumerated,omitempty""` etc.; :149-150 suppressed counts omitempty; :155-161 `TagResult{ Status string json:""status"" }` populated with ""scanned"" (:244), ""resolved"" (:341), ""failed"" (:316); :206 `ResultSchemaVersion: 1`; no timestamp or version field in `Result`. internal/cli/results.go:272-277 `localScanRecord{RecordSchemaVersion, CreatedAt, Result, Persistence}` — the timestamp lives only in the CLI wrapper. web/docs/openapi.yaml:533 `description: Stable redacted result schema. Additive result fields may be introduced within API v1.` and :555-557 `result_schema_version: type: integer, minimum: 1`. internal/findings/findings.go:82 `DetectorName string json:""detector_name""` vs internal/api/handler.go:120 `Detectors []string json:""detectors""`. scripts/validate_docs.py validates OpenAPI but no JSON Schema exists for the CLI record.","Define v2 in one change: (1) add `scanned_at` (RFC3339), `scanner: {name, version}`, `detector_set_version` (hash or count of the default set) to `Result`; (2) drop omitempty from all integer counters; (3) type `TagResult.Status` as `TagStatus` with enum resolved|scanned|failed; (4) rename `detector_name`→`detector` in Finding and persistedFinding (DB column names unchanged); (5) set `ResultSchemaVersion: 2` in both constructors (:206, :276) and in normalizedPublicResult (record.go:233-235). Publish `schemas/result-v2.schema.json` and `schemas/scan-record-v1.schema.json` (draft 2020-12) in the repo and on Pages, validate CLI fixtures against them in verify.yml, and point OpenAPI's ScanResult at the same shape. API decision: stay on /api/v1; rewrite openapi.yaml:533 to 'the embedded result is versioned by result_schema_version; consumers must branch on it; stored scans return the version they were recorded with'. Do not attempt to rewrite historical scan_runs.result rows.","All evidence verified at the quoted lines: jobs/scan.go:131-133 and :149-150 omitempty counters; :155-161 `TagResult.Status string` populated with ""scanned"" (:244), ""failed"" (:316), ""resolved"" (:341); `ResultSchemaVersion: 1` at :206 and :276; record.go:233-235 normalizes `<=0` to 1; openapi.yaml:533 'Additive result fields may be introduced within API v1' and :555-557 `minimum: 1`; findings.go:82 `detector_name` vs handler.go:120 `Detectors []string json:""detectors""`. Additional support: record.go:201-212 `storedScanStatus` maps a fourth vocabulary (completed/scanned/partial/failed) for storage, so three status enums already coexist. The API-promise reconciliation is correctly flagged as release-time correctness; keep release_blocking for that part only."
PRD-08,product-ideation,improvement,high,false,false,m,high,downgraded,internal/registry/client.go,450,Private registry authentication — there is currently no credential path at all; IN 3.0.0 (fallback 3.1),"Value: very high. Every CLI/README surface says 'public', and the code confirms the registry client only performs anonymous bearer-token exchange: the token request is executed with an empty Authorization, no username/password, no docker config.json, no `LAYERLEAK_REGISTRY_TOKEN`. A secret scanner that cannot scan an organization's own private images (GHCR private, Docker Hub private, ECR private, Artifact Registry) is limited to auditing third-party images, which is the smaller use case. Risk: medium — credentials must never reach logs, token cache keys must be identity-scoped, and the existing egress policy (private hosts blocked unless allowlisted) must remain in force. Effort m. Verdict: IN 3.0.0 as the headline reason to upgrade; it is additive so it can slip to 3.1 without breaking anything if schedule demands.","internal/registry/client.go:489 `response, err := c.executeRequest(requestCtx, http.MethodGet, parsedRealm.String(), """", """")` (token endpoint called with no credentials); :510-513 token payload has only `token`/`access_token`; `grep -n 'Username|Password|SetBasicAuth|credential' internal/registry/*.go internal/scanservice/*.go` returns nothing. internal/cli/scan.go:40 `Short: ""Scan a public OCI image reference from any supported registry""`; internal/cli/root.go:41 `Short: ""Scan public OCI images for likely secrets""`. README.md:7-8 'resolves public image references'. CHANGELOG.md:76 'egress policy rejects credentials' refers to userinfo in URLs, not an auth feature.","Design for 3.0.0: (1) credential sources in precedence order: `--username` + `--password-stdin` (never `--password`), env `LAYERLEAK_REGISTRY_USERNAME`/`LAYERLEAK_REGISTRY_PASSWORD` (or `LAYERLEAK_REGISTRY_TOKEN` as a pre-issued bearer), then `$DOCKER_CONFIG/config.json` `auths` entries (base64 `auth` and plain username/password only — no credential helpers in 3.0); (2) in `fetchToken`, send HTTP Basic to the realm when credentials are present and include a hash of the identity in `bearerChallenge.cacheKey()` so anonymous and authenticated tokens never mix; (3) for registries that answer 401 with `Basic` instead of `Bearer`, retry with Basic directly; (4) redact `Authorization`, `username`, `password` in all logging and error text (extend `sanitizeProgressValue`); (5) API: add optional `registry_credentials_ref`? No — keep the API public-only in 3.0 and document it; (6) update `Short` texts, README 'Security model' and the `--all-tags` warning ('every public tag' → 'every tag'). Tests: httptest registry requiring Basic on /token, a token-cache-isolation test, and a log-redaction test.","Premise fully confirmed: client.go:417 `executeRequest(ctx, method, targetURL, accept, token)` only ever sets `Authorization: Bearer <token>`; fetchToken (:450-) calls `c.executeRequest(requestCtx, http.MethodGet, parsedRealm.String(), """", """")` and decodes only `token`/`access_token`; grep for Username/Password/SetBasicAuth/credential/DOCKER_CONFIG across internal/registry, scanservice and config returns nothing; scan.go:40 and root.go:41 say 'public'. The value is real, but I move it to 3.1 (the author's own fallback) for three reasons the proposal underweights: (1) most private registries that matter (ECR, GCR/Artifact Registry) authenticate through docker credential HELPERS, which the design explicitly excludes, so the 3.0 feature would cover Docker Hub/GHCR-style static logins only; (2) the egress policy (checked_ok) blocks private/loopback hosts unless allowlisted, so on-prem private registries still need a second feature; (3) the API would then carry registry credentials with no authentication of its own (PRD-16 is also 3.1). Shipping credential handling on the same RC as the module-path and schema churn dilutes the 72-hour soak. New placement: 3.1, as the headline of that minor."
PRD-09,product-ideation,improvement,high,false,false,m,high,confirmed,internal/cli/scan.go,295,SARIF 2.1.0 output for GitHub code scanning — IN 3.0.0 (fallback 3.1),"Value: high — `--format sarif` lets any GitHub Actions user upload results with `github/codeql-action/upload-sarif` and get findings as code-scanning alerts with no glue code; it is the de facto integration format for gitleaks, trivy and grype. Effort m: the finding model already carries everything SARIF needs (rule id = detector, level from confidence, message = redacted value + context, `file_path`/`line_number`/`layer_digest` for locations, `fingerprint` for `partialFingerprints`). Risk: low — pure output encoder; validate against the OASIS schema in CI. Depends on PRD-07 (stable rule ids) and pairs with PRD-03's `--output`.","internal/cli/scan.go:295-301 `parseOutputFormat` accepts only `summary` and `json`. internal/findings/findings.go:82-98 public Finding fields: `detector_name`, `confidence`, `disposition`, `file_path`, `layer_digest`, `line_number`, `redacted_value`, `fingerprint`, `context_snippet`, `match_start/match_end`. No `sarif` string anywhere in README.md, CHANGELOG.md or docs/ (grep).","Add `internal/sarif` producing one `run` per scan with `tool.driver = {name: layerleak, version, informationUri, rules: Catalog()}`, one `result` per actionable finding (suppressed findings as `suppressions: [{kind: external}]`), `level` = error for high, warning for medium, note for low, `partialFingerprints.layerleak/fingerprint/v1`, and `properties` carrying image reference, manifest digest, platform, layer digest and `present_in_final_image`. Locations use `artifactLocation.uri = file_path` with `uriBaseId` = image reference (files inside images are not repo paths; document that GitHub will show them as external). Wire `--format sarif`, encourage `--output results.sarif --no-save`. Validate a fixture against sarif-schema-2.1.0.json in verify.yml. Document a copy-paste Actions job in README.","scan.go:295-301 `parseOutputFormat` accepts only `summary`/`json`; findings.go:82-98 carries detector id, confidence, disposition, file_path, layer_digest, line_number, redacted_value, fingerprint, context_snippet; `grep -rni sarif README.md CHANGELOG.md docs web/docs` returns nothing. Pure encoder with dependencies only on PRD-07 (rule ids) and PRD-12 (version), both IN 3.0.0, so keeping it in 3.0.0 is coherent. One caveat for the fix: `line_number`/`file_path` are omitempty and absent for env/label/history findings (findings.go:89-92), so SARIF `locations` must be optional and `physicalLocation` emitted only for file sources; and GitHub shows non-repo `artifactLocation.uri` values as unmatched files, which the proposal already acknowledges."
PRD-23,product-ideation,migration-edit,high,true,false,xs,high,verifier-added,.github/workflows/verify.yml,40,Two more module-identity gates pin the un-suffixed module path and will fail the /v3 PR's CI and the release validate job,"PRD-01 lists the version regexes but not the module-path assertions. verify.yml runs on every PR and asserts the module is exactly `github.com/brumbelow/layerleak`; the release workflow's validate job makes the same check against go.mod. The PR that changes go.mod to `/v3` fails CI immediately, and even if merged the release workflow refuses to publish. Both must change in the same PR as go.mod.",".github/workflows/verify.yml:40 `test ""$(go list -m)"" = ""github.com/brumbelow/layerleak""`. .github/workflows/container-release.yml:111 `if [[ ""$(awk '$1 == ""module"" { print $2 }' go.mod)"" != ""github.com/brumbelow/layerleak"" ]]; then echo ""The root Go module path is not release-compatible.""`. Also container-release.yml:1040 `-f previous_tag_name=v1.0.0` and RELEASING.md:28 'Generate new release notes from v1.0.0' hard-code the notes baseline.","In the v3 migration PR change both assertions to `github.com/brumbelow/layerleak/v3`; make the release-notes baseline the previous canonical stable (for v3.0.0 decide explicitly whether that is v1.0.0 or 'none' and document it in RELEASING.md), and add a preflight check that go.mod's module suffix matches the requested tag major so this class of mismatch is caught before the workflow runs.",
REG-01,registry-manifest,compat,high,false,false,m,high,confirmed,internal/registry/client.go,1070,"IP-pinning transport sends CONNECT to an IP literal, so hostname-policy HTTPS proxies refuse every registry request","pinnedTransport.RoundTrip rewrites request.URL.Host to the first resolved IP (`request.URL.Host = net.JoinHostPort(addresses[0].IP.String(), port)`) and only then applies the configured Proxy. When HTTPS_PROXY is set, Go issues `CONNECT 1.2.3.4:443` instead of `CONNECT registry-1.docker.io:443`. Proxies that enforce destination policy by hostname (Squid dstdomain ACLs, Zscaler, this sandbox's agent proxy) reject or reset the tunnel, so layerleak cannot reach any registry in exactly the environments that rely on a proxy. Reproduced end-to-end: `LAYERLEAK_FINDINGS_DIR=<scratch> go run . scan alpine:3.20 --platform linux/amd64` fails with `perform registry request: Get ""https://registry-1.docker.io/v2/library/alpine/manifests/3.20"": read tcp 127.0.0.1:44020->127.0.0.1:40687: read: connection reset by peer` (40687 is the proxy port), a control program using http.DefaultTransport through the same proxy gets `401 Unauthorized proto: HTTP/2.0`, and `curl --connect-to registry-1.docker.io:443:100.61.84.91:443 https://registry-1.docker.io/v2/` (emulating the IP-literal CONNECT) fails with `Recv failure: Connection reset by peer` while the hostname form returns 401. The proxy status page logged `connect_rejected ... gateway answered 403 to CONNECT (policy denial)`.","client.go:1062-1070: `request.URL.Host = net.JoinHostPort(addresses[0].IP.String(), port)`; client.go:1080-1088: `if t.base.Proxy != nil { proxyURL, proxyErr := t.base.Proxy(originalRequest) ... transport.Proxy = func(*http.Request) (*url.URL, error) { return proxyURL, nil } }`. CLI run: `perform registry request: Get ""https://registry-1.docker.io/v2/library/alpine/manifests/3.20"": read tcp 127.0.0.1:44020->127.0.0.1:40687: read: connection reset by peer` vs control `default transport status: 401 Unauthorized proto: HTTP/2.0`.","The proposed fix is right but incomplete in two respects. (a) Behind a proxy the local DNS lookup must also be skipped: validateOutboundURL (client.go:354) and pinnedTransport.RoundTrip (1054) both call resolveOutbound, which requires the registry hostname to resolve locally; proxy-only networks often cannot resolve external names, so hostname-CONNECT alone still fails with `resolve registry host ...: no such host`. When t.base.Proxy(originalRequest) returns non-nil, keep the hostname in URL.Host, skip resolveOutbound for that request (the proxy is the egress control), and still apply the allowlist/http-scheme checks. Keep calling Proxy with the original hostname request so NO_PROXY matching works. (b) Fix docs: README has no proxy guidance at all (grep 'proxy' README.md -> none) and web/docs/index.html:243-246 tells users to set LAYERLEAK_REGISTRY_BASE_URL when 'forcing traffic through a proxy', which is not a proxy mechanism. Add a test with an httptest proxy asserting the CONNECT target is the hostname and that no LookupIP call happens when a proxy is selected.","Reproduced two ways. (1) Live: `LAYERLEAK_FINDINGS_DIR=<scratch> go run . scan alpine:3.20 --platform linux/amd64` with the sandbox HTTPS_PROXY fails `perform registry request: Get ""https://registry-1.docker.io/v2/library/alpine/manifests/3.20"": read tcp 127.0.0.1:48040->127.0.0.1:40687: read: connection reset by peer`. (2) Offline, deterministic: a probe with an httptest fake proxy installed via base.Proxy and LookupIP returning 93.184.216.34 shows the pinned transport issues `CONNECT 93.184.216.34:443` (r.URL.Host and r.Host both the IP literal) while the stock transport control issues `CONNECT registry.example:443`. Mechanism is client.go:1070 (URL.Host rewritten to IP) + 1080-1088 (proxy applied after the rewrite); Go builds the CONNECT target from URL.Host. Kind would better be `bug` than `compat`: proxied deployments cannot scan anything. Not pre-existing-safe to ignore, but the fix depends on the policy question the auditor raised, so release_blocking=false is defensible."
DB-13,storage-migrations,migration-edit,high,true,true,xs,high,confirmed,internal/storage/postgres.go,12,Import paths in storage and admin binaries must move to github.com/brumbelow/layerleak/v3,"The /v3 module-path change requires every internal import in this area to be rewritten or the package will not compile under the new module name. Files and lines: internal/storage/storage.go:12-13, internal/storage/postgres.go:12-13, internal/storage/read_postgres.go:11-12, cmd/migrate/main.go:12, cmd/purge/main.go:13-14, plus tests internal/storage/storage_integration_test.go:16-17, internal/storage/helpers_test.go:8-9, internal/storage/storage_test.go:8. admin.go, migrate.go and cmd/healthcheck/main.go import only the standard library and lib/pq and need no change. CI build lines (`go build ... ./cmd/migrate`, `./cmd/purge`) and Dockerfile COPY paths are path-relative and unaffected. No storage constant or migration file encodes the module version, and CurrentSchemaVersion stays 0004 unless 3.0.0 adds a migration.","postgres.go:12-13 `""github.com/brumbelow/layerleak/internal/findings""` / `""github.com/brumbelow/layerleak/internal/manifest""`; cmd/migrate/main.go:12 `""github.com/brumbelow/layerleak/internal/storage""`; cmd/purge/main.go:13-14 `""github.com/brumbelow/layerleak/internal/config""`, `""github.com/brumbelow/layerleak/internal/storage""`; go.mod:1 `module github.com/brumbelow/layerleak`.","After changing go.mod to `module github.com/brumbelow/layerleak/v3`, run `find . -name '*.go' -exec sed -i 's#github.com/brumbelow/layerleak/internal#github.com/brumbelow/layerleak/v3/internal#g' {} +` (or gofmt -r), then `go build ./... && go vet ./... && go test -short ./...` and the postgres CI job. Verify Dockerfile builds (`go build ./cmd/migrate` etc.) still resolve and that THIRD_PARTY_NOTICES/release manifest that mention the module path are updated by the docs owner.","Import sites verified: storage.go:12-13, postgres.go:12-13, read_postgres.go:11-12, cmd/migrate/main.go:12, cmd/purge/main.go:13-14, storage_integration_test.go:16-17, helpers_test.go:8-9, storage_test.go:8. admin.go, migrate.go and cmd/healthcheck/main.go import only the standard library (plus lib/pq in storage). Dockerfile paths (COPY migrations /app/migrations, go build ./cmd/*) are path-relative. Release-blocking is correct: the module will not compile under the /v3 path without it."
RUN-01,toolchain-run,bug,high,true,false,s,medium,unverified,internal/registry/client.go,1069,Registry client fails behind an HTTPS proxy: pinned transport sends CONNECT to an IP literal,"`layerleak scan alpine:3.20` fails twice (also with GODEBUG=tlsmlkem=0) with `read tcp 127.0.0.1:57704->127.0.0.1:40687: read: connection reset by peer` while a plain `http.Client{}` GET of https://registry-1.docker.io/v2/ through the same HTTPS_PROXY returns 401 and `curl` returns 401. pinnedTransport.RoundTrip resolves the host itself and rewrites `request.URL.Host = net.JoinHostPort(addresses[0].IP.String(), port)` before handing the request to an http.Transport whose Proxy is still set, so the CONNECT request names a bare IP (the proxy relay log records `ws_closed_mid_exchange 98.87.179.53:443 tunnel closed (code 1006) after 6s; 1526 B sent, 39 B received`). Proxies that enforce hostname policy, or that must do their own DNS (split-horizon/corporate egress), close the tunnel. Client-side DNS pinning is meaningless when a proxy makes the upstream connection anyway. A faithful reproduction probe (IP-literal URL + ServerName through the proxy) was denied by the sandbox, hence medium confidence.","client.go:1067-1089: `request.URL.Host = net.JoinHostPort(addresses[0].IP.String(), port)` ... `if t.base.Proxy != nil { proxyURL, proxyErr := t.base.Proxy(originalRequest) ... transport.Proxy = func(*http.Request) (*url.URL, error) { return proxyURL, nil } }`. Scan stderr: `layerleak: Error: perform registry request: Get ""https://registry-1.docker.io/v2/library/alpine/manifests/3.20"": read tcp 127.0.0.1:48248->127.0.0.1:40687: read: connection reset by peer`. Probe `go run` with default transport: `status 401`.","In pinnedTransport.RoundTrip, call t.base.Proxy(originalRequest) first; when it returns a non-nil proxy URL, keep request.URL.Host as the original hostname (skip the IP rewrite, let the proxy resolve) and only apply IP pinning for direct connections. Add a unit test with httptest CONNECT proxy asserting the CONNECT target is the hostname when a proxy is configured, and document that DNS pinning is bypassed when HTTPS_PROXY is set.",
API-02,api,ci,medium,false,false,s,high,confirmed,scripts/validate_docs.py,325,No CI/preflight gate ties openapi.yaml info.version to the release tag,validate_docs.py checks only that `openapi == 3.1.0` and that fixtures match schemas; release-preflight.py checks the tag/module version but never reads openapi.yaml. Nothing prevents shipping 3.0.0 with a 1.1.0 spec (which is exactly the current state).,"scripts/validate_docs.py:325-326:
    if spec.get(""openapi"") != ""3.1.0"":
        raise ValidationFailure(""web/docs/openapi.yaml must remain OpenAPI 3.1.0"")
`grep -n openapi scripts/release-preflight.py` returns nothing.","First fix VERSION in release-preflight.py (API-25). Then add a `spec_version` check: in validate_docs.py (runs in verify.yml:107 on every push) assert that when GITHUB_REF_TYPE=tag, `spec['info']['version']` equals the tag with the leading v and any `-rc.N` suffix stripped; and in release-preflight.py `tag`/`candidate` subcommands read web/docs/openapi.yaml and apply the same rule so the release workflow (container-release.yml:123,191,973) fails on mismatch. Add a unit test in scripts/tests.","scripts/validate_docs.py:325-326 only checks `openapi == 3.1.0`; `grep -n -i 'openapi' scripts/release-preflight.py` returns nothing. Nothing ties info.version to the tag, which is exactly how a 1.1.0 spec survived to this point. However the proposed fix is incomplete: release-preflight.py:19 hard-codes VERSION to `v1\.`, so a version gate added there would never even be reached for a v3 tag (see new API-25)."
API-03,api,bug,medium,false,false,s,high,confirmed,internal/api/handler.go,740,classifyScanError misattributes nested registry timeouts/cancellations to the API deadline (504/408),"The handler classifies any error satisfying `errors.Is(err, context.DeadlineExceeded)` as 504 `scan_timeout` (""the scan exceeded its configured deadline"") and any `context.Canceled` as 408 `scan_canceled`. But the registry client wraps every request in its own `context.WithTimeout` (LAYERLEAK_HTTP_TIMEOUT, 30 s default) and wraps the resulting `*url.Error` with `%w`; jobs.mustPreserveScanError deliberately propagates such errors unchanged. A 30 s registry stall during tag listing or manifest resolution therefore returns 504 claiming the 30-minute API deadline was hit, instead of 502 `scan_failed` (upstream). 408 is also semantically wrong for cancellation: RFC 9110 408 means the server timed out waiting for the request; a canceled request context means the client is gone (nobody receives the body) or the server is shutting down.","internal/api/handler.go:740-743:
  case errors.Is(err, context.DeadlineExceeded):
      return http.StatusGatewayTimeout, ""scan_timeout"", ""the scan exceeded its configured deadline""
  case errors.Is(err, context.Canceled):
      return http.StatusRequestTimeout, ""scan_canceled"", ""the scan was canceled""
internal/registry/client.go:176: requestCtx, cancel := c.withRequestTimeout(ctx)
internal/registry/client.go:536: return context.WithTimeout(ctx, c.requestTimeout)
internal/registry/client.go:360: return nil, fmt.Errorf(""perform registry request: %w"", err)
internal/jobs/scan.go:717-718: func mustPreserveScanError(err error) bool { return errors.Is(err, context.Canceled) || errors.Is(err, context.DeadlineExceeded) || ... }","Change classifyScanError(err) to classifyScanError(err, scanCtx, request.Context()): return 504 scan_timeout only when errors.Is(scanCtx.Err(), context.DeadlineExceeded); treat cancellation only when request.Context().Err()!=nil (client gone: log and write nothing useful, or 503 server_shutting_down when draining per API-04); everything else including nested DeadlineExceeded/Canceled becomes 502 scan_failed (optionally an additive `registry_timeout` code). Keep TestHandleScanEnforcesTimeout passing (contextScanner returns ctx.Err() after scanCtx expires, so it still maps to 504) and add the nested-deadline unit test. Update openapi.yaml 408/504 descriptions accordingly.","Reproduced against the real handler in a scratch copy: a scanner returning `&scanservice.Error{Err: fmt.Errorf(""perform registry request: %w"", context.DeadlineExceeded)}` while the request context was alive (ctx.Err()==nil) produced 504 scan_timeout. The chain is realistic: registry/client.go:176,536 wrap each request in context.WithTimeout(requestTimeout); client.go:360 wraps with %w; jobs/scan.go:250 and :319 deliberately return such errors unchanged via mustPreserveScanError (scan.go:717). Also, the registry retry loop (client.go:419-439) keeps the final attempt's error, so a stalled registry still surfaces DeadlineExceeded. 408 for cancellation is a misuse per RFC 9110 §15.5.9."
API-04,api,reliability,medium,false,false,m,high,confirmed,internal/api/run.go,94,"Graceful shutdown cannot drain a 30-minute scan: no context cancellation, readiness stays 200, scan lost, exit 1","On SIGTERM, `server.Shutdown` gets a 30 s deadline (LAYERLEAK_API_SHUTDOWN_TIMEOUT) while scans may run 30 m. Shutdown closes listeners and waits for idle connections but, per net/http docs, never cancels in-flight request contexts, so the scan keeps running; after 30 s Shutdown returns ctx error, Run returns it, `defer store.Close()` runs, main exits 1 and the client gets a connection reset with nothing persisted. During those 30 s `/readyz` still returns 200 so load balancers keep routing to a process that has closed its listener. Docker's default stop grace is 10 s, so in Compose the process is usually SIGKILLed anyway.","internal/api/run.go:94-101:
  shutdownCtx, cancel := context.WithTimeout(context.Background(), cfg.APIShutdownTimeout)
  defer cancel()
  if err := server.Shutdown(shutdownCtx); err != nil {
      return fmt.Errorf(""shutdown api server: %w"", err)
  }
internal/config/config.go:97: durationFromEnv(""LAYERLEAK_API_SHUTDOWN_TIMEOUT"", 30*time.Second)
internal/config/config.go:73: durationFromEnv(""LAYERLEAK_API_SCAN_TIMEOUT"", 30*time.Minute)
handler.go:329 derives scanCtx only from request.Context(); no shutdown-derived context exists.","(1) Add a draining flag set via server.RegisterOnShutdown (or before calling Shutdown) that makes /readyz return 503 not_ready; sleep a configurable pre-stop delay before Shutdown so orchestrators deprioritise the pod. (2) Give the handler a base context (http.Server.BaseContext) that is cancelled when draining starts so in-flight scans abort promptly, mapping the result to 503 server_shutting_down (together with API-03). (3) For scans that already completed, persist with context.WithoutCancel + DatabaseWriteTimeout (see API-23) instead of discarding. (4) Add stop_grace_period >= LAYERLEAK_API_SHUTDOWN_TIMEOUT to docker-compose.yml and document the relationship in README.md:258. (5) Extract server construction from Run() so a test can drive shutdown with a fake signal.","run.go:94-98 gives Shutdown a 30 s budget (config.go:97) versus a 30 m scan budget (config.go:73); handler.go:329 derives scanCtx only from request.Context(); net/http Shutdown never cancels handler contexts; docker-compose.yml has no stop_grace_period (Docker default 10 s). One correction to the description: Shutdown closes the listener immediately, so new /readyz probes get connection refused rather than 200 — the real gap is the absence of a pre-stop drain window (readyz->503 while still serving) and any way to stop or persist in-flight scans. Severity stands."
API-11,api,improvement,medium,false,false,s,high,confirmed,internal/api/handler.go,802,No access logging or metrics: requests are invisible unless they fail,"The middleware sets headers and recovers panics but logs nothing per request. Only failures log (error_type, code, status, request_id). Operators cannot see request volume, latency, which routes are hit, or correlate an X-Request-ID with a route and status. There is no /metrics endpoint.",internal/api/handler.go:802-827: middleware contains only header setup and the recover() block; `grep -n 'slog.Info' internal/api/handler.go` returns nothing.,"Add a structured access log at Info after `next.ServeHTTP` with method, route pattern (`request.Pattern` in Go 1.23+, not the raw path/query, to avoid logging reference strings), status (capture in apiResponseWriter), bytes, duration, request_id, remote addr; never log query strings or bodies. Optionally expose Prometheus metrics on a separate admin listener (LAYERLEAK_API_METRICS_ADDR) so they are not reachable from the public API port.","handler.go:802-827 middleware only sets headers and recovers panics; `grep -rn slog.Info internal/api cmd` returns nothing. Only failures are logged (handler.go:265,345,841). Proposed fix (route pattern via request.Pattern, never query strings) is correct and secret-safe."
API-12,api,improvement,medium,false,false,l,high,confirmed,internal/api/handler.go,329,Add an asynchronous scan-job model (202 Accepted + polling) alongside the 30-minute synchronous POST,"POST /api/v1/scans holds one HTTP request open for up to 30 minutes and sends no bytes until the end. Typical intermediaries (nginx proxy_read_timeout 60 s, AWS ALB/GCP LB idle 60 s, Cloudflare 100 s) will drop it. When the client disconnects, Go cancels request.Context(), the scan aborts, and scanservice refuses to persist (ctx.Err() != nil), so all work is lost and the 408 body is written to a dead socket. A 202 model removes all three problems and is purely additive within /api/v1.","internal/api/handler.go:329: scanCtx, cancel := context.WithTimeout(request.Context(), h.options.ScanTimeout)
internal/scanservice/service.go:118-124:
  if ctx != nil && ctx.Err() != nil { ... return outcome, wrapScanError(ctx.Err()) }
web/docs/openapi.yaml:72: summary: Run and persist a synchronous image scan","As proposed. Also update openapi.yaml:54 and README.md:330 if migration 0005 changes the exact-schema readiness version, and document proxy idle-timeout caveats for the synchronous endpoint. Consider shipping API-23 (detached save context) first as the cheap fix for the lost-result half of this problem.","handler.go:329 ties the scan to request.Context(); scanservice/service.go:124-130 (not 118-124 as cited) refuses to save when ctx.Err()!=nil, and :138-141 re-checks before the write. HTTP/1 client disconnect cancels the request context once the body is consumed, so a dropped 30-minute POST loses all work. The proposed 202 model is additive within /api/v1."
API-13,api,improvement,medium,false,false,m,high,confirmed,internal/api/handler.go,802,Offer opt-in bearer-token authentication for /api/v1,"The API triggers outbound registry traffic and 30-minute CPU/network work per request with no authentication; docs say to put it behind a gateway. An opt-in shared-token mode is cheap, additive, and removes the most common misconfiguration (binding 0.0.0.0 without a proxy, which docker-compose.yml already does inside the container network).","web/docs/openapi.yaml:8-9: The API has no built-in authentication or authorization. Deploy it only on a private network or behind an authenticated gateway.
README.md:45-47 same statement; docker-compose.yml:24: LAYERLEAK_API_ADDR: 0.0.0.0:8080","Add `LAYERLEAK_API_BEARER_TOKENS` (comma-separated; empty = disabled, current behaviour). Middleware: parse `Authorization: Bearer <token>`, compare with `crypto/subtle.ConstantTimeCompare` against each configured token (or store SHA-256 of tokens), on failure return 401 JSON `{error:{code:""unauthorized""}}` with `WWW-Authenticate: Bearer realm=""layerleak""`. Exempt /health and /livez; make /readyz exemption configurable. Never log tokens. Log a startup warning when auth is disabled and the address is not loopback. Document in openapi.yaml with `securitySchemes: bearerAuth` and per-operation `security`. Keep the gateway recommendation; this is defence in depth, not RBAC.","openapi.yaml:7-9 and README.md state there is no auth; docker-compose.yml:24 binds 0.0.0.0:8080 inside the container network, though ports: (line ~74) publishes on 127.0.0.1 by default so host exposure is loopback-only unless LAYERLEAK_API_HOST is changed. Still the single biggest foot-gun; the constant-time shared-token design is sound and additive."
API-15,api,test-gap,medium,false,false,m,high,confirmed,internal/api/handler_test.go,587,"Handler/runtime test gaps: not-found scan, storage errors, panic, HEAD/OPTIONS, real-server long scan and disconnect, Run() shutdown, healthcheck success path","stubReadStore has `scanDetailErr` but no test sets it, so GET /api/v1/scans/{id} 404 is untested; the list endpoints' `writeStorageError` (503) path is untested because the stubs never return errors; no test covers panic recovery, HEAD/OPTIONS/Allow, security headers, invalid X-Request-ID rejection, readiness when the store lacks Ready(), invalid id/limit/offset/disposition, trailing JSON or unknown fields (README promises these are rejected), or the interaction with a real http.Server (long handler vs ReadTimeout, client disconnect -> Canceled). run.go's Run() and shutdown ordering have no test (run_test.go only tests the logger). cmd/healthcheck/main_test.go tests only argument and address errors, never a 200/503 probe via httptest.","internal/api/handler_test.go:593: scanDetailErr error  (never assigned in any test; `grep -n scanDetailErr internal/api/*_test.go` shows only the declaration and the stub method)
stub methods ListRepositories/ListRepositoryScans/ListRepositoryFindings always `return ..., nil`.
cmd/healthcheck/main_test.go contains only TestRunRejectsInvalidAPIAddress and TestRunRejectsArguments.
`grep -n httptest.NewServer internal/api/*_test.go` returns nothing.","Add table tests for each listed case; add an httptest.Server-based test with ReadTimeout=100ms and a scanner that sleeps 500ms asserting 200 (locks in the verified behaviour), and one that closes the client connection asserting the scanner saw ctx.Err()==Canceled and nothing was saved; add a Run()-style test by extracting server construction into a function that accepts a context; add healthcheck tests against httptest servers returning 200 and 503 (set LAYERLEAK_API_ADDR to the test listener).","`grep -rn scanDetailErr internal/api` shows only the stub field and method (handler_test.go:593,635); list stubs always return nil errors; `grep -rn httptest.NewServer internal/api cmd` returns nothing; cmd/healthcheck/main_test.go has only the two argument/address tests; run_test.go tests only newDefaultLogger. README.md:385 promises unknown fields and extra values are rejected but no test covers it (probe shows unknown field -> 400 'request body must be valid JSON')."
REL-08,ci-release,dependency,medium,true,true,s,high,downgraded,go.mod,3,"CI verifies with Go 1.25.13 (EOL, not even the last 1.25 patch) while the shipped container is compiled with Go 1.27.1","Every setup-go step uses go-version-file, so tests, race tests, govulncheck and the license audit run on Go 1.25.13. Go 1.27.0 shipped 2026-08-19, which under the 'supported until two newer major releases' policy ends 1.25 support; 1.25.14 was its final patch. The Dockerfile builds the release image with golang:1.27.1, so the vulnerability gate and tests exercise a different compiler/runtime than the artifact that ships, and the README badge advertises 'Go 1.25.13+'.","go.mod:3 `go 1.25.13`; verify.yml:33 `go-version-file: go.mod`; Dockerfile:5 `FROM --platform=$BUILDPLATFORM golang:1.27.1-bookworm@sha256:648f44...`; go.dev/dl: `go1.27.1 stable`, `go1.26.8 stable`; go.dev/doc/devel/release: 'Each major Go release is supported until there are two newer major releases', latest 1.25 patch go1.25.14 (2026-08-19); README.md:5 badge `Go-1.25.13%2B`.","Same as proposed, with release_blocking=false. Add a tiny CI step comparing `grep -oP '^toolchain go\K[0-9.]+' go.mod` with `grep -oP 'FROM .*golang:\K[0-9.]+' Dockerfile` so the two cannot drift.","Facts confirmed: go.mod:3 `go 1.25.13`, Dockerfile:5 golang:1.27.1, README badge and line 51 say 1.25.13, go.dev/dl lists go1.27.1 and go1.26.8 as the stable lines (so 1.25 is unsupported). However this is not a bug, security hole or false documentation: the shipped image is built with supported 1.27.1, 'Go 1.25.13 or newer' remains a true minimum, and govulncheck on 1.25.13 reports a superset of stdlib issues relative to the shipped toolchain. It is strong hygiene for a major release, not a release blocker. Fix is fine; `actions/setup-go` honours a `toolchain` directive in go.mod when using go-version-file."
REL-09,ci-release,dependency,medium,false,false,m,high,confirmed,scripts/release-tools.sh,43,"Reviewed release-tool pins are stale: Grype 0.99.1 is 20 minor releases behind; cosign, buildx, BuildKit, govulncheck and Playwright also lag","The pinned scanner is far behind current (v0.119.0), which weakens the Critical/fixable-High gate (matcher and data-model improvements ship in the client, not only the DB). Cosign 3.0.2 vs 3.1.3, Buildx 0.37.0 vs 0.37.2, BuildKit 0.33.0 vs 0.33.1, govulncheck 1.7.0 vs 1.8.0 and Playwright 1.62.1 vs 1.63.0 are also behind. The pins are duplicated in five places (installer, preflight, workflow env, release manifest, RELEASING table), which makes updates error-prone.","release-tools.sh:43 `cosign/releases/download/v3.0.2/cosign-linux-amd64`, :47 `grype/releases/download/v0.99.1/...`; container-release.yml:35-37 `GRYPE_VERSION: v0.99.1`, `BUILDX_VERSION: v0.37.0`, `BUILDKIT_IMAGE: moby/buildkit:v0.33.0@sha256:...`; :755 `--arg cosign_version ""v3.0.2""`; verify.yml:377 `govulncheck@v1.7.0`; scripts/tests/package.json `""playwright"": ""1.62.1""`. git ls-remote newest tags: anchore/grype v0.119.0, sigstore/cosign v3.1.3, docker/buildx v0.37.2, moby/buildkit v0.33.1, golang/vuln v1.8.0, microsoft/playwright v1.63.0. Grype v6 DB feed still active (schemaVersion v6.1.9, built 2026-09-30).","As part of the 3.0.0 prep, re-review and bump Grype to the current v0.119.x, cosign to v3.1.3, Buildx to v0.37.2 and BuildKit to v0.33.1 (new SHA-256/digest pins in release-tools.sh, preflight regexes, workflow env, RELEASING table, test fixtures); bump govulncheck to v1.8.0 and Playwright to 1.63.0 (`npm install --package-lock-only`). Read `cosign version`/`grype version` at manifest time instead of hard-coding (REL-24) and keep a single `scripts/release-tools.lock` consumed by installer and preflight to remove duplication.","git ls-remote today: anchore/grype v0.119.0, sigstore/cosign v3.1.3, docker/buildx v0.37.2, moby/buildkit v0.33.1, golang/vuln v1.8.0, microsoft/playwright v1.63.0; repo pins are 0.99.1 / 3.0.2 / 0.37.0 / 0.33.0 / 1.7.0 / 1.62.1 (release-tools.sh:43,47; container-release.yml:35-37,755; verify.yml:377; scripts/tests/package.json). Duplication in five places confirmed. Bumping cosign to 3.1.x also requires changing the preflight regex at release-preflight.py:66 and the test fixture at test_release_preflight.py:107."
REL-12,ci-release,reliability,medium,false,false,xs,high,confirmed,.github/workflows/container-release.yml,1164,post-release assumes proxy.golang.org publishes within five minutes and uses a substring version check,"Both proxy loops allow 30 x 10 s = 5 minutes inside a 15-minute job. proxy.golang.org documents that if the module version was requested before the tag was pushed (which the RC acceptance/README commands make likely for `@latest`), 'it may take up to 30 minutes for the mirror's cache to expire'. A cache miss turns a successful publication into a failed run that must be re-run (Re-run failed jobs works, but RELEASING does not say so). The version assertion `grep -F ""${RELEASE_VERSION}""` is a substring match, so `v3.0.0` also accepts `v3.0.0-rc.1` output.",":1164 `for attempt in {1..30}; do ... sleep 10`; :1169 `echo ""The Go proxy did not publish ${RELEASE_VERSION} within five minutes.""`; :1111 `timeout-minutes: 15`; :1174 `""${install_bin}/layerleak"" --version | grep -F ""${RELEASE_VERSION}""`; proxy.golang.org: 'it may take up to 30 minutes for the mirror's cache to expire and fresh data about the version to become available'.","Raise the `@latest` loop to ~35 minutes (e.g. 70 x 30 s) and the job timeout to 45; keep the explicit-version loop shorter since explicit fetches are served within a minute. Replace the substring check with an exact comparison, e.g. `test ""$(""${install_bin}/layerleak"" --version | awk '{print $NF}')"" = ""${RELEASE_VERSION}""`. Document in RELEASING.md 'Failure and recovery' that a post-release failure is retried with 'Re-run failed jobs' without re-approval of publication.","Lines 1164-1173 and 1179-1189 are 30x10 s loops inside a 15-minute job; proxy.golang.org's FAQ (fetched) states 'if someone requested the version before the tag was pushed, it may take up to 30 minutes for the mirror's cache to expire'. `grep -F` at 1174 is a substring match. I ran `go run . --version` -> `layerleak version dev`, so the proposed `awk '{print $NF}'` exact comparison matches the real output format, and internal/cli/version.go falls back to debug.ReadBuildInfo Main.Version for `go install module@version` binaries, so the installed binary will print the tag."
REL-14,ci-release,ci,medium,false,false,s,high,confirmed,.github/workflows/pages.yml,28,Pages deploys on any web/** push without running the documentation validators and with over-broad job permissions,"The Pages build only asserts that ten files exist, then uploads web/. It is not gated on the CI documentation job (validate_docs.py, OpenAPI 3.1, fixture and link checks) and it triggers only on web/** changes, so a broken OpenAPI file or dead link can be live on brumbelow.github.io while CI is red, and a docs fix outside web/ never redeploys. Top-level `pages: write` and `id-token: write` are inherited by the build job, which needs neither; neither job sets timeout-minutes.","pages.yml:6-8 `paths: - ""web/**"" - "".github/workflows/pages.yml""`; :28-39 `test -f web/index.html ... test -f web/.nojekyll`; :11-14 top-level `permissions: contents: read / pages: write / id-token: write`; no `timeout-minutes` in either job; validate_docs.py runs only in verify.yml:110.","As proposed, plus set `cancel-in-progress: false` on the pages concurrency group (or scope cancellation to the build job only).","pages.yml:6-8 paths filter, 28-39 existence-only checks, 11-14 top-level pages:write/id-token:write inherited by build, no timeout-minutes. One more defect in the same file: line 18 `cancel-in-progress: true` on the `pages` group, whereas GitHub's own Pages starter workflow says not to cancel in-progress production deployments."
REL-15,ci-release,ci,medium,false,false,m,high,confirmed,revive.toml,1,"No lint gate in CI: revive.toml is unused, golangci-lint reports 28 issues, and actionlint/shellcheck/hadolint/bandit are never run",revive.toml exists but no workflow runs revive or golangci-lint (Codacy's remote engines are the only consumer and `.codacy.yml` excludes `.github/**`). Running golangci-lint v2.5.0 with default linters reports 28 issues including deprecated `tar.TypeRegA` and `transport.DialTLS` usage and an ineffectual assignment. The Python scripts carry `# nosec` annotations but no bandit job exercises them; workflows and shell scripts pass actionlint and shellcheck today but nothing enforces that; the Dockerfile is never linted.,"`golangci-lint run ./...` -> `28 issues: * errcheck: 22 * ineffassign: 1 * staticcheck: 5`, e.g. `internal/layers/state.go:367:21: SA1019: tar.TypeRegA has been deprecated`, `internal/registry/client.go:1075:2: SA1019: transport.DialTLS has been deprecated`, `internal/layers/state.go:822:2: ineffectual assignment to contentClass`; `ls .golangci*` -> none; grep of workflows for revive/golangci/actionlint/shellcheck/hadolint/bandit -> no matches; local actionlint (with shellcheck) and shellcheck on scripts/*.sh: clean.","Add `.golangci.yml` (v2 format: errcheck, staticcheck, ineffassign, govet, revive using revive.toml, gosec) and a `lint` job in verify.yml using golangci/golangci-lint-action pinned by SHA with `version: v2.5.0`; fix or explicitly exclude the 28 findings (replace `tar.TypeRegA`, `DialTLS` -> `DialTLSContext`). Add a `tooling` job that installs pinned actionlint (with shellcheck) and hadolint and runs `actionlint`, `shellcheck scripts/*.sh`, `hadolint Dockerfile`, plus `bandit -r scripts` from a hash-locked requirements file. Add these to the PR template checklist.","Re-ran `golangci-lint run ./...` (v2.5.0, defaults): `28 issues: errcheck 22, ineffassign 1, staticcheck 5`, including state.go:367 tar.TypeRegA, client.go:1075 transport.DialTLS, state.go:822 ineffectual assignment, limits.go:80 SA4003. No .golangci* file; revive.toml present but unreferenced by any workflow; .codacy.yml excludes .github/**."
REL-18,ci-release,improvement,medium,false,false,l,high,confirmed,.github/workflows/container-release.yml,902,"Release ships only the API container; add signed, attested prebuilt CLI binaries (and plan a Homebrew tap and CLI image)","The CLI is `go install` only. The code cross-compiles cleanly for darwin/amd64, darwin/arm64, windows/amd64, windows/arm64 and linux/arm64 (verified locally), so a binary matrix is feasible. A plain `go build` matrix is preferable to goreleaser here: goreleaser would introduce an unreviewed, unpinned tool into a workflow whose policy is checksum-pinned reviewed tools, and it wants to own release creation, which conflicts with the protected publish job and immutable releases. Homebrew and a CLI image need extra design because the workflow deliberately uses only GITHUB_TOKEN and a single IMAGE_NAME.","`GOOS=darwin GOARCH=arm64 CGO_ENABLED=0 go build -trimpath -o /dev/null .` -> rc=0 (same for darwin/amd64, windows/amd64, windows/arm64, linux/arm64); publish job downloads `pattern: release-*` (:950) and attaches `release-assets/*` (:1080); internal/cli/root.go:35-36 `// Version is the build-time version string, set via -ldflags. var Version = ""dev""`; RELEASING.md 'The workflow uses only `GITHUB_TOKEN` and GitHub's OIDC token.'","Add a `build-cli` job after `supply-chain` and before `publish` (needs: validate, verify): checkout source_sha, setup-go from go.mod, matrix over 6 GOOS/GOARCH pairs, `SOURCE_DATE_EPOCH=$(date -d ""${source_date}"" +%s) CGO_ENABLED=0 go build -trimpath -buildvcs=false -ldflags ""-s -w -X github.com/brumbelow/layerleak/v3/internal/cli.Version=${RELEASE_VERSION}"" -o dist/layerleak_${RELEASE_VERSION}_${GOOS}_${GOARCH}[.exe]`, tar.gz/zip, `sha256sum > cli-SHA256SUMS`, `actions/attest` with `subject-checksums: cli-SHA256SUMS` (build provenance) and `cosign sign-blob --yes --bundle <file>.sigstore.json` for each archive; upload as artifact `release-cli` so the existing `release-*` download and SHA256SUMS steps include it. In post-release, rebuild one target in a clean module cache and `cmp` digests (reproducibility) and `cosign verify-blob --bundle ... --certificate-identity <workflow identity>`. Homebrew: create `brumbelow/homebrew-tap` with a formula pointing at the release archives; update it from a workflow inside the tap repo triggered on `release: published` via the tap's own token (keeps this repo's GITHUB_TOKEN-only policy) or document `brew install go && go install .../v3@latest` as the interim path. CLI image: add a `cli` stage in the Dockerfile (scratch + CA certs + layerleak, USER 10001) published as `ghcr.io/brumbelow/layerleak-cli`; because the workflow is single-image throughout (IMAGE_NAME env, digest outputs, manifest schema_version 1), plan this as a 3.1 change with a matrix over image names and `schema_version: 2` in release-manifest.json.","Reproduced cross-compiles for darwin/arm64 and windows/amd64 (`go build -trimpath -o /dev/null .` rc=0). internal/cli/root.go:35-36 `var Version = ""dev""` matches the proposed -X path. publish downloads `pattern: release-*` (line 950) so a `release-cli` artifact flows into SHA256SUMS and `gh release create release-assets/*` without further changes. Reasoning about goreleaser vs the checksum-pinned policy is sound."
REL-25,ci-release,ci,medium,false,false,xs,high,verifier-added,.github/workflows/verify.yml,77,"The documentation job (validate_docs, release preflight tests, Playwright demo) is not a required status check on main","The live branch ruleset requires ten contexts but not 'Full verification / OpenAPI and static documentation', the job that runs validate_docs.py, scripts/test_validate_docs.py, the release/container preflight unit tests and the Playwright demo test. A PR that breaks the OpenAPI document, the release preflight, or the demo can be merged with a red check, and the readiness record already listed adding this check as an outstanding step. Because the release workflow's reusable verify does run the job, the first time such a regression would block is at the RC dispatch, after the commit is on main.","`gh api repos/Brumbelow/layerleak/rulesets/13916992` -> required_status_checks contexts: 'Full verification / Go quality and CLI smoke', '... Linked dependency licenses', '... PostgreSQL integration and migrations', '... Compose configuration', '... Container smoke (linux/amd64)', '... Container smoke (linux/arm64)', '... Reachable Go vulnerabilities', 'Dependency review', 'Analyze (go)', 'Codacy Security Scan' (no 'OpenAPI and static documentation'); docs/release-readiness-2026-09-09.md:101-104 'authorize adding Full verification / OpenAPI and static documentation to the required main checks. The current remote list was inspected and does not include it.'","Add the context 'Full verification / OpenAPI and static documentation' (integration_id 15368) to ruleset 13916992's required_status_checks before the v3 work lands, and update RELEASING.md 'One-time repository settings' step 4 to enumerate the required contexts so the list is reviewable.",
CFG-01,config-container-deps,dependency,medium,true,false,s,high,downgraded,go.mod,3,Go 1.25 is out of support; CI tests on 1.25.13 while the image ships 1.27.1 and docs promise 1.25.13+,"go.mod declares `go 1.25.13` with no toolchain directive. All workflows (verify.yml lines 33/90/148/209/373, codacy.yml:109, container-release.yml:1135) use `go-version-file: go.mod`, so every test, race, lint, license and CLI-install job runs Go 1.25.13. `curl https://go.dev/dl/?mode=json` today returns only go1.27.1 and go1.26.8, i.e. Go 1.25 no longer receives security fixes. The Dockerfile builds the published binaries with `golang:1.27.1-bookworm`, so the toolchain that is tested is never the toolchain that ships. README badge (line 5), README line 51, CONTRIBUTING.md:9 and web/docs/index.html:79 all state a 1.25.13 minimum, which at 3.0.0 would advertise an unsupported floor.","go.mod:3 `go 1.25.13`; Dockerfile:5 `FROM --platform=$BUILDPLATFORM golang:1.27.1-bookworm@sha256:648f...`; verify.yml:33 `go-version-file: go.mod`; `go version` -> go1.25.13; go.dev/dl?mode=json -> ['go1.27.1', 'go1.26.8']; README.md:51 `Layerleak requires Go 1.25.13 or newer.`; setup-go README: ""If the toolchain directive is present, its version is used""","Bump go.mod to `go 1.26.0` plus `toolchain go1.27.1` (or simply `go 1.27.1` if a 1.27 floor is acceptable) and update README.md:5/51, CONTRIBUTING.md:9, web/docs/index.html:79. Do NOT rely on 'let Dependabot move both together': Dependabot's gomod ecosystem does not update the `go`/`toolchain` directives, only the Dockerfile golang image, so they will drift again. Add a consistency gate instead, e.g. in verify.yml's quality job or scripts/release-preflight.py: `test ""go$(awk '$1==""toolchain""{sub(/^go/,"""",$2);print $2}' go.mod)"" = ""$(sed -n 's/^FROM .*golang:\([0-9.]*\)-.*/go\1/p' Dockerfile)""`. Re-run govulncheck after the bump.","Facts confirmed: go.mod:3 `go 1.25.13` with no toolchain line; verify.yml:33/90/148/209/373, codacy.yml:109 and container-release.yml:1135 all use `go-version-file: go.mod` with setup-go v7; `go version` here is go1.25.13; `curl https://go.dev/dl/?mode=json` returns ['go1.27.1','go1.26.8']; Dockerfile:5 builds with golang:1.27.1-bookworm; README.md:5/51, CONTRIBUTING.md:9, web/docs/index.html:79 all say 1.25.13. setup-go's README confirms 'If the toolchain directive is present, its version is used'. Further evidence of drift: running govulncheck required `go run golang.org/x/vuln/cmd/govulncheck@latest`, which printed 'golang.org/x/vuln@v1.8.0 requires go >= 1.26.0; switching to go1.26.8'. However this is not a bug, a security hole or a false statement: the shipped image is already built on a supported toolchain and 'Go 1.25.13 or newer' is a floor, not a claim about support. It is a CI/toolchain hygiene mismatch (tests never run on the toolchain that ships) that should be fixed before v3.0.0-rc.1 because the rc freezes the toolchain set, but it is not release-blocking in the strict sense of rule 4."
CFG-03,config-container-deps,bug,medium,true,false,xs,high,confirmed,.env.example,65,.env.example ships a live default-credential DSN; the documented quickstart exports it and makes every CLI scan exit 1 without local Postgres,"README.md:186-195 tells users to `cp .env.example .env; set -a; . ./.env; set +a` before running Layerleak. .env.example line 65 sets `LAYERLEAK_DATABASE_URL=postgres://postgres:postgres@localhost:5432/layerleak?sslmode=disable` (README table says the default is empty). internal/cli/storage.go opens a Postgres store whenever DatabaseURL is non-empty and NewPostgresStore pings at startup, so on any machine without a local PostgreSQL using the `postgres:postgres` superuser credentials every `layerleak scan` fails persistence, which README:163 documents as exit code 1 with `storage_unavailable`. It also normalizes hard-coded superuser credentials in a security tool's example. `LAYERLEAK_FINDINGS_DIR=findings` (line 12) likewise overrides the documented `auto` default (README:206).",".env.example:65 `LAYERLEAK_DATABASE_URL=postgres://postgres:postgres@localhost:5432/layerleak?sslmode=disable`; internal/cli/storage.go:11-15 `if strings.TrimSpace(cfg.DatabaseURL) == """" { return storage.NewNoopStore(), nil } return storage.NewPostgresStore(...)`; internal/storage/postgres.go:50-53 `if err := db.PingContext(ctx); err != nil { ... return nil, fmt.Errorf(""ping postgres: %w"", err) }`; README.md:163 `A database-save failure also returns exit code `1``","Set `LAYERLEAK_DATABASE_URL=` (empty) in .env.example with a commented example using a non-superuser role, leave `LAYERLEAK_MIGRATIONS_DIR=` empty with a comment that the container default is /app/migrations and checkouts should use `$PWD/migrations`, and keep `LAYERLEAK_FINDINGS_DIR=findings` or blank (equivalent). Mirror in web/docs/index.html:196/226. Add a test that parses .env.example, applies it with t.Setenv and asserts Load() equals the no-env defaults (CFG-16).","README.md:186-195 instructs `cp .env.example .env; set -a; . ./.env; set +a` as THE way to configure a checkout; .env.example:65 then exports `LAYERLEAK_DATABASE_URL=postgres://postgres:postgres@localhost:5432/layerleak?sslmode=disable`; internal/cli/storage.go:11-15 opens a Postgres store whenever DatabaseURL is non-empty and postgres.go:50-53 pings at construction. The failure mode is slightly different from the description: scan.go:109-118 calls openStore before the scan starts and returns the error, so the CLI aborts immediately (no scan, no artifacts) rather than scanning and recording `storage_unavailable` as README:163 describes for save-time failures. The LAYERLEAK_FINDINGS_DIR=findings sub-claim is moot: results.go:181-199 resolves a relative value against the repo root, which is exactly the unset default. Additional drift in the same file: .env.example:72 `LAYERLEAK_MIGRATIONS_DIR=/app/migrations` is a container path, so a sourced .env breaks `go run ./cmd/migrate` from a checkout unless the user re-exports it as README:278 does."
CFG-04,config-container-deps,dependency,medium,false,false,xs,high,confirmed,docker-compose.yml,6,Compose Postgres pin 16.13-alpine is two minor releases stale because Dependabot's docker ecosystem does not cover docker-compose.yml,"docker-compose.yml pins `postgres:16.13-alpine@sha256:4e6e...`. Docker Hub currently lists 16.14-alpine and 16.15-alpine (alpine3.24), i.e. two PostgreSQL minor security/bugfix releases and one Alpine base later. `git log --author=dependabot -- docker-compose.yml` is empty while the Dockerfile's golang image has three dependabot bumps, because .github/dependabot.yml only declares `package-ecosystem: ""docker""` (Dockerfile) and GitHub documents a separate `docker-compose` ecosystem for compose files. README:271 and postgres.go:25-26 require 16.13 or newer, so a bump is compatible.","docker-compose.yml:6 `image: postgres:16.13-alpine@sha256:4e6e670bb...`; Docker Hub tags query -> ['16.14-alpine', ..., '16.15-alpine', '16.15-alpine3.24', ...]; dependabot.yml:25 `- package-ecosystem: ""docker""` (only entry for images); GitHub Dependabot options reference: `Docker Compose | docker-compose | v2, v3`; git log dependabot on docker-compose.yml -> no commits","Add to .github/dependabot.yml:
  - package-ecosystem: ""docker-compose""
    directory: ""/""
    schedule: {interval: weekly}
    groups: {compose-images: {patterns: [""*""]}}
and bump the compose pin to postgres:16.15-alpine with its current multi-platform digest before v3.0.0-rc.1. Keep README's ""16.13 or newer"" statement (still true).","docker-compose.yml:6 pins postgres:16.13-alpine@sha256:4e6e...; Docker Hub tag query here returns 16.14-alpine, 16.15-alpine, 16.15-alpine3.24; `git log --author=dependabot -- docker-compose.yml` is empty while the Dockerfile received four golang bumps (a84503d, 8ee7d86, f8622df, bd7a38b); dependabot.yml:25-32 declares only `package-ecosystem: ""docker""`. postgres.go:24-26 requires server_version_num >= 160013 so 16.15 is compatible."
CFG-08,config-container-deps,security,medium,false,false,xs,high,confirmed,README.md,401,Standalone docker run examples recommend sslmode=disable against an arbitrary external database host,"Inside the compose bridge network `sslmode=disable` is acceptable (db is a sibling container), but README.md:401 and web/docs/index.html:425 show the generic `docker run` deployment with `postgres://<user>:<password>@<host>:5432/layerleak?sslmode=disable`, and README:277/320 show the same for checkout runs. Users copying the placeholder example against a managed or remote Postgres send credentials and raw-secret material (when LAYERLEAK_PERSIST_RAW_SECRETS=1) in cleartext. Nothing in the docs explains why compose may use disable while other deployments should not.",README.md:401 `-e LAYERLEAK_DATABASE_URL='postgres://<user>:<password>@<host>:5432/layerleak?sslmode=disable' \`; docker-compose.yml:44 `...@db:5432/${LAYERLEAK_DB_NAME:-layerleak}?sslmode=disable`; web/docs/index.html:425 same DSN with `sslmode=disable`,"Change the standalone examples (README.md:401, web/docs/index.html:425) to `?sslmode=verify-full` (or at least `require`) and add one sentence under ""Container and Compose deployment"" stating that compose uses `sslmode=disable` only because PostgreSQL is on the private compose network, and that any remote database must use TLS. Consider making NewPostgresStore log a warning when the DSN's sslmode is disable and the host is not loopback/compose-local.","README.md:401 and web/docs/index.html:425 show the generic `docker run` deployment with `?sslmode=disable` against `<host>`; README.md:277/320 and CONTRIBUTING.md:32 also use sslmode=disable (localhost, acceptable). docker-compose.yml:44/96/121 confine disable to the `db` sibling. No code warns about cleartext (grep for sslmode in *.go returns nothing)."
CFG-09,config-container-deps,improvement,medium,false,false,s,high,confirmed,docker-compose.yml,44,"Database password is only accepted embedded in the URL; lib/pq already honors PGPASSWORD/PGPASSFILE, enabling secrets-friendly compose","Compose interpolates `${LAYERLEAK_DB_PASSWORD}` into three URLs unescaped (lines 44, 96, 121), so reserved characters break the DSN (README:429-430 admits this) and the password is visible in `docker inspect` of three containers plus the db container's POSTGRES_PASSWORD. lib/pq v1.12.3's connector reads PGPASSWORD and PGPASSFILE for fields absent from the DSN, so the password can be dropped from the URL today, and a `_FILE`/PGPASSFILE path allows Docker/Compose secrets and Kubernetes secret mounts without touching config.go.","docker-compose.yml:44 `LAYERLEAK_DATABASE_URL: postgres://${LAYERLEAK_DB_USER:-layerleak}:${LAYERLEAK_DB_PASSWORD:?set LAYERLEAK_DB_PASSWORD in .env}@db:5432/...`; README.md:429-430 `If a database password contains reserved URL characters, percent-encode it`; $GOMODCACHE/github.com/lib/pq@v1.12.3/connector.go:286 `Password string `postgres:""password"" env:""PGPASSWORD""``, :291 `Passfile string `postgres:""passfile"" env:""PGPASSFILE""``","In compose, set `LAYERLEAK_DATABASE_URL: postgres://${LAYERLEAK_DB_USER}@db:5432/${LAYERLEAK_DB_NAME}?sslmode=disable` plus `PGPASSWORD: ${LAYERLEAK_DB_PASSWORD}` (or better, a compose `secrets:` entry mounted at /run/secrets/db_password with `PGPASSFILE`-style handling and `POSTGRES_PASSWORD_FILE` for the db service). Document PGPASSWORD/PGPASSFILE support in the README table. For 3.0.0 consider adding `LAYERLEAK_DATABASE_URL_FILE` in config.go for parity with other secret-file conventions.","Verified in the module cache: $GOMODCACHE/github.com/lib/pq@v1.12.3/connector.go:286 `Password string \`postgres:""password"" env:""PGPASSWORD""\`` and :291 `Passfile string \`postgres:""passfile"" env:""PGPASSFILE""\``. Both NewPostgresStore (postgres.go:38) and RunMigrations (migrate.go:74) open via sql.Open(""postgres"", url) so the env fallback applies to api, migrate and purge. storage.PostgresConfig.Validate (storage.go:220-243) requires scheme, host and database name but not a password, so a password-less URL passes validation. compose:44/96/121 interpolate the password unescaped three times as described; README:429-430 confirms the percent-encoding caveat."
GAP-01,critic,docs-drift,medium,true,false,s,high,critic-added,web/docs/index.html,165,Web docs claim in-toto attestation manifests are skipped; an index entry with that media type is an integrity error that aborts the whole scan,"web/docs/index.html says ""Attestation and provenance manifests (for example application/vnd.in-toto+json) are skipped instead of counted as platform scan failures."" The code only skips descriptors whose media type is an image manifest AND carry the vnd.docker.reference.type=attestation-manifest annotation, a non-empty artifactType, or platform unknown/unknown (document.go IsAttestationDescriptor:301-316). A descriptor whose mediaType is application/vnd.in-toto+json fails IsManifestMediaType, so ValidateImageIndex (integrity.go:155) returns IntegrityMediaTypeMismatch; scanner/scan.go:1014 calls ValidateDocument on the root and scan.go:287 treats any IntegrityError as fatal for all remaining platforms, and --allow-partial cannot accept it. The DOC auditor raised this as an open question; nobody confirmed it. Confirmed with a scratch-copy probe test.","Probe (scratch copy, internal/manifest): ValidateImageIndex error: descriptor_media_type_mismatch for ""manifest[1]"": expected ""supported OCI media type"", got ""application/vnd.in-toto+json"". Code: document.go:302 `if !IsManifestMediaType(descriptor.MediaType) { return false }`; scan.go:287 `if limits.IsExceeded(err) || manifest.IsIntegrityError(err) || ...  { finalizeResult(...); return result, err }`.","Either (a) make the docs true: in IsAttestationDescriptor/ValidateImageIndex treat descriptors with non-image media types (application/vnd.in-toto+json, application/vnd.oci.empty.v1+json, artifact manifests) as skippable with a `manifest_skipped` diagnostic instead of an IntegrityError (aligns with REG-11), or (b) rewrite the sentence to say only BuildKit attestation-manifest entries (annotation vnd.docker.reference.type=attestation-manifest, artifactType, or unknown/unknown platform) are skipped and that any other non-image index entry fails the scan. Add a document_test.go case for an in-toto media-type descriptor either way.",
GAP-02,critic,reliability,medium,false,false,xs,high,critic-added,docker-compose.yml,35,"Compose api service has no stop_grace_period, so Docker SIGKILLs the API after 10 s while LAYERLEAK_API_SHUTDOWN_TIMEOUT defaults to 30 s","api.Run handles SIGTERM via signal.NotifyContext and calls server.Shutdown with cfg.APIShutdownTimeout (default 30s, run.go:78-99). `docker compose stop/down` and `docker stop` send SIGTERM and then SIGKILL after the default 10-second grace period. docker-compose.yml sets LAYERLEAK_API_SHUTDOWN_TIMEOUT but no stop_grace_period, so in the shipped deployment the graceful drain is cut off at 10 s regardless of the configured 30 s, and an in-flight scan's SaveScan transaction is killed mid-flight. API-04 analysed Shutdown itself but no auditor checked the orchestrator grace period against it; README's deploy section does not mention terminationGracePeriodSeconds for Kubernetes either.","docker-compose.yml:35 `LAYERLEAK_API_SHUTDOWN_TIMEOUT: ${LAYERLEAK_API_SHUTDOWN_TIMEOUT:-30s}`; `grep -n stop_grace_period docker-compose.yml` -> no match; run.go:93-96 `shutdownCtx, cancel := context.WithTimeout(context.Background(), cfg.APIShutdownTimeout); ... server.Shutdown(shutdownCtx)`.","Add `stop_grace_period: 35s` (shutdown timeout + margin, or `${LAYERLEAK_API_STOP_GRACE:-35s}`) to the api service in docker-compose.yml, and add one sentence to README's deployment section: the orchestrator's termination grace period must exceed LAYERLEAK_API_SHUTDOWN_TIMEOUT (Kubernetes terminationGracePeriodSeconds, docker stop -t). Consider the same for the migrate/purge tool services.",
GAP-06,critic,compat,medium,false,true,m,high,critic-added,migrations/0001_initial.up.sql,64,"Several proposed detector fixes change finding fingerprints, which are the database identity (UNIQUE(manifest_digest, fingerprint)); no auditor assessed the upgrade impact","DET-03 (value-only spans for env/label findings), DET-07 and DET-20 (capture-boundary fixes), DET-12 (full GitLab token), DET-26/PRD-07 (detector renames) and especially DET-09 (keyed HMAC fingerprints) all change the fingerprint or detector_name emitted for the same secret. findings are keyed by UNIQUE (manifest_digest, fingerprint) and finding_occurrences by a 15-column identity that includes detector_name, so after upgrading to 3.0.0 a rescan of an already-recorded image inserts a second findings row for the same secret while the legacy row keeps stale first_seen/last_seen and remains counted by the API list endpoints and scan_runs.unique_fingerprints. Raw values are not retained by default, so no migration can recompute old fingerprints. The DET, DB and PRD areas each touched part of this (DET open question on HMAC, DB open question on 0005, PRD-13 baseline keyed by fingerprint) but no finding states the operator-visible consequence or the required CHANGELOG/UPGRADING text.","migrations/0001_initial.up.sql:59-64 `fingerprint TEXT NOT NULL, ... UNIQUE (manifest_digest, fingerprint)`; migrations/0003_scan_runs.up.sql:20 `unique_fingerprints INTEGER NOT NULL DEFAULT 0`; DET-03/DET-09/DET-12/DET-26 and PRD-07/PRD-13 titles in the area digests.","Before the RC decide the fingerprint contract for v3: (1) keep the unsalted sha256-of-value fingerprint (stable across installs, needed by PRD-13 baseline files and PRD-09 SARIF partialFingerprints) and reject DET-09's per-database HMAC, or adopt HMAC and accept that baselines are per-install; (2) add a `fingerprint_version` (or `detector_schema_version`) column in a 0005 migration so old and new rows are distinguishable, and have the API/CLI mark legacy rows; (3) write the UPGRADING/CHANGELOG paragraph: 'Finding identities for env/label/metadata findings and the listed detectors change in 3.0.0; historical rows are retained and a rescan creates new rows.' Also ensure the detector rename table (PRD-07) is applied to finding_occurrences.detector_name by migration or read-time mapping, not left split.",
DET-04,detectors-findings,security,medium,true,false,s,high,downgraded,internal/findings/findings.go,374,context_snippet leaks undetected repeats of a matched secret inside the ±24-byte window,"contextSnippet redacts only detector spans (n.spans, built from matches). exactValueSpans (line 588) — which redacts every textual occurrence of a match value — is applied only to provenance (file path / metadata key) in sanitizedProvenance, never to content. Any second copy of the secret that no detector matched (context-requiring detectors only match assignment positions; e.g. `token: X X`, CSV columns, `KEY=X # was X`) is printed in clear up to 24 bytes. The 'redacted context only' promise in openapi.yaml (`context_snippet: description: Redacted context only.`) is therefore not met.","Probe with Default() then NewDetailedNormalizer: content `token: Xk9fL2mQ8vR4tY7wZ1aB3cD5 Xk9fL2mQ8vR4tY7wZ1aB3cD5` -> matches: 1 (`keyword_entropy [7:31]`); output `context_snippet=""token: [REDACTED] Xk9fL2mQ8vR4tY7wZ1aB3cD""` — 23 of the 24 secret characters visible. Code: findings.go:381-399 only consults `n.spans`; findings.go:564-565 `spans := mergeSensitiveSpans(value, provenanceMatches); spans = append(spans, exactValueSpans(value, contentMatches)...)` exists only in sanitizedProvenance.","As proposed: merge exactValueSpans(input.Content, matches) into normalizer.spans in NewDetailedNormalizerWithProvenance (dedupe by value; skip values shorter than ~8 bytes to avoid over-redaction). Add the property test.","Reproduced: 'token: X X' => matches=1, context_snippet=""token: [REDACTED] Xk9fL2mQ8vR4tY7wZ1aB3cD"" (23/24 chars); 'DB_PASSWORD=""X"" # X' => snippet shows 20 chars of the repeat; a copy on the next line also leaks 22 chars. The leak is real and contradicts openapi 'Redacted context only', but it requires an undetected second copy of the same value within 24 bytes of a context-gated match (self-identifying tokens are matched everywhere), so medium rather than high. Still cheap and appropriate to fix before 3.0.0."
DET-07,detectors-findings,bug,medium,true,false,xs,high,confirmed,internal/detectors/detectors.go,86,basic_auth_url host class swallows trailing delimiters: single-line JSON is missed and quoting junk pollutes value/fingerprint,"`https?://[^/\s:@]+:[^/\s@]+@[^/\s]+` lets the host consume `""}`, `"",`, `')`, `';`. Go's url.Parse rejects `}` (and `\`, `|`) in a host, so looksLikeBasicAuthURL returns false and compact JSON like `{""registry"":""https://u:p@host""}` yields no finding. When the trailing characters are accepted by url.Parse (`""` `,` `'` `)` `;` are allowed) they become part of Match.Value, so the same URL gets a different fingerprint depending on surrounding quoting and redacted_value ends with the junk.","Probe: `basic auth url in single-line JSON ({""registry"":""https://deploy:Sup3rS3cretPw@registry.internal""}) => <none>`; `followed by comma quote => basic_auth_url[15:63]=""https://deploy:Sup3rS3cretPw@registry.internal\"",""`; `followed by paren => ...registry.internal')`; `followed by semicolon => ...registry.internal';`; `bare => [0:46]` (clean). Code: detectors.go:86 and looksLikeBasicAuthURL lines 565-588 (`parsed, err := url.Parse(value); if err != nil { return false }`).",Restrict host to [A-Za-z0-9.\-_~%\[\]:]+ and exclude quotes from user/password classes as proposed; make the scheme case-insensitive ((?i:https?)) and lower-case it before looksLikeBasicAuthURL's scheme check; add compact-JSON and quoted YAML fixtures.,"Probe: {""registry"":""https://deploy:Sup3rS3cretPw@registry.internal""} => <none> (Go url.Parse rejects '}' in host); followed by '"",' => basic_auth_url value ends with '"",' (fingerprint differs from the bare URL); bare and '/path' forms are clean. Also HTTPS:// (uppercase scheme) => <none>."
DET-09,detectors-findings,security,medium,false,true,m,medium,confirmed,internal/findings/findings.go,328,"Fingerprint is an unsalted SHA-256 of the raw secret, published in JSON/API/DB — an offline verification oracle for low-entropy secrets","`Fingerprint(value) = hex(sha256(value))` is exposed in every finding (openapi `fingerprint`), stored in `findings.fingerprint`, and used as the cross-run identity. Anyone with read access to findings can confirm a guessed secret, and short passwords (netrc/pypirc ≥4 chars, basic-auth passwords) can be recovered by dictionary/brute force even from 'redacted' output; DET-08 makes this worse. A 3.0 release is the natural point to change fingerprint semantics because every fingerprint changes.",findings.go:328-331 `func Fingerprint(value string) string { sum := sha256.Sum256([]byte(value)); return hex.EncodeToString(sum[:]) }`; web/docs/openapi.yaml:849 `fingerprint: type: string`; storage upserts by fingerprint (internal/storage/postgres.go:396-457 region). README/openapi make no statement that fingerprints are keyed.,"If adopting HMAC, keep cross-run stability per database via a stored key; at minimum document the oracle and truncate to 128 bits. Either path requires a 3.0.0 compatibility note since every fingerprint changes.","findings.go:328-331 is a plain sha256 of the raw value; it is exposed in JSON/API and used as the DB identity (storage upsert by fingerprint). For low-entropy passwords this is an unsalted hash published alongside a partial reveal (DET-08). Keyed fingerprints are a design change with real costs (cross-database comparability, key management), so medium and not blocking is right."
DET-10,detectors-findings,bug,medium,false,false,xs,high,confirmed,internal/detectors/detectors.go,74,"Context regexes (aws_secret_access_key, twilio_auth_token, heroku, snyk) do not allow a closing quote between key and separator, so JSON `""key"": ""value""` is missed","Patterns of the form `key\s*(?:=|:|=>)\s*[""']?(value)` accept a quote before the value but not after the key. In JSON (`{""aws_secret_access_key"": ""wJalr...""}`) the character after the key is `""`, so the regex fails; with DET-02 also failing, an AWS secret key in a JSON/YAML-quoted-key config produces no finding at all.","Probe: `aws secret in JSON quoted key => <none>`, `aws secret in yaml quoted key (""aws_secret_access_key"": wJalr...) => <none>`, `aws secret yaml plain => aws_secret_access_key[23:63]`; `twilio auth token JSON quoted key => <none>` vs yaml plain detected; `snyk token JSON quoted key => <none>`; `heroku uuid quoted json => <none>`. Code: detectors.go:74 `(?i)(?:aws[_-]?secret[_-]?access[_-]?key|secret[_-]?access[_-]?key)\s*(?:=|:|=>)\s*[""']?([A-Za-z0-9/+=]{40})`, :110 twilio, structured.go:29 and :38 `\b...(?:key|token)\b\s*(?:=|:|=>)\s*[""']?(uuid)\b`.",As proposed; build the four patterns from one helper so they stay consistent and add a trailing boundary.,"Probe: {""aws_secret_access_key"": ""wJalr...""} => <none>; YAML plain => aws_secret_access_key[23:63]; {""heroku_api_key"": ""<uuid>""} => <none>. Patterns at detectors.go:74, :110 and structured.go:29/:38 have no [""']? after the key."
DET-11,detectors-findings,bug,medium,false,false,xs,high,confirmed,internal/detectors/detectors.go,67,pem_private_key misses PGP private key blocks and any key without an END marker,"The regex requires the literal `PRIVATE KEY-----` right after the type words, so `-----BEGIN PGP PRIVATE KEY BLOCK-----` never matches, and it requires a matching END marker, so a key truncated by LAYERLEAK_MAX_FILE_BYTES (1 MiB default), a partially written file, or a lone header in a log/script is not reported. gitleaks' rule accepts `PRIVATE KEY(?: BLOCK)?`.",Probe: `PGP private key block => <none>`; `truncated PEM (no END) => <none>`; `private key header only (BEGIN marker) => <none>`; OpenSSH/EC/RSA/JSON-escaped GCP keys detected. Code: detectors.go:67 `(?s)-----BEGIN [A-Z0-9 ]*PRIVATE KEY-----.*?-----END [A-Z0-9 ]*PRIVATE KEY-----`.,As proposed.,Probe: '-----BEGIN PGP PRIVATE KEY BLOCK-----...END...' => <none>; truncated RSA PEM without END => <none>. detectors.go:67 requires 'PRIVATE KEY-----' immediately and a matching END.
DET-12,detectors-findings,bug,medium,false,false,xs,high,confirmed,internal/detectors/detectors.go,69,"GitLab routable PATs are captured only up to the first '.', leaving the version/length/CRC tail in plaintext and fingerprinting a partial token","GitLab ≥17.7 issues routable tokens `glpat-<payload 27–300 base64url>.<2 base36 version>.<2 base36 length + 7 base36 CRC>` (GitLab MR 'Make PersonalAccessToken#token routable'; GitLab's own detector `glpat-[0-9a-zA-Z_-]{27,300}\.[0-9a-z]{2}[0-9a-z]{7}\b`). The rule `\bglpat-[A-Za-z0-9\-_]{20,}\b` stops at the '.', so Match.Value omits the tail, context_snippet shows `[REDACTED].01.0w1bd93a1`, and the fingerprint is of a prefix rather than the token.","Probe: `gitlab routable pat (glpat-<redacted>) => gitlab_token[13:39]=""glpat-<redacted>""` (tail `.01.0w1bd93a1` excluded). Code detectors.go:69.","\bglpat-[A-Za-z0-9_-]{20,300}(?:\.[0-9a-z]{2}\.[0-9a-z]{9})?\b (2-char base36 version, then 2-char base36 length + 7-char CRC). Apply the same optional tail to the other gl*- rules GitLab routes, and add a routable-token fixture asserting the full value is redacted.","Probe: glpat-<redacted> => gitlab_token[13:39] (tail excluded). GitLab source lib/authn/token_field/generator/routable_token.rb assembles ""#{prefix}#{base64_payload}.#{token_version}.#{base64_payload_length}"" + 7-char CRC, i.e. TWO dots with 2 chars after the first and 2+7=9 chars after the second. The auditor's proposed tail '\.[0-9a-z]{2}\.[0-9a-z]{7}' is wrong (7 instead of 9), and the gitleaks one-dot regex they cited disagrees with GitLab's own generator."
DET-15,detectors-findings,bug,medium,false,false,s,high,confirmed,internal/detectionpolicy/policy.go,55,"Suppression heuristics hide real secrets: placeholder markers judged on whole lines/paths, strong 'spec/e2e/mock/stubs' path markers, 'EXAMPLE' substring on whole URL values","ExampleReason calls hasPlaceholderMarkerSignal(filePath, key, line, value): any of 21 markers anywhere in the source line (including trailing comments) or in the file path flips a real secret to disposition=example. TestPathReason treats `spec`, `specs`, `e2e`, `acceptance`, `stubs`, `mock`, `mocks`, `fixture` as decisive; OpenAPI `spec/` directories, RPM `SPECS/`, and e2e configs ship in production images. hasKnownDummyValueSignal applies `strings.Contains(upper, ""EXAMPLE"")` to the whole matched value, so URL-shaped values with 'example' in the hostname are suppressed. Suppressed findings do not count toward total_findings or exit code 2 and are hidden by default in the API (`?disposition` defaults to actionable), so these are effective false negatives.","Classify probe (github_token, real-shaped value): `/app/.env ""GH_TOKEN=ghp_... # TODO replace this with vault lookup"" => example/placeholder_marker`; `... # dummy account for CI => example/placeholder_marker`; `/app/node_modules/@faker-js/faker/.npmrc => example/placeholder_marker`; `/app/config/spec/production.yaml => example/test_path`; `/usr/src/packages/SPECS/app.env => example/test_path`; `/app/e2e/prod.env => example/test_path`; basic_auth_url value `https://deploy:RealPassw0rd@git.examplecorp.internal/repo.git => example/known_dummy_value`. Code: policy.go:55 `if hasPlaceholderMarkerSignal(filePath, key, line, value)`, :84-85 marker list, :191 `if strings.Contains(upper, ""EXAMPLE"")`.","As proposed; additionally treat '.template' as a weak signal rather than decisive, since *.conf.template files are shipped in production images.","ExampleReason probes: '/app/.env' line with '# TODO replace this with vault lookup' => placeholder_marker; '/app/node_modules/@faker-js/faker/.npmrc' => placeholder_marker ('fake' in path); '/app/config/spec/production.yaml', '/usr/src/packages/SPECS/app.env', '/app/e2e/prod.env' => test_path; basic_auth_url value with host git.examplecorp.internal => known_dummy_value; also '/etc/nginx/nginx.conf.template' => example_path (envsubst templates are common in production images). Suppressed findings do not count toward total_findings/exit 2."
DET-25,detectors-findings,test-gap,medium,false,false,m,high,confirmed,internal/detectors/detectors_test.go,889,No format/negative/property coverage that would have caught DET-01..08; corpus covers ~15 of 80 detectors; brittle Len()==80 assertion,"detectors_test.go has one positive string per detector and a few negatives; there is no unquoted .env `KEY=VALUE` case, no pretty-JSON/quoted-YAML/TOML case, no CRLF/BOM/quoted structured-parser case, no realistic age key, no PGP/truncated PEM, no throughput benchmark; findings_test.go has no short-value Redact test and no 'secret never appears in any public field' property test (would have caught DET-04); the corpus has 31 fixtures for 80 detectors and no false-positive fixtures (sha256 digests, UUID request IDs, base64 images). `TestDefaultSetContainsOnlyNativeRules` hard-codes `Len() != 80`.","detectors_test.go:889-893 `if got := Default().Len(); got != 80 { t.Fatalf(...) }`; detectors_test.go:244 lowercase age fixture; corpus listing: 5 discarded, 4 overlap, 15 real_positives, 7 suppressed; probes in this audit produced `<none>` for .env unquoted, pretty JSON, PGP block, uppercase age key with no existing test asserting otherwise.",As proposed; also add a trailing-dash fixture per prefix rule (DET-36).,"detectors_test.go:889-893 hard-codes Len()==80; the only age fixture (line 244) is lowercase; no unquoted .env, pretty-JSON, CRLF-quoted, PGP, Redact-short-value or snippet-leak property tests exist; the corpus has 31 fixtures. Every DET-01..08 probe in this verification would have failed against a reasonable fixture."
DET-30,detectors-findings,improvement,medium,false,false,m,high,confirmed,internal/detectors/detectors.go,97,"Coverage gap: Kubernetes and cloud-CLI state files (kubeconfig client-key-data/password, gcloud ADC refresh tokens, Azure token caches, AWS SSO cache)","kubeconfig_token covers only `token:`; `client-key-data:` (base64 PEM, `LS0tLS1CRUdJTi` prefix), `client-certificate-data`, and `password:` under users are ignored, and the PEM detector cannot see base64-encoded keys. `~/.config/gcloud/application_default_credentials.json` refresh tokens (`1//0[A-Za-z0-9_-]{20,}`), `~/.config/gcloud/access_tokens.db`, `~/.azure/accessTokens.json`/`msal_token_cache.json`, and `~/.aws/sso/cache/*.json` accessToken are not covered. These files are routinely baked into CI/build images.","Probe: `kubeconfig client-key-data (.kube/config, LS0tLS1CRUdJTi...) => <none>`. Code detectors.go:97 `newPathRegexDetector(""kubeconfig_token"", ... `(?im)^\s+token:\s+([^\s#]+)\s*$` ...)`; no rule references `client-key-data`, `refresh_token`, `1//0` or `.azure`.",As proposed.,"kubeconfig_token at detectors.go:97 only matches 'token:'; nothing in Default() references client-key-data, refresh_token, '1//0' or .azure paths; base64 PEM (LS0tLS1CRUdJTi) is invisible to pem_private_key."
DET-31,detectors-findings,improvement,medium,false,false,s,high,confirmed,internal/detectors/detectors.go,432,"Coverage gap: HTTP header credentials (Authorization: Basic/Bearer, X-Api-Key, PRIVATE-TOKEN) in configs and RUN history","`Authorization: Basic <base64>` and `Authorization: Bearer <opaque>` are not assignments (prefix ends with 'Basic'/'Bearer'), so hasAssignedValuePrefix rejects them and no dedicated rule exists. They appear in `RUN curl -H` history lines, nginx/haproxy/Caddy configs, `.curlrc`/`.wgetrc`, and Kubernetes ingress annotations. looksLikeBase64Credential (decode and require ':') already exists but is only used for .npmrc `_auth`.",Probe: `Authorization Basic header (Authorization: Basic ZGVwbG95Ol...) => <none>`; `Authorization Bearer opaque => <none>`; `RUN curl bearer history => <none>`. Code detectors.go:637-652 hasAssignedValuePrefix has no branch for header syntax; looksLikeBase64Credential used only at line 81.,As proposed.,hasAssignedValuePrefix (detectors.go:637-652) has no header branch; the only Authorization-style rules are okta (SSWS) and heroku HRKU-. looksLikeBase64Credential is used only at line 81.
DET-32,detectors-findings,improvement,medium,false,false,m,high,confirmed,internal/detectors/detectors.go,101,"Coverage gap: cloud-provider formats (Google GOCSPX-<redacted> tokens/FCM, Azure client secret/SAS/SharedAccessKey/DevOps PAT, AWS session tokens outside .aws, Alibaba LTAI, Fly fm2_ macaroons, Terraform atlasv1 standalone)","Azure is covered only by `AccountKey=`; Google only by `AIza` and `ya29.`; AWS session tokens only inside .aws/credentials; Fly only by the older `fo1_` shape. Missing: Google OAuth client secret `GOCSPX-[A-Za-z0-9_-]{28}`; Google refresh tokens `1//0...`; Firebase FCM server keys `AAAA[A-Za-z0-9_-]{7}:APA91b[A-Za-z0-9_-]{100,}`; Azure AD client secrets (`[A-Za-z0-9_~.-]{3}8Q~[A-Za-z0-9_~.-]{31,34}`); Azure SAS (`[?&]sig=[A-Za-z0-9%+/=]{40,}` with `sv=`); Service Bus/Event Hub `SharedAccessKey=`; Azure DevOps PATs (52 lowercase alnum with `AZURE_DEVOPS|SYSTEM_ACCESSTOKEN` context); `AWS_SESSION_TOKEN=`/`aws_session_token` anywhere (`IQoJ|FQoG|FwoG` base64 ≥ 200 chars); Alibaba `LTAI[A-Za-z0-9]{12,20}`; Fly `FlyV1 fm2_`/`fm1r_`; Terraform Cloud `atlasv1\.[A-Za-z0-9]{60,}` outside .terraformrc (TF_TOKEN_app_terraform_io env).","Probe: `google oauth client secret (GOCSPX-...) => <none>`; `azure client secret (abc8Q~...) => <none>`; `azure sas sig => <none>`; `aws session token env => keyword_entropy whole-line (medium) only`; `alibaba LTAI => <none>`. Code: only detectors.go:76, :101, :134 reference Google/Azure formats.",As proposed; verify each vendor shape against gitleaks/vendor docs before landing.,"Only detectors.go:76 (AIza), :101 (AccountKey=), :134 (ya29.) reference Google/Azure formats; no GOCSPX-, 8Q~, sig=, SharedAccessKey=, LTAI or fm2_ rules. Individual vendor regexes in the proposal were not all independently verified."
DET-33,detectors-findings,improvement,medium,false,false,s,high,confirmed,internal/detectors/detectors.go,70,"Freshen existing vendor rules: Slack xapp-<redacted>, GitLab glptt-<redacted> GR1348941, OpenAI sk-<redacted> (+T3BlbkFJ marker), Notion ntn_, SonarQube squ_<redacted>, Grafana glc_, Sentry sntrys_, New Relic NRII/NRIQ/NRAL, PlanetScale pscale_pw_, CircleCI CCIPRJ_, Datadog 40-hex app key, Twilio SK keys","Several rules lag current vendor formats: slack_token covers xoxa/b/p/r/s only (Slack docs list `xapp-`, `xoxe.xapp-`, `xwfp-`; gitleaks adds `xoxe-`); OpenAI lacks `sk-<redacted>` (documented service-account prefix) and could use the `T3BlbkFJ` (base64 'OpenAI') marker as a validator; Notion moved to `ntn_` on 2024-09-25 (`\bntn_[0-9]{11}[A-Za-z0-9]{35}\b`); SonarQube on-prem tokens are `(squ|sqp|sqa)_[0-9a-f]{40}` while only SonarCloud `sqco_` exists; GitLab documents glptt-, gloas-, glagent-, glsoat-, glffct-, glimt-, glcbt-, glrtr-, glwt-, glft-; datadog_api_key's value regex is exactly 32 hex so 40-hex APP keys are never matched; Twilio API keys `SK[0-9a-f]{32}` are absent.","Probe: `openai svcacct => <none>`; `notion ntn_ => <none>`; `slack xapp => <none>`; `slack xoxe => <none>`; `sonarqube squ_ => <none>`; `grafana cloud glc_ => <none>`; `DD_APP_KEY hex40 env => <none>` (hex40 datadog rate 0.0%); `twilio api key SK => <none>`. Web: Slack token docs list `xapp-`, `xoxe.xapp-`, `xwfp-`; GitLab token docs list the prefixes above; Notion changelog 2024-09-25; SonarQube docs `squ_<redacted>` + 40 hex; OpenAI `sk-<redacted>`. Code: detectors.go:70 slack, :92 openai, :106 notion, :133 sonarcloud, :102-105 datadog `\b[a-f0-9]{32}\b`.",As proposed.,"gitleaks.toml fetched corroborates: openai sk-(proj|svcacct|admin) with T3BlbkFJ marker, notion ntn_[0-9]{11}[A-Za-z0-9]{35}, slack xapp-\d-[A-Z0-9]+-\d+-[a-z0-9]+, slack xox[pe], sonar squ_<redacted> with 40 chars, databricks (?:-\d)?. Probes: ntn_ and xapp shapes => <none> against Default()."
DET-34,detectors-findings,improvement,medium,false,false,m,high,confirmed,internal/detectors/detectors.go,432,"Coverage gap: OS/framework secrets baked into images (/etc/shadow and .htpasswd hashes, Laravel APP_KEY, Django/Flask SECRET_KEY with punctuation, Rails master.key/secret_key_base, WordPress define(), XML <password>)","A root password hash in `/etc/shadow` or an `.htpasswd` file is a classic image finding and is not detected. `APP_KEY=base64:...` has no keyword ('app_key' is not in secretKeywordExpression) so Laravel keys are missed even in env. Django/Flask `SECRET_KEY = 'x!7$k9@p2#...'` contains punctuation outside the candidate class so it is fragmented and missed. Rails `config/master.key` is a bare 32-hex file with no keyword. WordPress `define('DB_PASSWORD', '...')` and XML `<password>...</password>` are not assignment shapes for hasAssignedValuePrefix.","Probe: `etc shadow root hash => <none>`; `Laravel APP_KEY env => <none>`; `django secret key => <none>`; `django secret key strong => <none>`; `rails master.key bare hex => <none>`; `php define DB_PASSWORD => <none>`; `maven settings.xml <password> => <none>`. Code detectors.go:432 keyword list lacks `app[_-]?key`, `master[_-]?key`, `signing[_-]?key`, `encryption[_-]?key`; :433 candidate class excludes `!@#$%^&*()`.",As proposed.,secretKeywordExpression (detectors.go:432) lacks app_key/master_key/encryption_key; candidate class excludes punctuation; no /etc/shadow or .htpasswd rule exists.
DET-36,detectors-findings,bug,medium,false,false,s,high,verifier-added,internal/detectors/detectors.go,76,Trailing \b after a character class containing '-' makes fixed-length rules miss tokens ending in '-' and variable-length rules truncate them,"Go's \b requires a word/non-word transition. When a token's last character is '-' (1/64 of base64url positions) and it is followed by a quote, space or end of input, there is no boundary. Fixed-length rules (google_api_key {35}, square_application_secret {43}, square_oauth_token {22}) therefore fail entirely; variable-length rules (jwt, anthropic_api_key, gitlab_token, gitlab_deploy_token, gitlab_runner_token, hashicorp_vault_token, sendgrid_api_key, pypi_api_token, fly_api_token, mapbox_secret_token) silently drop the final character, so Match.Value, fingerprint and the redacted span are of a truncated token and the last character stays in plaintext in context_snippet. ~1.5% of real Google API keys are missed outright.","Probe: '""AIza<redacted>""' => <none>; 'GOOGLE_API_KEY=AIza<redacted>' => <none>; same key ending in 'e' => google_api_key[15:54]; 'sq0csp-' + 42 A + '- next' => <none>; 'sk-ant-<redacted>' + 30 a + '- next' => anthropic_api_key[0:43] (44-char token truncated to 43); JWT with signature ending '-' => jwt[0:71] (dash excluded). Code: detectors.go:76 `\bAIza[0-9A-Za-z\-_]{35}\b`, :113 `\bsq0csp-[0-9A-Za-z_-]{43}\b`, :83 jwt, :91 anthropic.","Replace trailing \b on every rule whose class contains '-' or '.' with an explicit terminator group, as google_oauth_access_token already does: e.g. `\b(AIza[0-9A-Za-z_-]{35})(?:[^0-9A-Za-z_-]|$)` with group 1; same for sq0csp-/sq0atp-/jwt/sk-ant-<redacted> Add a table test that appends '-' as the last token char followed by '""' and asserts a full-length match. Combine with the DET-14 prefilter refactor since both touch every prefix rule.",
DET-37,detectors-findings,bug,medium,false,false,xs,high,verifier-added,internal/detectors/detectors.go,681,"isLowercaseSeparatorCandidate suppresses every lowercase+digit value containing '-', '_' or '/', so UUID-shaped and lowercase base64url secrets are never found by keyword_entropy","shouldSuppressEntropyCandidate rejects any candidate made only of lowercase letters, digits and -/_// (line 666 -> 681-696) regardless of context, entropy or length. This blanket rule (intended for 'base-passwd/user-change-gecos'-style words, which looksLikeWordCompound already handles) discards UUID-shaped tokens (Postmark, Rollbar, Pusher, any OAuth client secret rendered as UUID), Mailgun 'key-<32 lowercase alnum>' keys, and lowercase base64url tokens with '_' even when the line says password/token/api_key. It compounds DET-05: fixing the entropy threshold alone will not make UUID secrets detectable.","Probe: '/app/.env' 'MAILGUN_API_KEY=""key-3ax6xnjp29jd6fds4gc373sgvjxteol0""' => <none>; '/app/config.yaml' 'postmark_token: 7f3c2a1e-9b8d-4c6f-a5e2-1d0b9c8a7f6e' => <none>; '/app/.env' 'API_TOKEN=""a9f3k2m8x1q7z4w6v0b5n3c8j2h6g4d1s7_t9""' => <none>. Code detectors.go:666 `if isLowercaseSeparatorCandidate(value) { return true }` and :681-696.","Delete the isLowercaseSeparatorCandidate gate (looksLikeWordCompound + looksPathLikeCandidate already cover the wordy cases in TestKeywordEntropySuppressesWordyCandidates) or restrict it to values with digitCount <= 2; add positive fixtures for a quoted Mailgun key and a UUID-shaped token under a password/token key, and keep the existing negative word-compound tests green.",
DOC-05,docs-web,migration-edit,medium,true,false,xs,high,confirmed,SECURITY.md,106,"Verification snippets pin version=v1.1.0(-rc.1) in README, SECURITY and RELEASING","Copy-paste verification blocks hard-code the version: README.md:438 `version=v1.1.0-rc.1`, SECURITY.md:106 `version=v1.1.0`, RELEASING.md:312 `version=v1.1.0`. `gh release verify v1.1.0` will fail with 'release not found' at 3.0.0. The three blocks are also byte-for-byte duplicates that have already been edited independently (README's uses `docker buildx imagetools inspect --format '{{json .Manifest.Digest}}'`, the other two take the digest from release-manifest.json).",SECURITY.md:105-107: 'image=ghcr.io/brumbelow/layerleak\nversion=v1.1.0\ndigest=\'sha256:<digest-from-release-manifest>\'',Change to `version=v3.0.0` in all three; keep one canonical block in SECURITY.md 'Verify release integrity' and have README and RELEASING link to it instead of duplicating (README keeps only the two-line docker pull/inspect). Add to validate_docs.py (or a small shell check in verify.yml) a grep that fails if `version=v1.` or `@v1.` appears outside CHANGELOG history sections.,"README.md:438 `version=v1.1.0-rc.1`, SECURITY.md:106 `version=v1.1.0`, RELEASING.md:312 `version=v1.1.0` confirmed. README's block differs from the other two (digest via `docker buildx imagetools inspect --format`, no `sha256sum --check`), so the three are already independently edited copies. Consolidating into SECURITY.md is sound."
DOC-06,docs-web,docs-drift,medium,false,false,s,high,confirmed,web/assets/demo-data.json,4,"Published demo command cannot run: 'vulnerableHost' is rejected as a non-lowercase repository, and the transcript shows repository-only phases and omits summary rows the CLI prints","web/docs/index.html:461 and demo-data.json:4/:52 present `layerleak scan vulnerableHost:latest --platform linux/amd64` as the example command. Running it against the current binary fails before any network call: `parse image reference: invalid reference format: repository name (library/vulnerableHost) must be lowercase` (exit 1). The replayed transcript is also not what the CLI prints for a single tagged reference: frames 2-3 show 'Phase: Listing Tags / Status: Listing repository tags' and 'Resolving Tags', but internal/jobs/scan.go only emits ProgressPhaseListingTags/ResolvingTags inside scanRepository (lines 286-309); scanSingleReference never does. The final summary frame (demo-data.json:82) omits 'Tags Enumerated/Tags Resolved/Tags Failed' rows, yet internal/cli/scan.go:389-395 appends them whenever `result.TagsEnumerated > 0`, which is 1 for a tagged reference (scanSingleReference sets TagsEnumerated: len(tags)). The frame also truncates the digest with '...' in the platform table, which renderSummaryTargets does not do (sanitizeProgressValue only collapses whitespace). The docs page (web/docs/index.html:457-459) claims the transcript 'shows the current result status, coverage, findings-array path, and companion scan-record path', so this is presented as representative output, not art.","$ go run . scan vulnerableHost:latest --progress off -> 'parse image reference: invalid reference format: repository name (library/vulnerableHost) must be lowercase'; internal/cli/scan.go:389: 'if result.TagsEnumerated > 0 || result.Mode == ""repository"" {' appends Tags Enumerated/Resolved/Failed; demo-data.json:57: '""status"": ""listing repository tags"", ""terminal"": ""...Phase:      Listing Tags...'",As proposed. One nuance: the `[sha256:8dbedc1c4a77...]` truncation inside the progress frames is legitimate (shortDigest at progress.go:319-324 appends '...'); only the final summary table should show the full digest. The generated-transcript test should therefore render both progress frames (via the real renderer) and renderSummary so neither is hand-typed.,"Reproduced: `go run . scan vulnerableHost:latest --progress off` prints 'parse image reference: invalid reference format: repository name (library/vulnerableHost) must be lowercase'. scannedTags (internal/jobs/scan.go:599-604) returns [""latest""] for a tagged reference, so scanSingleReference sets TagsEnumerated=1 and summaryRows (internal/cli/scan.go:389-395) appends the three Tags rows the demo omits. ListingTags/ResolvingTags are emitted only in scanRepository (scan.go:287, :302). renderSummaryTargets uses sanitizeProgressValue (progress.go:393-398), which never truncates, so the 60-char digest in the demo's platform table is invented."
DOC-07,docs-web,docs-drift,medium,false,false,m,high,confirmed,web/docs/index.html,287,Docs 'Results' section lists API aggregation fields as CLI result fields; no document describes the actual result JSON or scan-record JSON,"web/docs/index.html:287-312 under 'Results' (the CLI section) lists 'Per-finding fields: manifest_digest, fingerprint, redacted_value, occurrence_count, actionable_occurrence_count, suppressed_occurrence_count, first_seen_at, last_seen_at'. Those are `findingSummaryItem` fields from internal/api/handler.go:110-121 (and it omits that struct's `id` and `detectors`); none of occurrence_count/actionable_/first_seen_at exist in the CLI JSON `findings[]` element, which is findings.Finding (internal/findings/findings.go:82-98: detector_name, confidence, disposition, disposition_reason, source_type, manifest_digest, platform, file_path, layer_digest, key, line_number, redacted_value, fingerprint, context_snippet, match_start, match_end, present_in_final_image). The 'Per-occurrence fields' list omits key, match_start, match_end, manifest_digest, fingerprint. Nothing anywhere documents the top-level result object (result_schema_version, status, mode, requested/resolved reference, tag_results[], targets[].platform_results[], the 12 coverage counters at internal/scanner/scan.go:57-68, diagnostics{code,scope,subject,message,limit,observed}), nor the scan record (internal/cli/results.go: record_schema_version, created_at, result, persistence{status: saved|failed|disabled, scan_run_id, error_code, error_message}), nor the findings-array file's extra fields (value, raw_context_snippet, source_location, occurrence_count/suppressed_occurrence_count which appear only for low-confidence file groups capped at 3 per persistedLowConfidenceGroupCap). README.md:174 'deduplicated occurrence counts' overstates that last behavior.","web/docs/index.html:305-309: '<span role=""listitem"">occurrence_count</span> <span role=""listitem"">actionable_occurrence_count</span> <span role=""listitem"">suppressed_occurrence_count</span>' vs internal/findings/findings.go:82-98 (no such fields); internal/cli/results.go:44-45: 'OccurrenceCount int `json:""occurrence_count,omitempty""`' set only in capPersistedLowConfidenceFindings for Confidence == ""low"" && FilePath != """"","Add `web/docs/schemas/result.schema.json` and `web/docs/schemas/scan-record.schema.json` (JSON Schema 2020-12) generated from the Go types (a small `go run ./internal/tools/schemagen` or hand-written and enforced by a Go test that marshals fixture results and validates them), link them from README 'Results' and the docs page, and make the OpenAPI `ScanResult` schema `$ref` the same document so API and CLI cannot diverge. Rewrite the docs 'Results' section to list the real Finding fields and move the API summary fields under the HTTP API section. Correct README.md:174 to 'per-file occurrence counts for repeated low-confidence matches (capped at three retained occurrences per file group)'.","web/docs/index.html:303-312 'Per-finding fields' match findingSummaryItem (internal/api/handler.go:110-121) minus id/detectors; the DB findings table (migrations/0001_initial.up.sql:56-64) has no count columns, so these are API aggregation fields, not persistence columns. The 'Per-occurrence' list includes source_location, which is json:""-"" on DetailedFinding (findings.go:101-104) and appears only in the findings-array file (results.go:36), and omits key/match_start/match_end that findings.Finding (findings.go:82-98) emits. occurrence_count in the file is set only in capPersistedLowConfidenceFindings (results.go:123-143). Separately, open question 3 is resolved: IsAttestationDescriptor (internal/manifest/document.go:301-316) also treats a non-empty artifactType or an unknown/unknown platform as an attestation, so the docs sentence at web/docs/index.html:164-166 is acceptable as written."
DOC-11,docs-web,docs-drift,medium,false,false,s,high,confirmed,web/docs/index.html,195,"web/docs configuration block omits 16 variables README documents (all API_* server bounds, DATABASE_* pool/timeouts, MIGRATIONS_DIR); README and site duplicate content with no consistency check","web/docs/index.html:195-226 lists 32 variables. Compared with internal/config/config.go and README.md:203-267 it lacks LAYERLEAK_API_MAX_REQUEST_BYTES, API_SCAN_TIMEOUT, API_MAX_CONCURRENT_SCANS, API_READ_HEADER_TIMEOUT, API_READ_TIMEOUT, API_RESPONSE_WRITE_TIMEOUT, API_IDLE_TIMEOUT, API_SHUTDOWN_TIMEOUT, API_READINESS_TIMEOUT, DATABASE_MAX_OPEN_CONNS, DATABASE_MAX_IDLE_CONNS, DATABASE_CONN_MAX_LIFETIME, DATABASE_CONN_MAX_IDLE_TIME, DATABASE_QUERY_TIMEOUT, DATABASE_WRITE_TIMEOUT, MIGRATIONS_DIR. README, .env.example and the site each maintain their own copy; validate_docs.py checks links and OpenAPI but never cross-checks env names or defaults, so the three already disagree and will again after every config change.","web/docs/index.html:195-226 (config <pre> block) contains no 'LAYERLEAK_API_MAX_REQUEST_BYTES' / 'LAYERLEAK_DATABASE_MAX_OPEN_CONNS' / 'LAYERLEAK_MIGRATIONS_DIR'; README.md:251 '| `LAYERLEAK_API_MAX_REQUEST_BYTES` | `16384` |', README.md:261 '| `LAYERLEAK_DATABASE_MAX_OPEN_CONNS` | `10` |'","As proposed, but the suggested Go test 'Load() with .env.example values equals Load() with an empty environment' will fail as written: .env.example sets LAYERLEAK_FINDINGS_DIR=findings (config default is empty/auto, config.go:272) and LAYERLEAK_DATABASE_URL=postgres://... (default empty), and contains Compose-only names. Exclude FINDINGS_DIR, DATABASE_URL and the LAYERLEAK_DB_*/API_HOST/API_PORT/IMAGE keys from the equality assertion, or compare only the keys config.go parses with a non-empty default.","Set diff of LAYERLEAK_* names: config.go has 47, README and .env.example contain all 47 (plus Compose-only LAYERLEAK_API_HOST/API_PORT/DB_*/IMAGE), the web <pre> block at web/docs/index.html:195-226 has 31 and is missing exactly the 16 names listed (9 API_*, 6 DATABASE_*, MIGRATIONS_DIR). validate_docs.py has no env-name check."
DOC-13,docs-web,breaking-change-opportunity,medium,false,false,xs,high,confirmed,CONTRIBUTING.md,128,"3.0.0 needs an explicit wire/CLI compatibility statement: does /api/v1, result_schema_version 1, record_schema_version 1, exit codes and findings-array format survive the major bump?","CONTRIBUTING.md:128-133 says field removals, exit-code changes and API path changes 'require an intentional compatibility decision and release note', and CHANGELOG's Compatibility section (83-94) lists only behavior changes from the v1.1 work. A major version signals breakage; users will assume `/api/v1` and the JSON schema changed unless told otherwise. Conversely, if the maintainer wants to use the major to clean up (e.g. drop the legacy findings-array file in favor of the scan record, rename `suppressed_findings_count`/`suppressed_example_findings` inconsistencies, make `platform` a string, remove `Key`/`source_key` naming split between CLI JSON (`key`) and DB (`source_key`)), this is the only cheap moment and the docs must say so. Today no document states either decision.","internal/jobs/scan.go:206: 'ResultSchemaVersion:    1,'; internal/cli/results.go: 'record := localScanRecord{RecordSchemaVersion: 1, ...'; CHANGELOG.md:83-94 Compatibility section has no line about module path, API version or schema versions","Decide and write a 'What 3.0.0 does and does not break' block in CHANGELOG Compatibility, README 'Version history' and the upgrade guide (DOC-18): recommended default is 'module path only: /api/v1 paths, result_schema_version 1, record_schema_version 1, exit codes 0/1/2, findings-array file and env-var names are unchanged; the major exists because Go forbids reusing v2 and the root path is frozen at v1.0.0'. If any field/flag is renamed, bump result_schema_version to 2 and record_schema_version to 2 in the same release and document the mapping. Add a CONTRIBUTING 'Major-version policy' paragraph.","CONTRIBUTING.md:128-133 requires an explicit compatibility decision for path/field/exit-code changes; CHANGELOG.md:83-94 Compatibility section has no module-path, /api/v1 or schema-version statement; internal/jobs/scan.go:206 ResultSchemaVersion 1; openapi.yaml:534 'Additive result fields may be introduced within API v1'. A major bump without a stated wire contract is a real ambiguity for automation authors."
DOC-17,docs-web,ci,medium,false,false,m,high,confirmed,.github/workflows/pages.yml,28,"Pages workflow only asserts files exist and deploys from every main push independently of CI, so published docs can be broken and can never match a released version","pages.yml:28-39 runs ten `test -f` lines and then uploads/deploys `./web`. It does not run scripts/validate_docs.py, the Python unit tests or the Playwright demo tests (those live only in verify.yml:77-132, reached via test.yml), and it is triggered by `push: branches: [main] paths: web/**` (lines 4-8) with no `workflow_run`/`needs` on CI, so a red CI and a green Pages deploy can happen on the same commit. Because it always deploys HEAD of main, the site at brumbelow.github.io/layerleak/docs/ documents unreleased behavior; RELEASING.md:289 lists 'Pages serves the matching docs and OpenAPI file' as a post-publication check that nothing enforces, and after 3.0.0 ships the first merged PR will make the published OpenAPI disagree with the released binary. There is no version indicator or older-version path on the site.",".github/workflows/pages.yml:28-39: 'name: Verify Pages artifact\n run: |\n test -f web/index.html\n ... test -f web/.nojekyll'; pages.yml:4-8: 'on:\n  push:\n    branches: [main]\n    paths:\n      - ""web/**""'","Replace the existence check with the real gate: set up Python from requirements-docs.lock and run `python -m unittest scripts/test_validate_docs.py && python scripts/validate_docs.py` (and optionally the Playwright test) in the build job, or trigger pages.yml with `workflow_run: workflows: [CI] types: [completed]` and `if: github.event.workflow_run.conclusion == 'success'`. Add docs versioning: publish `web/` to `docs/v3/` (and `docs/latest/` -> copy) from the release workflow's publish job on stable tags, keep `docs/dev/` from main, add a small version banner/switcher and a `<meta name=""layerleak-version"">` emitted from CHANGELOG. Add the Pages deploy URL to release-manifest.json so RELEASING's 'Pages serves the matching docs' check becomes verifiable (`curl .../docs/v3/openapi.yaml | grep 'version: 3.0.0'`).","pages.yml:4-9 triggers on push to main for web/** and pages.yml itself; :28-39 runs only `test -f` checks; no workflow_run/needs dependency on CI (test.yml). verify.yml runs validate_docs.py, the Python tests and Playwright (verify.yml:103-132), but Pages does not wait for it. The site therefore always documents HEAD of main, so RELEASING.md:289 'Pages serves the matching docs and OpenAPI file' is unenforced and false after the first post-release merge."
DOC-19,docs-web,improvement,medium,false,false,l,high,confirmed,docs/plans/2026-09-09-release-readiness.md,1,"Documentation set missing for a 3.0.0: architecture overview, detector catalog, threat model, API operations runbook, false-positive/suppression FAQ, CLAUDE.md/AGENTS.md, security.txt","The docs/ tree contains only two dated v1.1 working records and an alert ledger; README is a 490-line monolith. Gaps observed while cross-checking code: (a) no architecture page although the package graph is clean (registry -> manifest -> layers -> detectors -> findings/detectionpolicy -> scanner -> jobs -> scanservice -> storage/api/cli); (b) no detector catalog even though findings carry `detector_name` and `confidence` and CHANGELOG.md:87-89 warns identifiers changed; detectors.Default() (internal/detectors/detectors.go:56) is a declarative list that could be rendered; (c) no threat model, although README 'Security model' and SECURITY 'Security boundaries' list controls without attacker/asset framing; (d) no operations runbook for the API (sizing with MAX_CONCURRENT_SCANS=1, timeouts interplay, readiness vs liveness, structured log fields `request_id`/`error_type`, backup/restore, purge procedure, schema drift errors); (e) no FAQ explaining dispositions (`example`, `example_path` at demo-data.json:421-422 and internal/detectionpolicy/policy.go:84-85 directory heuristics) or how to handle false positives (there is no suppression flag or allowlist, which is itself a product gap worth stating); (f) no CLAUDE.md/AGENTS.md for AI-assisted contributors despite the repo's strict conventions (pinned actions, hostile-input rules, table-driven tests); (g) no RFC 9116 `/.well-known/security.txt` on Pages even though SECURITY.md:44-45 invites encrypted reports without publishing a key.","ls docs -> 'plans  release-readiness-2026-09-09.md  reviews'; SECURITY.md:44-45: 'Encrypt particularly sensitive details before sending and ask for a suitable public key if needed.' (no key published); internal/detectionpolicy/policy.go:84-85: case ""test"", ""tests"", ""__tests__"", ""testdata"", ""fixture"", ""fixtures"", ""mock"", ""mocks"", ""__mocks__"", ""spec"", ""specs"", ""e2e"", ""acceptance"", ""stubs""","Create docs/ as a real tree with an index: docs/README.md; docs/architecture.md (package graph + data flow + where limits are enforced); docs/detectors.md generated by a `go test` golden (`go run ./internal/tools/detector-catalog` or a test that fails when detectors.Default() differs from the checked-in table: name, confidence, gating path/key, example redacted shape); docs/threat-model.md (assets: credentials in images, operator DB; adversaries: malicious registry/image, SSRF via registry redirects, API abuser; controls mapped to README bullets); docs/operations.md (runbook); docs/faq.md (dispositions, `disposition_reason` values, why there is no allowlist yet and how to filter by fingerprint); CLAUDE.md at repo root (build/test commands from CONTRIBUTING, hard rules: never weaken limits, pin SHAs, no live secrets in fixtures, update README+openapi+web+CHANGELOG together); web/.well-known/security.txt with Contact: mailto:admin@brumbelow.org, Policy: link to SECURITY.md, Expires: one year, and optionally Encryption: link to a published key. Link all of these from README's bullet list at lines 16-20.","`ls docs` shows only plans/, release-readiness-2026-09-09.md and reviews/; no CLAUDE.md/AGENTS.md at root; web/.well-known does not exist; SECURITY.md:44-45 invites encrypted reports without publishing a key; detectionpolicy/policy.go:84-85 and :136 directory heuristics are undocumented. Effort 'l' is realistic; none of it is release-blocking."
CLI-03,jobs-scanservice-cli,breaking-change-opportunity,medium,false,true,m,high,confirmed,internal/cli/results.go,181,Findings-dir heuristic writes into whatever Go project the user happens to be in; relative values ignore cwd,"resolveFindingsDir walks up from cwd to the nearest go.mod and uses <that root>/findings; a relative LAYERLEAK_FINDINGS_DIR is also joined to that root, not to cwd. For an installed binary this means `cd ~/src/some-go-service && layerleak scan nginx` silently creates ~/src/some-go-service/findings/ (untracked files in an unrelated repo), and the shipped .env.example value LAYERLEAK_FINDINGS_DIR=findings lands somewhere that depends on where go.mod is, not where the user runs. The heuristic only makes sense for developing layerleak itself (its own /findings/ is gitignored). There is also no flag to choose the directory or to skip writing artifacts at all, so even `--format json | jq` always writes two files.",results.go:187-195 joins a relative value to repoRoot(); results.go:198-207 default = <go.mod root>/findings; results.go:210-227 repoRoot walks parents for go.mod. Probe: cwd=.../001/sub/deeper relative(out)=.../001/out default=.../001/findings (both outside cwd). .env.example:12 LAYERLEAK_FINDINGS_DIR=findings. README.md:152-154 documents the go.mod walk but not that relative values are re-rooted.,"For 3.0.0: drop the go.mod walk. Default to an explicit, predictable location (e.g. $XDG_DATA_HOME/layerleak/findings or ./layerleak-findings under cwd), resolve relative LAYERLEAK_FINDINGS_DIR against cwd, add --output-dir/-o and --no-artifacts (or --output-dir '') flags, and keep the repo's own dev convenience via a documented env value. Update README 'Results and secret handling', .env.example and CHANGELOG under 3.0.0 breaking changes; adjust TestResolveFindingsDirDefaultsToRepoRootFindings.","results.go:187-195 joins a relative LAYERLEAK_FINDINGS_DIR to repoRoot() (nearest go.mod walking up from cwd, results.go:210-227) and results.go:198-207 defaults to <go.mod root>/findings, so an installed binary run inside any other Go module writes into that module. One nuance: README.md:185 says the process does not load .env itself, so .env.example's `findings` is only sourced by the user from a checkout, where re-rooting to the repo is the intended convenience; the problem is specifically installed-binary use outside this repo, which README.md:152-154 documents only partially (it omits that relative values are re-rooted)."
CLI-04,jobs-scanservice-cli,bug,medium,false,true,m,high,confirmed,internal/jobs/scan.go,377,--all-tags sweep stopped early drops unscanned targets from per-target accounting,"scanRepository sets TargetCount = len(groupList) before the loop, but when the findings budget is exhausted before the next target (line 377-382), when a target hits a max_findings/max_raw_finding_bytes diagnostic (451-454), or when a limit/integrity/cancellation error aborts the loop (427-435), the remaining targets are never appended to result.Targets and are not counted as failed/partial/skipped. The invariant target_count == completed+partial+failed is violated, the DB scan record (BuildScanRecord iterates publicResult.Targets) has no rows for the skipped digests, and their TagResults remain status ""resolved"" as if nothing was wrong. Overall status is correctly 'partial' via Coverage.Complete=false, but consumers cannot tell which tags were not scanned without parsing the diagnostic.","Probe with 3 tags, MaxFindings=1: ""PROBE7 err=scan coverage is partial: 1 manifest(s) completed, 0 failed status=partial target_count=3 len(targets)=1 completed=1 partial=0 failed=0 tag_results=[1.0=resolved 2.0=resolved 3.0=resolved] lastPhase=target_done lastTargets=1/3"". Existing tests only exercise 2-target sweeps where the abort happens on the last target (scan_test.go:362-363).","As proposed; in addition, update TagResults when a target finishes (scanned/partial/failed/skipped) so the tag list reflects outcomes, and give openapi TagResult.status an enum (web/docs/openapi.yaml:650-651 is a bare string today; see CLI-29). Any new status value must also be accepted by storage isValidScanStatus and scanservice.storedScanStatus (record.go:201-212) or the DB save will fail.","Reproduced with a 3-tag sweep and MaxFindings=1 in the scratch copy: 'err=scan coverage is partial: 1 manifest(s) completed, 0 failed status=partial target_count=3 len(targets)=1 completed=1 partial=0 failed=0 tags=[1.0=resolved 2.0=resolved 3.0=resolved]'. jobs/scan.go:366 sets TargetCount before the loop; the early returns at :377-382, :427-435 and :451-454 never append TargetResults for remaining groups, and TagResults keep status 'resolved' (set once at :337-342 and never updated). Existing test TestScanRepositoryAppliesMaxFindingsAcrossTargets (scan_test.go:539) only uses 2 tags so the gap is invisible."
CLI-06,jobs-scanservice-cli,compat,medium,false,true,s,high,confirmed,internal/cli/scan.go,171,Failed scans produce no stdout even with --format json; failed status exists only in the API and DB,"When scanErr != nil and no manifest completed, RunE returns before any output or artifact publication, so `layerleak scan x --format json` prints nothing on stdout and only an error line on stderr. README says every result has a top-level status of completed/partial/failed with coverage and diagnostics, and the API does return a failed result body (handler hasResult), yet CLI automation can never see the failed result, its diagnostics (e.g. integrity kind, limit kind, per-platform errors) or write a scans/ record for it, while the same failed run IS persisted to PostgreSQL when a DB is configured. reliability_test.go:226-229 codifies 'failed scan publication behavior' as empty stdout and no files.","cli/scan.go:171-180: if isCancellation(scanErr) || ctx.Err() != nil || (scanErr != nil && !hasUsablePartialResult(result)) { ... return operationErr }. Probe: ""PROBE5 err=registry request failed: status=404 Not Found stdoutLen=0"". README.md:144-147 'Every result has a top-level status (completed, partial, or failed)...'. api/handler.go:749-757 hasResult returns failed results to API clients.","For 3.0.0 emit the redacted failed result on stdout for --format json (keep exit 1) and write the scans/ companion record with status failed (skip the legacy findings array), leaving cancellation as the only silent path. Update README exit-code/result prose and the reliability test expectations; document that status=failed JSON now appears with exit 1.","cli/scan.go:171-180 returns before any stdout or artifact publication whenever scanErr != nil and CompletedManifestCount == 0. Probe with a 404 registry: 'err=registry request failed: status=404 Not Found stdoutLen=0'. reliability_test.go:226-229 asserts files=0 and stdout empty for failed status. README.md:144 promises every result has a top-level status including failed, and the API returns failed bodies via hasResult (handler.go:349-350, 749-757)."
CLI-08,jobs-scanservice-cli,improvement,medium,false,false,s,high,confirmed,internal/cli/scan.go,377,Summary output never lists the findings themselves,"The default --format summary prints counts and a per-target/per-platform table only; the detector name, redacted value, file path/env key, layer and line of each finding are never shown. A user running `layerleak scan ubuntu` sees 'Total Findings: 3' and must open the findings file or re-run with --format json to learn what was found, even though redacted public findings are already computed and safe to print.",cli/scan.go:377-411 summaryRows contains only label/count rows; cli/scan.go:413-434 renderSummaryTargets prints Platform/Manifest Digest/Findings/Status or Reference/Tags/Findings/Status columns; no code path iterates result.Findings for the summary format.,"Add a findings table to renderSummary (Detector, Confidence, Location = file_path:line or env:KEY, Redacted Value, Platform), sanitized with sanitizeProgressValue, capped (e.g. first 50 with 'and N more') and optionally a --max-summary-findings flag; keep counts. Add exact-output tests alongside TestRenderSummaryReferenceExactOutput.","summaryRows (cli/scan.go:377-411) only emits counts and renderSummaryTargets (:413-434) only per-target/per-platform rows; nothing iterates result.Findings in summary mode, so detector/location/redacted value are never shown without --format json or opening the artifact."
CLI-09,jobs-scanservice-cli,improvement,medium,false,false,m,high,confirmed,internal/cli/results.go,272,No JSON Schema for the CLI result/record/findings-array formats; three divergent finding shapes,"The CLI publishes three JSON shapes: stdout jobs.Result (result_schema_version 1, also described in web/docs/openapi.yaml ScanResult), findings/scans/<name>.json localScanRecord (record_schema_version 1, documented only in README prose, absent from openapi), and the legacy findings array of persistedFinding (unversioned bare array with extra fields value, raw_context_snippet, source_location, occurrence_count, suppressed_occurrence_count and a 3-per-group low-confidence cap that applies nowhere else). README calls the JSON 'stable' and the record 'versioned' but no machine-readable schema exists in the repo (find for *schema*.json returned nothing) and no test validates CLI output against one.",results.go:20-43 persistedFinding; results.go:123-151 capPersistedLowConfidenceFindings (local file only); results.go:272-284 localScanRecord/persistenceOutcome; results.go:298 RecordSchemaVersion: 1; web/docs/openapi.yaml:537 ScanResult documents result_schema_version but there is no record_schema_version anywhere in openapi.yaml; README.md:127 '--format summary|json | Human summary or stable JSON result.',"Publish docs/schema/scan-result.v1.json, scan-record.v1.json and findings-array.v1.json (JSON Schema 2020-12) generated or hand-written from the Go structs, validate real CLI output against them in tests, and link them from README. For 3.0.0 either version the legacy findings array (wrap as {schema_version, findings}) or drop it in favour of the scans/ record (see CLI-10).","find for *schema* under the repo returns nothing; openapi.yaml documents result_schema_version (:537,555) but has no record_schema_version or persisted-finding array shape; results.go:20-43 (persistedFinding), :272-284 (localScanRecord) and :298 (RecordSchemaVersion: 1) are only described in README prose (:156-176)."
CLI-22,jobs-scanservice-cli,bug,medium,true,true,s,high,verifier-added,internal/scanner/scan.go,189,--platform is silently ignored for single-manifest images; scan reports completed for a different platform,"The platform selector is only applied when the root document is an index (manifest.SelectDescriptors at scanner/scan.go:199). For a plain image manifest the sole target is appended unconditionally (:189-197) and verifyPlatformProvenance (:1102-1122) compares only descriptor vs config platforms, which is vacuous because a single manifest has no descriptor platform. So `layerleak scan app:latest --platform linux/arm64` against an amd64-only image scans amd64, reports status completed and exits 0/2 as if the restriction were honoured. The flag help (cli/scan.go:283) says 'Scan only the specified platform' and the CLI validates the selector (:55-59) but never checks the outcome.","Probe in scratch copy (single amd64 manifest, Request.Platform ""linux/arm64""): PROBE_PLATFORM err=<nil> status=completed manifests=1 scanned_platform=""linux/amd64"" findings=2. scanner/scan.go:188-197: case manifest.DocumentKindManifest: targets = append(targets, target{...}) with no platform check.","In scanManifestWithBudget, after ParseImageConfig/configPlatform (scanner/scan.go:365-372), when request.Platform != """" parse the selector and fail the manifest with a platform-not-found error (diagnostic code platform_not_found) if !platform.Matches(selector); for the index path keep the existing early rejection. Add scanner and CLI tests for the single-manifest mismatch; note the behaviour change in CHANGELOG 3.0.0.",
CLI-23,jobs-scanservice-cli,compat,medium,false,true,s,high,verifier-added,internal/cli/scan.go,253,"--format json neutralises every error and diagnostic message to 'scan step failed', unlike summary mode and the API","stdout JSON is produced from scanservice.RedactedResult(result), which applies the scan-history storage policy (record.go:263-300): every target/platform `error` and every diagnostic `message` becomes the literal 'scan step failed', including benign coverage diagnostics such as files_skipped_oversize and max_findings_exceeded. The API renders those same codes with descriptive safe text (handler.go:951-960 safeDiagnosticMessage) and `--format summary` prints the raw registry error for the same run, so the CLI's machine-readable output is the least informative surface. README.md:127 calls it a 'stable JSON result' and :144-147 describe diagnostics without mentioning that messages are neutralised; CHANGELOG.md:66 documents neutral wording only for API storage failures.","Probe (partial fixture, same run twice): json platform_error=""scan step failed"", json diagnostic code=manifest_failed message=""scan step failed""; summary tail: 'linux/arm64  sha256:bbbb...  0  registry request failed: status=404 Not Found'. cli/scan.go:253 encoder.Encode(scanservice.RedactedResult(result)); record.go:285-300 sanitizedDiagnostics/storedErrorMessage.","Decide the CLI policy explicitly for 3.0.0: either emit the un-neutralised (control-character-sanitised) messages on stdout, since the same text is already printed to stderr and the summary table, or at minimum reuse the API's safeDiagnosticMessage(code) mapping so coverage diagnostics stay meaningful. Share the function from scanservice, document the policy in README 'Results and secret handling', and add a CLI test asserting json and summary agree.",
LAY-02,layers-scanner,bug,medium,true,false,xs,high,confirmed,internal/layers/state.go,367,"Old-GNU sparse ('S') and GNU contiguous ('7') regular files are silently dropped as ""other"" while coverage reports complete","archive/tar keeps Typeflag TypeGNUSparse for old-GNU sparse entries (reader.go handleSparseFile) and presents the logical content through the normal entry reader. The engine's switch only handles TypeReg/TypeRegA, so an 'S' file falls into the default branch: it is drained, stored as ArtifactTypeOther, not counted in FilesSeen, never scanned, and no diagnostic is emitted, so the platform is reported `completed` with `coverage.complete=true`. GNU tar writes this format by default for sparse files (`tar --sparse`, format gnu), so layers imported from tar-produced rootfs (docker/podman import, skopeo dir:) can hide files from the scan. README.md:42 promises incomplete coverage is 'never' reported as clean.","Fixture built with GNU tar 1.35 (`tar --sparse --format=gnu`) containing an 8 MiB sparse file with a GitHub token in the middle. Probe: `fixture header: typeflag='S' name=""sparse.log"" size=8388608 format=GNU`; `Replay err=<nil> coverage={LayersSeen:1 LayersCompleted:1 FilesSeen:0 FilesScanned:0 ... EntriesSkippedUnsafe:0}`; `final[sparse.log]: type=""other"" class="""" scannable=false`. Code: state.go:367 `case tar.TypeReg, tar.TypeRegA:` ... state.go:395 `default:` builds ArtifactTypeOther.","Fix as proposed (`case tar.TypeReg, tar.TypeRegA, tar.TypeGNUSparse, tar.TypeCont:`; drop TypeRegA per LAY-16). The test can use the GNU-tar-generated fixture checked into testdata rather than hand-patching, since Go's tar.Writer cannot emit 'S' headers.","Built a fixture with GNU tar 1.35 (`tar --sparse --format=gnu`): header typeflag='S', size=8388608, format=GNU; tar.Reader delivered 8388608 logical bytes containing the planted ghp_ token. Replay returned err=nil with Coverage{FilesSeen:0 FilesScanned:0 EntriesSkippedUnsafe:0 LayersCompleted:1} and the file was absent from FinalFiles, i.e. stored via the default branch (state.go:395-414) as ArtifactTypeOther with no diagnostic. archive/tar reader.go:197 keeps TypeGNUSparse on the header and only rewrites TypeRegA (reader.go:145-151). ExpandedBytes was already 8388608, so logicalLayerBudget already charges the logical size and the proposed one-line fix is budget-safe."
LAY-03,layers-scanner,bug,medium,true,false,xs,high,confirmed,internal/layers/state.go,1104,"A './' (or '.') root directory entry is counted as an unsafe archive entry, forcing a false partial status and exit code 1","normalizePath returns an error when path.Clean yields ""."", and the caller increments EntriesSkippedUnsafe and later emits the `unsafe_archive_entries_skipped` diagnostic with Complete=false. Tarballs created with `tar -C rootfs -c .` (the common way to build rootfs archives that become layers via docker/podman import or OCI layout tools) begin with a `./` directory entry. Nothing unsafe was skipped, yet the scan becomes `partial` and the CLI exits 1 unless --allow-partial is set.","Probe layer entries `./`, `./app/`, `./app/safe`: `err=<nil> unsafe=1 files=[app/safe(regular/text)]`. Code: state.go:1104-1107 `cleaned := path.Clean(value); if cleaned == """" || cleaned == ""."" { return """", fmt.Errorf(""path is required"") }`; state.go:249-256 `entryPath, err := normalizePath(header.Name); if err != nil { working.coverage.EntriesSkippedUnsafe++ ...`.","As proposed; a sentinel errRootEntry handled before the EntriesSkippedUnsafe++ at state.go:251 (drain and continue). Keep counting it in entryCount for the entry limits, as runtimes do.","Probe layer with entries `./`, `./app/`, `./app/safe`, `.` produced err=nil, EntriesSkippedUnsafe:2, FinalFiles=[app/safe]. normalizePath (state.go:1104-1107) returns an error for path.Clean results of ""."", and applyLayer (state.go:249-251) counts that as unsafe, which scan.go:450-457 turns into `unsafe_archive_entries_skipped` and Complete=false (scan.go:440). Nothing hostile was present. `tar -C rootfs -c .` always emits a leading `./` entry."
LAY-04,layers-scanner,security,medium,false,false,s,high,confirmed,internal/layers/state.go,983,"zstd decoder window cap is derived from MAX_LAYER_BYTES, so a 10-byte hostile frame allocates 513 MiB at production defaults","zstdDecoderLimit returns MaxLayerBytes clamped to [1 MiB, zstd.MaxWindowSize=512 MiB] and passes it to both WithDecoderMaxWindow and WithDecoderMaxMemory. With the documented default LAYERLEAK_MAX_LAYER_BYTES=536870912 the cap is exactly 512 MiB, so any frame declaring a 512 MiB window is accepted and klauspost allocates windowSize+1 MiB of history on the first block. A single 10-byte blob (or one such layer per manifest, up to MAX_IMAGE_LAYERS) forces a ~0.5 GiB transient allocation per scan, multiplied by LAYERLEAK_API_MAX_CONCURRENT_SCANS. MAX_LAYER_BYTES is meant to bound stream length, not decoder memory; real zstd layers use 8 MiB windows (zstd CLI refuses >128 MiB by default). CONTRIBUTING.md:103 requires bounding reads before allocation. The existing test only exercises 1 MiB and the 64 MiB fallback, not the shipped default.","Probe frame `28 b5 2f fd 00 98 09 00 00 78` (window descriptor 0x98 = 2^29): `production default LAYERLEAK_MAX_LAYER_BYTES=512MiB: err=... read tar entry: unexpected EOF allocated=513 MiB for a 10-byte blob`; with 128 MiB or disabled: `window size exceeded allocated=0 MiB`. Code: state.go:990-993 `if maxLayerBytes > zstd.MaxWindowSize { return zstd.MaxWindowSize }; return uint64(maxLayerBytes)`. klauspost framedec.go:262-265 `d.history.allocFrameBuffer = d.history.windowSize + maxBlockSize/2`; history.go:97-98 `h.b = make([]byte, 0, h.allocFrameBuffer)`.","As proposed. Note the cap must stay independent of MaxLayerBytes in both directions: today MaxLayerBytes=0 already yields the 64 MiB fallback, so a fixed 64-128 MiB bound is consistent with existing behavior, and my probe confirmed a 70 MiB-decompressed zstd frame with known FrameContentSize still decodes under the 64 MiB fallback (streaming does not enforce maxDecodedSize against frame size), so lowering the window cap does not reject legitimate large layers.","Reproduced: frame `28 b5 2f fd 00 98 09 00 00 78` with MaxLayerBytes=512<<20 gave `read tar entry: unexpected EOF` and TotalAlloc delta of 513 MiB; with 128 MiB or 0 it was `window size exceeded`, 0 MiB. zstdDecoderLimit (state.go:990-993) returns zstd.MaxWindowSize (framedec.go:43, 1<<29) at the documented default, so framedec.go:231 `d.WindowSize > d.o.maxWindowSize` is false and history.go:97-98 allocates allocFrameBuffer = windowSize + maxBlockSize/2 (framedec.go:264) on the first block. WithDecoderMaxMemory does not help: in streaming mode it only clamps the window (framedec.go:52-53) and is otherwise a DecodeAll bound."
LAY-10,layers-scanner,improvement,medium,false,false,l,high,confirmed,internal/layers/state.go,823,Files larger than MAX_FILE_BYTES (1 MiB default) are not scanned at all; 3.0 should stream-scan them instead of skipping,"buildRegularArtifact reads MaxFileBytes+1 bytes and, if the file is larger, drops all content (ContentClassOversize, Content=nil). The scanner then emits `files_skipped_oversize` and marks coverage partial. Minified JS bundles, large JSON/YAML dumps, logs, lockfiles and notebooks routinely exceed 1 MiB and are exactly where leaked tokens appear, so today the default configuration neither scans them nor lets the scan complete cleanly. Detector inputs are line/regex based and could be fed in bounded windows without retaining the file.","state.go:823-826 `scannable := int64(len(content)) <= maxFileBytes; if !scannable { contentClass = ContentClassOversize; content = nil }`; scan.go:440 `Complete = err == nil && layerResult.Coverage.FilesSkippedOversize == 0 && ...`; scan.go:441-448 diagnostic `""%d file(s) exceeded the per-file scan limit""`. README.md:229 describes only buffering.","Introduce streamed scanning for oversize regular files: read the entry in overlapping windows (e.g. 1 MiB windows with a 4 KiB overlap so tokens spanning a boundary are seen once), run detectors per window with line-offset bookkeeping, dedupe by fingerprint+offset, and never retain oversize content (so deleted-artifact recovery for oversize files is explicitly documented as content-less). Report `files_scanned_streamed` in coverage and keep coverage complete. Consider raising the default MAX_FILE_BYTES to 4-8 MiB in 3.0 and document the change in CHANGELOG.",state.go:823-826 drops all content above MaxFileBytes; scan.go:440-448 makes the platform partial with files_skipped_oversize. Accurate description of an improvement a major release can make.
LAY-11,layers-scanner,improvement,medium,false,false,xl,high,confirmed,internal/layers/state.go,859,"Binary/NUL classification excludes UTF-16 text, nested archives (.jar/.zip/.whl/.tar.gz) and compiled binaries entirely, yet coverage stays 'complete'","classifyContent marks any content with a NUL byte or <85% printable as binary and drops it; scanner does not consider FilesExcludedBinary when computing Complete. Consequences: UTF-16LE config files (web.config, PowerShell, Windows-originated .env) contain NULs and are never scanned; secrets inside .jar/.war/.zip/.whl/.egg/.tar.gz/.gz and Go/Rust binaries with embedded credentials are invisible; keystores are silently ignored. Competing scanners extract printable strings from binaries and expand archives one level under the same byte limits.",state.go:871-879 `if hasNULByte(content) { return ContentClassBinaryNUL } if printableRatio(content) < 0.85 { return ContentClassBinaryLowPrintable }`; state.go:830-832 `if !scannable { content = nil }`; scan.go:440 Complete ignores FilesExcludedBinary.,"Phase 1 (s): detect UTF-16 BOM/alternating-NUL pattern and transcode to UTF-8 before classification. Phase 2 (m): for zip-family magic (PK\x03\x04) and gzip/tar magic, expand one nesting level with the existing per-file/per-layer budgets and provenance `path!inner/path`. Phase 3 (m): for ELF/other binaries, feed runs of ≥16 printable bytes to detectors (strings-style) with a `binary_strings` source flag and lower confidence. Expose counts (`files_nested_scanned`, `files_binary_strings_scanned`) in coverage.",classifyContent (state.go:871-879) excludes any NUL-containing content (UTF-16 text) and all archives/binaries; scan.go:440 does not consider FilesExcludedBinary in Complete. Correct as an improvement; effort xl is realistic.
LAY-18,layers-scanner,test-gap,medium,false,false,m,high,confirmed,internal/layers/state_test.go,1,High-risk tar-header and decompression behaviors have no fixtures in state_test.go,"The suite covers whiteouts, traversal, PAX long names, PAX sparse budgets, zstd window rejection at 1 MiB/fallback, limits and rollback, but not: root `./`/`.` entries; old-GNU sparse 'S' and contiguous '7' typeflags; PAX global headers; device/fifo/char entries alongside a same-path regular file in a later layer; hardlink to symlink/directory; symlinked-directory write-through (`app -> /etc` then `app/secret`); duplicate entries within one layer (same-layer deleted artifact provenance); repeated layer digest in a manifest ([A,B,A]); whiteout of a symlink and `.wh..wh..opq` at the archive root; concatenated gzip members vs trailing padding/garbage; zstd skippable frames and multi-frame streams; zstd window allocation at the production default; cancellation during a sparse hole with limits disabled; MaxFileBytes boundary (size == limit vs limit+1); non-UTF-8/CRLF text classification; a tar truncated at a block boundary (treated as clean EOF).","grep of state_test.go shows no TypeGNUSparse, TypeCont, TypeXGlobalHeader, TypeChar/TypeFifo, './' names, repeated digests, or multistream gzip fixtures; TestReplayRejectsHostileZstdWindowWithoutMaterialAllocation (state_test.go:337-343) only runs maxLayerBytes 1<<20 and 0; all probe fixtures listed here reproduced defects LAY-02/03/04/05/06/08/09 immediately.","Add table-driven fixtures: gzipLayer with `./` and `.` dirs (assert EntriesSkippedUnsafe==0); a GNU-tar-generated or hand-patched 'S' header (offset 156='S', realsize at 483, sparse map at 386, recomputed checksum) asserting the file is scanned; tar.Writer TypeXGlobalHeader record; hardlink→symlink/dir; `[A,B,A]` repeated digest asserting deterministic FinalFiles/DeletedArtifacts; base gzip + 512 zero bytes and + garbage; two gzip members concatenated; zstd frame `28b52ffd 00 98 090000 78` with MaxLayerBytes=512<<20 asserting <16 MiB allocated; gzipSparseLayer(512<<30) with cancelled ctx asserting <1 s; MaxFileBytes==len(body) and len(body)+1; CRLF and Latin-1 bodies asserting ContentClassText.","Read state_test.go in full: no TypeGNUSparse/TypeCont/TypeXGlobalHeader/TypeChar/TypeFifo fixtures, no `./` names, no repeated digests, no multistream gzip; TestReplayRejectsHostileZstdWindowWithoutMaterialAllocation runs only maxLayerBytes 1<<20 and 0 (state_test.go:341-342). Every listed probe reproduced a defect on first run."
LAY-19,layers-scanner,test-gap,medium,false,false,s,high,confirmed,internal/layers/state.go,181,No fuzz test for applyLayer/tar parsing or retained-byte accounting invariants,"applyLayer is the hostile-input boundary (CONTRIBUTING.md:100-104, SECURITY.md:66) yet there is no Go native fuzz target. Accounting invariants (RetainedBytes never negative, equals the recomputed sum over final+deleted+dirs, restored exactly on rollback, ExpandedBytes monotonic, entries == committed header count) are only pinned by hand-computed constants in a few tests. checkedRetainedAdd treats a negative RetainedBytes as a limit error (state.go:539), which would surface an accounting bug as a confusing `retained_bytes exceeded` rather than a test failure.","`grep -n 'func Fuzz' internal/layers/*.go internal/scanner/*.go` returns nothing; state.go:538-543 `if left < 0 || right < 0 || left > math.MaxInt64-right { return 0, false }`; state.go:610 and :643 subtract retained bytes without an invariant check.",Add FuzzApplyLayer seeded with the existing gzipLayer/zstdLayer/gzipSparseLayer corpora that feeds raw (uncompressed media type) bytes to Replay with small limits and asserts: no panic; Coverage.RetainedBytes >= 0 and equal to a recomputed sum over FinalFiles/DeletedArtifacts/dirs; after an error the FinalFiles equal the pre-layer snapshot; LayersCompleted <= LayersSeen; results identical across two runs (determinism). Wire `go test -run=^$ -fuzz=FuzzApplyLayer -fuzztime=60s` into a scheduled CI job.,"`grep -rn 'func Fuzz'` finds only manifest/integrity_test.go:122 and manifest/reference_test.go:217; nothing in layers or scanner. checkedRetainedAdd (state.go:538-543) does convert a negative RetainedBytes into a retained_bytes limit error, masking accounting bugs as described."
MIG-15,migration-inventory,docs-drift,medium,true,false,xs,high,confirmed,SECURITY.md,10,SECURITY.md supported-versions table and verification example are v1-based,(g) The support matrix must name the v3 line and give an explicit disposition for the frozen root-path v1.0.0 module and the historical v2 tags.,SECURITY.md:12 `| Latest stable v1 release | Security fixes |`; :13 `| Current announced v1 release candidate | ...`; :14 `| Older v1 releases | Unsupported; upgrade to latest |`; :15 `| Historical v2.0.0-v2.5.0 tags | Unsupported and not valid v2 Go modules |`; :106 `version=v1.1.0`.,"Table rows: `| Latest stable v3 release (github.com/brumbelow/layerleak/v3) | Security fixes |`, `| Current announced v3 release candidate | Release-blocking fixes until stable |`, `| Older v3 releases | Unsupported; upgrade to latest |`, `| v1.0.0 (root import path github.com/brumbelow/layerleak) | Unsupported; migrate to /v3 |`, `| Historical v2.0.0-v2.5.0 GitHub/container tags | Unsupported and not valid Go modules |`, keep the `main` row. Line 106 -> `version=v3.0.0`.",SECURITY.md:12-15 and :106 verified verbatim.
MIG-16,migration-inventory,docs-drift,medium,true,false,xs,high,confirmed,CONTRIBUTING.md,176,CONTRIBUTING.md Versioning section says releases must remain on v1,Contributor guidance would contradict the shipped module path and instruct the wrong install command.,"CONTRIBUTING.md:179 `go install github.com/brumbelow/layerleak@latest`; :182-183 `The module path has no major suffix, so releases must remain on v1. Historical v2.x GitHub/container tags are not valid v2 Go module releases.`; :185-186 `The protected workflow alone pushes the prepared, immutable v1 tag`.","Line 179 -> `go install github.com/brumbelow/layerleak/v3@latest`; lines 182-186 -> `The module path carries the /v3 major suffix, so releases are v3.x.y tags whose go.mod declares github.com/brumbelow/layerleak/v3. The root path is frozen at v1.0.0 and historical v2.x tags are not Go module releases. ... The protected workflow alone pushes the prepared, immutable v3 tag after all release gates pass.` Also add to 'API and result compatibility': a new module major does not imply a new `/api/v1` path or `result_schema_version` (see MIG-22).","CONTRIBUTING.md:179, :182-183, :185-186 verified verbatim."
MIG-19,migration-inventory,compat,medium,false,false,xs,high,confirmed,internal/cli/version.go,13,"--version behaviour after /v3: module installs report v3.x, container and no-VCS builds report dev; smoke does not depend on it","(a) resolveVersion prefers the -X-set Version, then debug.BuildInfo.Main.Version. `go install github.com/brumbelow/layerleak/v3@v3.0.0` embeds Main.Version=v3.0.0 so `layerleak --version` prints `layerleak version v3.0.0` (cobra template), satisfying the post-release `grep -F ""${RELEASE_VERSION}""`. Dockerfile builds use only `-ldflags=""-s -w""`, `.dockerignore` excludes `.git`, and cmd/api, cmd/migrate, cmd/purge, cmd/healthcheck do not use cli.Version at all; the image's only version signal is the `org.opencontainers.image.version` label, which registry-smoke checks. A checkout build embeds a VCS pseudo-version. Trap: the `-X` symbol path changes to `github.com/brumbelow/layerleak/v3/internal/cli.Version`.","internal/cli/version.go:13-25 (returns explicit, else `info.Main.Version` unless `(devel)`, else `dev`); internal/cli/root.go:35-36 `// Version is the build-time version string, set via -ldflags.` / `var Version = ""dev""`; Dockerfile:20 `go build -mod=readonly -trimpath -ldflags=""-s -w"" -o /out/layerleak-api ./cmd/api`; .dockerignore contains `.git`. Local builds: checkout `layerleak version v0.0.0-20260909174625-c2ddd4583b2f+dirty`; `-buildvcs=false` -> `layerleak version dev`; `-X github.com/brumbelow/layerleak/internal/cli.Version=v9.9.9` -> `layerleak version v9.9.9`; scratch /v3 copy `go install .` -> binary `layerleak`, prints `layerleak version dev`. container-release.yml:858 checks the OCI version label; :1174 `""${install_bin}/layerleak"" --version | grep -F ""${RELEASE_VERSION}""`.","No code change is required for the migration. Documentation: README/web docs should say module-installed binaries print `layerleak version v3.x.y`, checkout builds print a Go VCS pseudo-version (`v3.0.0-<date>-<sha>[+dirty]` once the module is /v3) and non-VCS builds print `dev`. Update the root.go comment to name the new symbol (`-ldflags ""-X github.com/brumbelow/layerleak/v3/internal/cli.Version=...""`). Optional hardening: tighten the smoke to `grep -Fx ""layerleak version ${RELEASE_VERSION}""` so `v3.0.0` cannot be satisfied by a `v3.0.0-rc.1` substring. Optional product improvement (3.0 scope): pass `-X` in the Dockerfile via a build arg wired to the release version so container binaries can self-report.","internal/cli/version.go:13-25 and root.go:35-36 verified. Reproduced in the /v3 scratch module: `go install .` (no .git) -> `layerleak version dev`; `-X github.com/brumbelow/layerleak/v3/internal/cli.Version=v3.0.0-rc.1` -> `layerleak version v3.0.0-rc.1`; the OLD symbol path `-X github.com/brumbelow/layerleak/internal/cli.Version=v9.9.9` is silently ignored and prints `dev`, so any ldflag outside the repo (none exist in-repo) must be updated. The `grep -F` substring trap is real (`echo 'layerleak version v3.0.0-rc.1' | grep -F v3.0.0` matches) but cannot occur in the workflow because `go install path@v3.0.0` stamps exactly v3.0.0. Correction: checkout builds print `v0.0.0-<date>-<sha>` until a v3 tag is an ancestor (see MIG-13)."
MIG-20,migration-inventory,compat,medium,false,false,s,high,confirmed,README.md,54,Root path github.com/brumbelow/layerleak@latest resolves to v1.0.0 forever after the move,"(b) Go resolves @latest per module path; the root path will never see v3 tags. Mitigations: (1) Docs wording (README, web docs, CONTRIBUTING, release notes) telling users to include /v3 - cheap, must ship with v3.0.0. (2) pkg.go.dev automatically shows 'The highest tagged major version is v3' on the root-path page once /v3 is indexed - free, no action. (3) A final root-path pointer release (e.g. v1.0.1) whose go.mod carries `// Deprecated: use github.com/brumbelow/layerleak/v3` above the module line - `go get`/`go install` then print a deprecation warning and pkg.go.dev shows a banner; but it requires a commit with the root module path reachable from main, a workflow that still accepts v1 (or a dedicated pointer-only lane), an RC plus 72-hour soak and a full container build for a documentation-only change, and a v1.* tag ruleset that allows creation. (4) Shipping v1.1.0 first as already prepared, then v3.0.0 - gives v1 users the fixes but doubles the release effort and produces two identical code lines. Note the `retract` directive cannot help (it also requires a new v1 version and only affects the same module).",README.md:54 `go install github.com/brumbelow/layerleak@latest`; proxy: `go list -m -f '{{.Version}}' github.com/brumbelow/layerleak@latest` -> `v1.0.0`; go.mod has no `// Deprecated:` comment (grep empty).,"Recommendation unchanged (docs wording + pkg.go.dev banner now). If a pointer release is wanted later, the dedicated `pointer_release` mode must (a) accept `^v1\.0\.[1-9][0-9]*$`, (b) expect `module github.com/brumbelow/layerleak` plus a `// Deprecated:` comment in go.mod, (c) replace the main-ancestry check with 'commit is a descendant of v1.0.0', (d) skip the RC/soak requirement and image staging, and (e) create the GitHub release with --latest=false.","Proxy probe confirms root @latest = v1.0.0 and the root version list is `v1.0.0-beta v1.0.0-beta.1 v1.0.0`; go.mod has no `// Deprecated:` line. Correction to option (3): a 'documentation-only' v1.0.1 pointer is not achievable under the current workflow. Any commit reachable from main that still has the root module path contains all post-v1.0.0 code (so it is really option 4), while a branch off v1.0.0 carrying only the deprecation comment fails the main-ancestry check (container-release.yml:118-121), the RC-first rule (:180), and after the move also the go.mod check (:111). A pointer lane therefore has to relax three gates, not one."
MIG-22,migration-inventory,compat,medium,false,false,xs,high,confirmed,internal/api/handler.go,210,"Things that must NOT change with the module major: /api/v1, result_schema_version, record_schema_version, schema 0004","(h) The HTTP API path version, the CLI JSON `result_schema_version`, the companion record `record_schema_version`, the migration ledger `0004`, the release-manifest `schema_version` and the demo fixture `version` are independent contracts from the Go module major. A 3.0.0 must not rename `/api/v1` to `/api/v3` nor bump the schema versions merely because the import path changed; doing so would break every existing client and fixture for no behavioural reason. Nothing in the repo currently conflates them, but the migration sed/grep pass must be scoped so `/api/v1` and `v1` fixture strings (internal/storage/helpers_test.go:130-147, internal/cli/scan_test.go:452-496, version_test.go) are not touched.","internal/api/handler.go:210 `mux.HandleFunc(""POST /api/v1/scans"", handler.handleScan)` (routes 210-222, prefix at :642); web/docs/openapi.yaml:69 `/api/v1/scans`; web/testdata/api-contract.json:7 `""path"": ""/api/v1/scans""`; internal/jobs/scan.go:124 `ResultSchemaVersion int \`json:""result_schema_version""\`` set to 1 at :206 and :276; internal/cli/results.go:273 `RecordSchemaVersion int \`json:""record_schema_version""\`` = 1 at :298; internal/storage/migrate.go:19 `CurrentSchemaVersion = ""0004""`; container-release.yml:757 `schema_version: 1`; web/assets/demo-data.json:2 `""version"": 1`.","Leave all of these unchanged. Add one sentence to CONTRIBUTING.md 'API and result compatibility' and to the CHANGELOG v3.0.0 module-path subsection: `The Go module major is independent of the HTTP API path (/api/v1), result_schema_version (1), record_schema_version (1) and database schema version (0004); none of these change in 3.0.0.` Only bump them when their own contracts change.","Anchors verified: handler.go:210 `POST /api/v1/scans`, jobs/scan.go:124/206/276 ResultSchemaVersion 1, cli/results.go:273/298 RecordSchemaVersion 1, storage/migrate.go:19 `CurrentSchemaVersion = ""0004""`, container-release.yml:757 `schema_version: 1`, demo-data.json:2 and api-contract.json:2 `""version"": 1`. openapi.yaml:534 'within API v1' refers to the HTTP API and must also stay."
MIG-23,migration-inventory,reliability,medium,false,false,xs,medium,upgraded,.github/workflows/container-release.yml,1164,First /v3 publication may need a longer proxy wait than the five-minute loop,"(d) proxy.golang.org has already served (and can cache) a negative answer for github.com/brumbelow/layerleak/v3 (`@v/list` 404). The post-release job polls `go install` 30 times at 10 s and then fails; for a brand-new module path the first successful fetch can lag longer than for a new tag on an already-indexed path. A failure here happens after the release is public and only wastes a rerun, but a rerun re-executes the whole workflow.","container-release.yml:1164-1173 `for attempt in {1..30}; do if ... go install ""github.com/brumbelow/layerleak@${RELEASE_VERSION}""; then break; fi; if [[ ""${attempt}"" -eq 30 ]]; then echo ""The Go proxy did not publish ${RELEASE_VERSION} within five minutes.""`; probe today: `reading https://proxy.golang.org/github.com/brumbelow/layerleak/v3/@v/list: 404 Not Found`.","Make the @latest wait at least 30 minutes (for example 180 attempts x 10 s or a POST_RELEASE_PROXY_ATTEMPTS env), raise post-release `timeout-minutes` to about 45, treat a 404 'no matching versions' as absent-and-retry rather than a hard failure, and avoid probing `/v3@latest` from local machines between now and the rc.1 dispatch.","proxy.golang.org states: 'explicitly request that version via go get module@version. The new version should be available within one minute. Note that if someone requested the version before the tag was pushed, it may take up to 30 minutes for the mirror's cache to expire'. Nobody has requested `@v/v3.0.0-rc.1.info`, so the exact-version install loop (30x10 s) is probably fine, but `/v3/@v/list` and `@latest` HAVE been requested (by the auditor's probes and this verification), so the @latest answer can lag up to 30 minutes. The post-release job has `timeout-minutes: 15` (container-release.yml:1112), so neither the RC @latest check nor the stable @latest loop (1178-1188, 5 minutes) can wait out the documented window; the first /v3 RC is the most likely victim, and the same cap applies to every later stable promotion."
MIG-27,migration-inventory,ci,medium,false,false,xs,medium,verifier-added,.github/workflows/container-release.yml,1112,post-release job timeout (15 minutes) is shorter than the Go proxy's documented 30-minute cache window,"Any fix for MIG-08/MIG-23 that waits for proxy.golang.org to refresh `@latest` for the brand-new /v3 path must fit inside the job timeout. The job is capped at 15 minutes, while the proxy documents up to 30 minutes of staleness for data that was requested before the tag existed (which is the case for /v3 @latest and @v/list). For the first RC the step would be killed before the proxy can answer, failing a release that is already public and forcing a full rerun.","container-release.yml:1105-1112 `post-release: ... timeout-minutes: 15`; proxy.golang.org: 'if someone requested the version before the tag was pushed, it may take up to 30 minutes for the mirror's cache to expire and fresh data about the version to become available'; probes of `/v3/@v/list` and `/v3@latest` were made on 2026-09-30 during the audit.",Raise `timeout-minutes` on post-release to about 45 and make the @latest retry budget >= 30 minutes (see MIG-23); keep the exact-version install loop short since the proxy fetches a never-requested version on demand. Document in RELEASING.md that a post-release timeout does not invalidate the published release and may be retried.,
PRD-03,product-ideation,breaking-change-opportunity,medium,false,true,m,high,confirmed,internal/cli/results.go,181,"Replace the nearest-go.mod findings-directory heuristic and the two-file output with one scan-record file, `--no-save`, and `--output`","Three awkward defaults compound: (a) when LAYERLEAK_FINDINGS_DIR is unset the CLI walks up from cwd looking for a go.mod and writes `findings/` into whatever Go project the user happens to be inside — a heuristic that only makes sense for the layerleak repo itself; (b) files are always written even when `--format json` already streams the full result to stdout, so CI runs leave stray artifacts; (c) two files are written per scan (a legacy findings array plus `scans/<name>.json`) and the code explicitly cannot make them atomic. The legacy array was kept only for v1.x compatibility (plan section 2). A major can end all three.","internal/cli/results.go:210-227 `repoRoot()` loops `os.Stat(filepath.Join(current, ""go.mod""))` up to `/`; :198-207 default is `filepath.Join(root, ""findings"")`. :302-306 `publishResultArtifacts` writes `findingsPath` and `scanPath` and returns `errors.Join(findingsErr, scanErr)`. internal/cli/scan.go:213 `writeResultArtifacts(...)` runs unconditionally before the `switch outputFormat` at :249. README.md:161-163: 'The two files are published independently... do not claim the two files form one atomic transaction.' docs/plans/2026-09-09-release-readiness.md:95 '[x] Keep the existing findings-array file format and location compatible.'","As proposed, plus: decide explicitly that `LAYERLEAK_PERSIST_RAW_SECRETS=1` no longer produces any raw local file (recommended: raw persistence becomes DB-only, matching the purge command's scope) and state this in CHANGELOG 'Removed' and README 'Results and secret handling'; if raw local output must survive, add it as an explicit `--raw-output <file>` written 0600 rather than as a side effect of the default artifact. Also update README.md:148-166, .env.example:12 (`LAYERLEAK_FINDINGS_DIR=findings`), and the record's `persistence` block stays as is.","Premise verified: results.go:210-227 `repoRoot()` walks up to a `go.mod`; :198-207 default `filepath.Join(root, ""findings"")`; :302-306 writes `findingsPath` and `scans/<name>` with `errors.Join`; scan.go:213 `writeResultArtifacts(...)` runs before the `switch outputFormat` at :249 regardless of `--format json`; README.md:151-154 documents the go.mod heuristic. However the proposed fix has an unstated side effect: the legacy findings array is the ONLY local artifact that carries raw values — results.go:113-116 `if persistRawSecrets { persisted.Value = item.Value; persisted.RawContextSnippet = item.RawSnippet }` — while the scan record is built from `scanservice.RedactedResult` (:298) and README.md:176-180 promises the companion record 'remain[s] redacted'. Deleting the array therefore removes local raw-secret persistence entirely (and the low-confidence group cap at :123-151 that only applied to that file). That is arguably a security improvement, but it must be a deliberate, documented decision. Keep IN 3.0.0."
PRD-06,product-ideation,breaking-change-opportunity,medium,false,true,s,high,confirmed,internal/cli/scan.go,264,Exit codes: add code 3 for unaccepted incomplete coverage and a `--fail-on` policy so low-confidence entropy hits stop forcing exit 2,"Two automation pain points. (1) 'registry/network/operational failure' and 'scan completed but coverage was incomplete' both exit 1, yet CI wants to retry the former and investigate the latter. (2) Any actionable finding, including `keyword_entropy` matches that the detector itself labels low confidence, produces exit 2; there is no way to gate CI on confidence (or on a minimum count) without post-processing JSON. Exit-code semantics are a documented stable contract, so this can only change in a major.","internal/cli/scan.go:264-269: `if publicationErr != nil || saveErr != nil { return errors.Join(...) }` (exit 1 via root.go:28-29) and `if scanErr != nil && !acceptPartial { return exitError{code: 1, ...} }`; :275-277 `if result.TotalFindings > 0 { return exitError{code: 2} }`. internal/jobs/scan.go:657 `result.TotalFindings = len(result.Findings)` with no confidence filter. internal/detectors/detectors.go:413-417 emits `Detector: ""keyword_entropy""` at `adjustConfidence(ConfidenceLow, ...)`. README.md:136-142 documents only codes 0/1/2.","3.0.0 exit contract: 0 clean; 1 invalid input/operational failure/persistence failure/cancellation; 2 actionable findings at or above the fail threshold; 3 scan finished but coverage incomplete and `--allow-partial` not given (no findings above threshold; findings take precedence and return 2). Add `--fail-on low|medium|high` (default `low`, i.e. today's behavior) and `--fail-on none` (report only). Update README table, OpenAPI is unaffected. Migration note: scripts treating any non-zero as failure keep working; scripts treating `1` as 'retryable' must add `3`.","scan.go:264-269 returns the joined error (exit 1 via root.go:28-29) for publication/save failures and `exitError{code: 1}` for unaccepted incomplete coverage; :171-179 returns operational errors as plain errors (also exit 1); :275-277 `if result.TotalFindings > 0 { return exitError{code: 2} }`. jobs/scan.go:657 `result.TotalFindings = len(result.Findings)` has no confidence filter; detectors.go:412-418 emits `keyword_entropy` at `adjustConfidence(ConfidenceLow, ...)`. README.md:136-142 documents only 0/1/2. Proposal is sound and small; IN 3.0.0."
PRD-10,product-ideation,improvement,medium,false,false,l,high,confirmed,internal/scanner/scan.go,138,"Local inputs (OCI layout dir, `docker save` tarball, oci-archive) — 3.1 minor","Value: high (scan before push, air-gapped CI). Effort l: the scanner is registry-shaped end to end (`request.Registry.OpenBlob`, `resolveImageManifest`, reference parsing), so this needs a `BlobSource` abstraction, a new reference syntax (`oci:./dir`, `docker-archive:./img.tar`), the same bounded-resource discipline for untrusted tar-in-tar input, and new integrity rules (layout index digests). Risk: medium; the 2026-09-09 plan already classified it as 'a separately designed feature with its own input contract'. Verdict: 3.1 — it is additive and should not delay the major.","internal/scanner/scan.go:410 `request.Registry.OpenBlob(blobCtx, request.Reference.Repository, layerDescriptor.Digest)`; :960 `request.Registry.OpenBlob(configCtx, ...)`; internal/jobs/scan.go:183-185 `if request.Registry == nil { return Result{}, fmt.Errorf(""registry client is required"") }`. docs/plans/2026-09-09-release-readiness.md:218-221 lists local OCI-layout/archive input as post-release follow-up #2.","3.1: introduce `type BlobSource interface { ResolveRoot(ctx, ref) (Document, error); OpenBlob(ctx, digest) (BlobResponse, error) }` implemented by the registry client and by `ocilayout` and `dockerarchive` packages; keep `manifest.NewVerifyingReader` on every blob; bound archive size and entry count with the existing `limits` kinds; reuse the result schema unchanged (`repository` = layout path, `registry` = `local`). Add stdin (`-`) for archives in the same change (`layerleak scan docker-archive:- < img.tar`).","scanner/scan.go:404-410 `layers.OpenFunc(... request.Registry.OpenBlob(blobCtx, request.Reference.Repository, layerDescriptor.Digest))` and :960 for config blobs; jobs/scan.go:183-185 `if request.Registry == nil { return Result{}, fmt.Errorf(""registry client is required"") }`; plan :218-221 lists it as follow-up #2 with 'its own input contract'. The registry-shaped pipeline makes the l estimate right. 3.1 placement agreed."
PRD-11,product-ideation,improvement,medium,false,false,m,high,confirmed,.github/workflows/container-release.yml,325,"Prebuilt signed CLI binaries in the release workflow, then a Homebrew tap — 3.1","Value: high for adoption — today the only CLI install is `go install`, which requires a Go toolchain; the release workflow already has the hard parts (protected environment, cosign keyless, SLSA provenance, attestations, checksums) but builds only the API image. Effort m (add a `goreleaser`-free matrix build of `.` for linux/darwin × amd64/arm64 and windows/amd64 with `-trimpath -ldflags=-s -w -X .../internal/cli.Version=$VERSION`, checksums, cosign sign-blob, attach to the release). Risk: low but it doubles the release surface, so do it right after the v3 pipeline has run once. Homebrew tap (xs after binaries exist) is 3.1+. Verdict: 3.1, not 3.0.0 — the plan's follow-up #1 asked to agree the OS/arch set first.","Dockerfile:20-23 builds only cmd/api, cmd/migrate, cmd/purge, cmd/healthcheck; `grep -rn 'cli.Version|-X ' .github/workflows Dockerfile RELEASING.md` shows no CLI binary build or ldflags injection. README.md:53-57 the only install path is `go install`. docs/plans/2026-09-09-release-readiness.md:216-218 follow-up #1 'Downloadable CLI binaries with checksums and provenance. Agree on the supported operating systems/architectures before expanding the build matrix.'","3.1: add a `cli-binaries` job to container-release.yml gated by the same validate job; artifacts `layerleak_<version>_<os>_<arch>.tar.gz` + `checksums.txt`, `cosign sign-blob` with the workflow identity, `gh attestation` for each archive, and record them in release-manifest.json (schema_version 2). Then a `brumbelow/homebrew-layerleak` tap formula pointing at the darwin/linux archives. Update README 'Install the CLI' and RELEASING verification steps.","Dockerfile:20-23 builds four cmd/* binaries only; `grep -n 'cli.Version|ldflags|-X ' .github/workflows/*.yml Dockerfile RELEASING.md` shows only `-ldflags=""-s -w""` (no version injection); README.md:53-57 install is `go install` only; plan :216-218 follow-up #1. Supporting detail: root.go:35-36 `// Version is the build-time version string, set via -ldflags. var Version = ""dev""` already exists, so `-X github.com/brumbelow/layerleak/v3/internal/cli.Version=$VERSION` works without code changes. 3.1 placement agreed."
PRD-13,product-ideation,improvement,medium,false,false,m,high,confirmed,internal/findings/findings.go,94,Baseline / ignore file keyed by fingerprint — 3.1,"Value: high for CI adoption — without a way to accept known findings (rotated-but-still-in-old-layer secrets, vendor test keys the placeholder heuristics miss), any repository with one historical finding fails forever. Effort m. Risk: low; the stable `fingerprint` already exists on every finding and the disposition model already distinguishes actionable vs example, so a third disposition `baselined` fits. Verdict: 3.1 (additive), but reserve the disposition enum value in schema v2 now so it is not a schema change later.","internal/findings/findings.go:94 `Fingerprint string json:""fingerprint""`; :33-40 dispositions are only `actionable` and `example`. internal/cli/scan.go:283-290 has no `--baseline`/`--ignore` flag. `grep -rni 'baseline|ignore' README.md CHANGELOG.md docs/` finds only release-notes-baseline text.","3.1: `--baseline <file>` (JSON produced by `layerleak scan ... --format json | layerleak baseline create`) listing `{fingerprint, detector, reason, expires}`; matched findings get `disposition: baselined` and do not count toward exit 2; `.layerleakignore` in cwd as implicit baseline. In 3.0.0 only: add `baselined` to the Disposition enum in openapi.yaml/JSON Schema so 3.1 is additive.","findings.go:94 `Fingerprint string json:""fingerprint""`; :33-40 only `actionable` and `example` dispositions (with the comment that the on-disk value stays 'example' for schema compatibility); scan.go:283-290 has no baseline/ignore flag; grep finds only release-notes 'baseline' text. Reserving `baselined` in the v2 schema/openapi (Disposition param at openapi.yaml:313) during 3.0.0 is the right cheap hedge; feature itself 3.1."
PRD-16,product-ideation,improvement,medium,false,false,s,high,confirmed,internal/api/handler.go,802,Optional bearer-token authentication for the API — 3.1,"The API today is unauthenticated by design and documented as such; `POST /api/v1/scans` triggers outbound registry traffic and 30-minute synchronous work, so any exposure beyond localhost needs a gateway. A static-token check (`LAYERLEAK_API_BEARER_TOKENS`, constant-time compare, 401 with the existing error envelope, health endpoints exempt) is small and removes the most common deployment objection. Value high, effort s, risk low. Verdict 3.1 — additive (unset = current behavior), and 3.0.0 should stay focused; if PRD-08 lands in 3.0.0 this becomes more urgent because the API would carry registry credentials.",README.md:45-47 'The API has no built-in authentication or authorization; expose it only on a trusted network or behind an authenticated gateway.' internal/api/handler.go:802-827 `middleware` sets request id and security headers only; no auth check anywhere in handler.go.,"3.1: `LAYERLEAK_API_BEARER_TOKENS` (comma-separated, min 32 chars each) enforced in `middleware` for `/api/` paths with `crypto/subtle.ConstantTimeCompare`; `WWW-Authenticate: Bearer` on 401; log token id hashes only. Document in README and openapi `securitySchemes`.","handler.go:802-827 `middleware` sets X-Request-ID, Cache-Control, X-Content-Type-Options and a panic guard only; `grep -n 'Authorization|Bearer|auth' internal/api/handler.go` finds no auth check; README.md:45-47 and openapi.yaml:7-9 document the absence. 3.1 agreed; it becomes a prerequisite for API-side credentials if PRD-08 ever extends to the API."
PRD-19,product-ideation,improvement,medium,false,false,l,high,confirmed,internal/jobs/scan.go,344,No layer-digest reuse across targets in `--all-tags` and no parallel layer download — measure before changing; 3.x,"Checked the code: `--all-tags` dedups only by root manifest digest (tags pointing at the same index share one scan); it does not reuse anything across distinct targets even though adjacent tags of one repository typically share most layers. Every manifest opens every layer from the registry again, sequentially. This is the single largest performance opportunity for sweeps. However, a correct cache is not trivial: `Replay` computes final-state and deleted-artifact semantics across the whole layer stack, so a per-layer cache must store the layer's parsed entry list plus per-file detector matches (bounded by MaxRetainedBytes-style limits) and re-run only the whiteout/final-state merge. Parallel downloads interact with the aggregate byte/retained-state bounds that make the scanner safe. Verdict: 3.x after benchmarks (plan follow-up #3); do not put either in 3.0.0.","internal/jobs/scan.go:344-350 `group, ok := groups[resolved.Digest]` groups tags by root digest only; :374-396 iterates `groupList` sequentially calling `scanTarget`. internal/layers/state.go:126-140 `for _, descriptor := range descriptors { ... stream, err := opener.OpenLayer(ctx, descriptor)` — sequential, one fetch per layer per manifest. internal/scanner/scan.go:404-425 the `OpenFunc` always calls `request.Registry.OpenBlob(...)`. `grep -rn 'layer.*cache|seenLayer|layerCache|dedup' internal/scanner internal/layers internal/jobs` (non-test) returns nothing.","3.x: add a deterministic benchmark (`BenchmarkRepositorySweepSharedLayers`) over a synthetic registry with N tags sharing K layers; then implement an in-memory per-scan `layerScanCache` keyed by layer digest holding `[]layers.Artifact` metadata + detector matches with a byte budget (`LAYERLEAK_MAX_LAYER_CACHE_BYTES`, default 0 = off in the first release), and only then consider bounded parallel prefetch (2 layers) behind a flag. Keep the digest verification per fetch.","jobs/scan.go:344-350 groups only by `resolved.Digest`; :374-396 sequential `scanTarget` loop; layers/state.go:120-141 `for _, descriptor := range descriptors { ... opener.OpenLayer(ctx, descriptor)` sequential; scanner/scan.go:404-410 always `request.Registry.OpenBlob`; grep for layerCache/seenLayer/dedup in non-test scanner/layers/jobs code returns nothing. Measure-first stance and the Replay final-state caveat are correct; 3.x."
PRD-21,product-ideation,improvement,medium,false,false,s,high,confirmed,CONTRIBUTING.md,54,"Developer experience for 3.0.0: check in .golangci.yml (28 default-config issues today) and a Makefile mirroring the 12-command verification list; skip devcontainer, CODEOWNERS and release-please","CI runs gofmt/vet/tests but no golangci-lint, and there is no .golangci config; running golangci-lint v2.5.0 with defaults reports 28 issues (22 errcheck, 5 staticcheck, 1 ineffassign), including a deprecated `transport.DialTLS` use and an always-false `limit >= math.MaxInt64` comparison — cheap correctness signal the project is not collecting. CONTRIBUTING asks contributors to hand-run a 12-command verification list that a `make verify` target should encode. A CLAUDE.md/AGENTS.md (xs) pointing at that target and the security posture is worthwhile. Devcontainer: OUT (single toolchain, Go only). CODEOWNERS: OUT (single maintainer; GitHub rulesets already protect main). release-please/changelog automation: OUT — it conflicts with the deliberate frozen-changelog-then-promote-same-commit RC procedure in RELEASING.md; a changelog lint in verify.yml is enough.","`golangci-lint run ./...` output: '28 issues: * errcheck: 22 * ineffassign: 1 * staticcheck: 5', e.g. `internal/limits/limits.go:80:5: SA4003: no value of type int64 is greater than math.MaxInt64`, `internal/registry/client.go:1075:2: SA1019: transport.DialTLS has been deprecated since Go 1.14`. `ls Makefile Taskfile.yml .golangci.yml CLAUDE.md AGENTS.md .github/CODEOWNERS .devcontainer` → none exist; only revive.toml (Codacy). CONTRIBUTING.md:54-72 lists 12 manual verification commands. .github/workflows/verify.yml:49-63 runs gofmt, go vet, go test -short, -race only.","3.0.0: add `.golangci.yml` (v2 format) enabling errcheck, staticcheck, ineffassign, govet, gosec, revive(with existing revive.toml), misspell, bodyclose; fix or `//nolint` the 28 findings; add a `golangci-lint` step to verify.yml pinned by version and SHA. Add `Makefile` with `build test test-race lint verify docs-verify db-test` targets that CONTRIBUTING references instead of the command list. Add a short `AGENTS.md` (symlink `CLAUDE.md`) with: run `make verify`, never log secrets, keep limits, read SECURITY.md.","Reproduced exactly: `golangci-lint run ./...` → '28 issues: errcheck 22, ineffassign 1, staticcheck 5', including limits.go:80 SA4003 `limit >= math.MaxInt64` (not a bug — the equality case is intended per the comment at :76-78, so `==` is the fix), layers/state.go:367 SA1019 `tar.TypeRegA` deprecated, state.go:822 ineffassign `contentClass := ContentClassText`, client.go:1075 SA1019 `transport.DialTLS`, storage/postgres.go:51,55 unchecked `db.Close()`. None of Makefile, .golangci.yml, CLAUDE.md, AGENTS.md, .github/CODEOWNERS, .devcontainer exist; CONTRIBUTING.md:54-72 lists the manual command set; verify.yml:49-63 runs gofmt/vet/test/race only. Devcontainer/CODEOWNERS/release-please OUT agreed. IN 3.0.0."
PRD-24,product-ideation,improvement,medium,false,false,s,high,verifier-added,README.md,53,"Composite GitHub Action (action.yml) wrapping the CLI — 3.1, immediately after SARIF and binaries","The stated integration story for SARIF (PRD-09) is GitHub code scanning, yet the only install path is `go install`, which requires setting up a Go toolchain in every workflow. A composite action that downloads the signed binary for the runner (PRD-11), runs `layerleak scan --format sarif --output results.sarif --no-save`, and optionally calls upload-sarif is the lowest-effort adoption lever for CI users and is how gitleaks/trivy/grype are consumed. Value high, effort s once binaries exist, risk low (a thin shell wrapper with pinned checksum verification).",`ls action.yml` → No such file. README.md:53-57 the only CLI install is `go install github.com/brumbelow/layerleak@latest`. verify.yml:64+ 'Install and exercise CLI' installs via `go install` into `${RUNNER_TEMP}` — the same toolchain dependency every downstream user would inherit.,"3.1: add `action.yml` (composite) with inputs `image`, `format`, `fail-on`, `allow-partial`, `version`; download `layerleak_<version>_<os>_<arch>.tar.gz` from the release, verify `checksums.txt` and the cosign signature, run the scan, expose `sarif-file` and `exit-code` outputs; document a 10-line workflow in README. Publish as `brumbelow/layerleak-action@v3` or from this repo with a `v3` floating tag managed by the release workflow.",
PRD-27,product-ideation,migration-edit,medium,false,false,s,medium,verifier-added,go.mod,1,"After the /v3 move, `go install github.com/brumbelow/layerleak@latest` will silently keep installing v1.0.0 forever — mark the v1 module deprecated with a final v1 tag","Go resolves `@latest` for the un-suffixed module from v1.x tags only (v2.x tags without /v2 are ignored once a go.mod exists), so existing users and every blog/README copy of the current install line will keep getting v1.0.0 with no signal that v3 exists. Go supports a `// Deprecated: ...` comment on the `module` line, which `go get`/`go list -m -u` print; but it only takes effect from a new version of the un-suffixed module, i.e. a v1.0.1 tag whose go.mod carries the comment. The protected release workflow will by then accept only v3 tags, so this needs an explicit decision and a documented, one-off tag-only path.",go.mod:1 `module github.com/brumbelow/layerleak` with no deprecation comment. README.md:54 `go install github.com/brumbelow/layerleak@latest` is the only documented install command. Tags per context: v1.0.0 is the highest valid v1 tag; v2.x tags are invalid for the un-suffixed module. container-release.yml:103 will become v3-only under PRD-01.,"Alongside v3.0.0 (not before): cut `v1.0.1` from a `release/v1` branch whose only change is go.mod `// Deprecated: layerleak v1 is unmaintained; use github.com/brumbelow/layerleak/v3` plus a README pointer; publish it as a Go-module-only tag (no container image) via a documented manual procedure in RELEASING.md with the same signed-tag requirements, or add a narrowly scoped `deprecate-v1` job to the workflow. If the maintainer prefers never to touch v1 again, record that decision and rely on README/CHANGELOG only.",
REG-03,registry-manifest,bug,medium,false,false,m,high,confirmed,internal/manifest/integrity.go,137,"Foreign/non-distributable layer media types fail manifest validation as integrity errors, aborting the remaining platforms; layers/state.go foreign-layer branch is unreachable","ValidateImageManifest validates every layer with IsLayerMediaType, which excludes MediaTypeDockerSchema2ForeignLayer(Gzip) and the OCI `...layer.nondistributable.v1.tar+gzip` type even though the package defines those constants and layers.Replay has a dedicated `foreign layer media type is not supported` branch (state.go:131) that can never run. Because the failure is an *IntegrityError, scanner.Scan (scan.go:287) treats it as fatal and stops scanning the remaining manifests of the index. Legacy Windows images (anything built on foreign base layers, common before MCR switched to distributable layers) inside a multi-platform index therefore turn a linux scan into a partial/failed run with a misleading `descriptor_media_type_mismatch` diagnostic.","Probe: `FOREIGN ValidateImageManifest err=descriptor_media_type_mismatch for ""layer[0]"": expected ""supported OCI media type"", got ""application/vnd.docker.image.rootfs.foreign.diff.tar.gzip""`; `NONDIST ... got ""application/vnd.oci.image.layer.nondistributable.v1.tar+gzip""`. Scanner-level probe with linux+windows(foreign) index: `WINDOWS-INDEX status=""partial"" err=validate image manifest sha256:d35a...: descriptor_media_type_mismatch ... manifests=2 completed=1 failed=1`. integrity.go:136-139: `for index, descriptor := range value.Layers { if err := validateDescriptor(descriptor, IsLayerMediaType, ...) }`; layers/state.go:131-133 `if manifest.IsForeignLayerMediaType(descriptor.MediaType) { return ..., fmt.Errorf(""foreign layer media type is not supported..."") }`.","Add MediaTypeOCIImageLayerNonDistributable(+Gzip/+Zstd) constants, let validateDescriptor for layers accept IsLayerMediaType || IsForeignLayerMediaType || nondistributable, and decide the policy in one place: either skip manifests containing foreign layers with a `foreign_layers_unsupported` platform diagnostic (status failed/partial for that platform only, not an IntegrityError so scan.go:287 does not abort the others), or download foreign layers from the registry blob endpoint when available (registries usually serve them) and only fall back to a diagnostic. Remove or make reachable the dead branch in layers/state.go:131 and add a scanner test with a linux+windows(foreign) index asserting the linux platform completes and the windows platform is reported, not aborted.","Probe: ValidateImageManifest on a manifest with a foreign gzip layer returns `descriptor_media_type_mismatch for ""layer[0]"" ... got ""application/vnd.docker.image.rootfs.foreign.diff.tar.gzip""` and IsIntegrityError=true; same for the OCI nondistributable type. layers.Replay is called only from scanner/scan.go:397, after ValidateImageManifest at scan.go:486/506, so state.go:131-133 is unreachable in production. scan.go:287 returns on IsIntegrityError, aborting the remaining platforms. No README/CHANGELOG/SECURITY text documents foreign layers as unsupported (grep -i foreign -> only the code). Severity medium stands: it turns a legacy Windows entry in a multi-arch index into a whole-scan failure with a misleading tampering-class diagnostic."
REG-05,registry-manifest,reliability,medium,false,false,m,medium,confirmed,internal/registry/client.go,1072,"Pinned transport dials only the first resolved address, builds a fresh Transport per request and disables keep-alive (TLS handshake per request, no multi-address fallback)","RoundTrip uses addresses[0] only, so a host whose first record (Go sorts IPv6 first under RFC 6724 when a global IPv6 source exists) is unreachable fails outright with no fallback to the other A/AAAA records—unlike net.Dialer's dual-stack fallback that the stock transport would use. Each request also clones the base Transport, sets DisableKeepAlives=true and a new Dialer, so every manifest, HEAD, token and blob request pays a TCP+TLS handshake, and validateOutboundURL plus RoundTrip resolve DNS twice per request. Repository sweeps (one HEAD per tag) and layer-heavy images are the most affected.","client.go:1070: `request.URL.Host = net.JoinHostPort(addresses[0].IP.String(), port)`; client.go:1072-1074: `transport := t.base.Clone(); transport.DisableKeepAlives = true; transport.DialContext = (&net.Dialer{Timeout: 30 * time.Second, KeepAlive: 30 * time.Second}).DialContext`. TLS probe against an httptest TLS server: `TLS(h2=false) requests=5 connections_opened=5 connections_closed=5` and `TLS(h2=true) requests=5 connections_opened=5 connections_closed=5 protos=map[HTTP/2.0:5]` (no reuse, no leak). TestClientRejectsDNSRebindingBeforeDial asserts `lookups != 2` i.e. two lookups per request.","Keep one long-lived hardened Transport per Client and implement pinning in a custom DialContext: validate the address set once per request, store it in the request context, and have DialContext iterate the validated addresses (IPv6/IPv4 fallback, per-attempt timeout) instead of rewriting URL.Host. This restores connection reuse (keyed by hostname), removes the double lookup, and fixes REG-01's proxy path naturally. Add tests for fallback to the second address and for connection reuse across requests.","Code confirmed: client.go:1070 dials addresses[0] only; 1072-1074 clones the Transport per request with DisableKeepAlives=true and a fresh Dialer; doRequest->validateOutboundURL (354) and RoundTrip (1054) each call resolveOutbound, so two lookups per request (TestClientRejectsDNSRebindingBeforeDial asserts lookups == 2; my proxy probe also logged lookups=2). The auditor's TLS-reuse probe was not re-run, but the DisableKeepAlives line alone establishes a handshake per request. Fix direction (pin inside DialContext, keep one Transport) is sound and also resolves REG-01 for direct connections."
REG-12,registry-manifest,improvement,medium,false,true,m,high,confirmed,internal/manifest/document.go,177,"Platform selection has no OS-only selector or variant equivalence, so default scans pull Windows manifests (golang:1.25: two windows/amd64 manifests with 1.5 GB and 918 MB layers)","ParsePlatformSelector requires os/arch or os/arch/variant, and SelectDescriptors with an empty selector selects every scannable platform including windows/*. Live check of docker.io/library/golang:1.25 shows 16 entries incl. two windows/amd64 manifests whose layers are 1,523,059,351 and 917,726,084 bytes, so `layerleak scan golang:1.25` without --platform downloads and decompresses gigabytes of Windows base layers or aborts at the 4 GiB aggregate limit after the linux platforms succeeded. There is no way to say 'all linux platforms'. Platform.Matches also treats `linux/arm64/v8` as not matching a bare `linux/arm64` descriptor (and `linux/arm/v7` vs bare `linux/arm`), while containerd/Docker treat those as equivalent, so users copying buildx platform strings get 'platform not found'.","Live: `golang:1.25` index `count 16 ... windows amd64 10.0.26100.33296 sha256:b9bd6164d464; windows amd64 10.0.20348.5499 sha256:0385ba6437b7`; child manifest layers `application/vnd.docker.image.rootfs.diff.tar.gzip 1523059351`, `917726084`. Probe: `SELECTOR linux -> err=platform selector must be os/arch or os/arch/variant`; `SELECT ""linux/arm64/v8"" -> [sha256:222/linux/arm64/v8]` (bare linux/arm64 entry excluded); `SELECT ""linux/arm"" -> [v6 v7 bare]`. document.go:176-178 `parts := strings.Split(raw, ""/""); if len(parts) < 2 || len(parts) > 3 {...}`; document.go:284-288 variant comparison.","Accept `os` and `os/arch` selectors with wildcard semantics (e.g. `--platform linux`), consider defaulting to linux-only unless --platform names another OS (a v3 behaviour change worth a changelog entry), and normalise variants like containerd's platforms.Normalize (arm64→v8, arm→v7, amd64 variant ignored) before matching so `linux/arm64/v8` matches a bare `linux/arm64` descriptor and vice versa. Add tests for os-only selection and variant equivalence.","Live re-check via Docker Hub: library/golang:1.25 index has 16 entries including `windows amd64 10.0.26100.33296 sha256:b9bd6164d464` and `windows amd64 10.0.20348.5499 sha256:0385ba6437b7`. Probe: ParsePlatformSelector(""linux"") -> `platform selector must be os/arch or os/arch/variant`; SelectDescriptors("""") selects windows/amd64; selector `linux/arm64/v8` excludes a bare `linux/arm64` descriptor (document.go:284-288). Additional consequence from code reading (not executed): a Windows base layer decompresses far beyond the default 512 MiB LAYERLEAK_MAX_LAYER_BYTES, so the windows platform fails with a limits error and scan.go:287 aborts the run after the linux platforms, i.e. a default `layerleak scan golang:1.25` cannot finish cleanly."
REG-19,registry-manifest,test-gap,medium,false,false,m,high,confirmed,internal/registry/client_test.go,1,"Registry/manifest tests do not cover retryable statuses, Link header shapes, challenge quoting, redirect-to-private/http rejection, the pinned transport against a real TLS server, sha512 through the client, or reference alias normalisation","client_test.go exercises timeouts, token refresh, pagination happy path, cycles, byte limits, DNS rebinding (unit level), allowlist kinds and cross-host Authorization stripping, but has no test for: isRetryableStatus (429/5xx) or backoff; nextLinkURL with multiple relations/unquoted rel/param order (REG-02 went unnoticed); parseBearerChallenge with quoted commas, escaped quotes, multiple headers (REG-07); a redirect whose Location resolves to a private address or downgrades to http being rejected end-to-end through doHTTP; pinnedTransport actually dialing (all client tests use roundTripFunc with AllowPrivateHosts=true, so the production transport path is only covered indirectly by cli/scan_test.go over plain http); sha512 digests flowing through ResolveManifest/OpenBlob; ResolveManifest's GET fallback computing the digest from the body; proxy behaviour (REG-01); multi-address selection (REG-05). manifest tests lack ParseReference cases for registry-1.docker.io/DOCKER.IO aliases (REG-08), foreign/nondistributable layers (REG-03), nested index entries (REG-11), variant equivalence (REG-12) and mixed-case media types (REG-13).","grep of internal/registry/client_test.go for `TooManyRequests|ServiceUnavailable|Retry` → no matches; only Link test shape is `</v2/library/app/tags/list?n=2&last=2.0>; rel=""next""` (lines 312, 426, 522); only challenge-parsing test is TestUnsupportedAuthChallengeDoesNotEchoHeader (`Basic`); every client-level test passes `AllowPrivateHosts: true` except the four allowlist/DNS unit tests (784-901); probe TestProbePinnedTransportAgainstTLSServer shows an httptest TLS server with LookupIP→127.0.0.1 and AllowedPrivateRegistryHosts=[host] exercises the real pinned path (`protos=map[HTTP/2.0:5]`).","Add table tests for each gap listed (they can reuse roundTripFunc/jsonResponse), an httptest-TLS-based test of pinnedTransport (allowlisted 127.0.0.1:port, RootCAs from server.Certificate()) covering success, redirect-to-private rejection, https→http downgrade rejection and multi-address fallback, a Proxy-func test asserting hostname CONNECT (after REG-01), and manifest tests for aliases, foreign layers, nested indexes and variants. Consider a fuzz target for parseBearerChallenge and nextLinkURL alongside the existing FuzzParseReference.","grep of client_test.go confirms: no TooManyRequests/ServiceUnavailable/Retry tests, Link header tested only in the exact `; rel=""next""` shape (lines 312, 426, 522), challenge parsing tested only for `Basic`, all client-level tests use roundTripFunc with AllowPrivateHosts=true except lines 784-901. reference_test.go has no bare `registry-1.docker.io/<name>` case. Every gap maps to a confirmed defect above, so medium is justified."
DB-01,storage-migrations,bug,medium,true,false,s,high,confirmed,internal/storage/postgres.go,457,A NUL byte in an image config Env/Label key aborts persistence of the entire scan,"Image config JSON may legally contain ""\u0000"" inside Env entries or Label keys. scanner/scan.go:693-712 copies the key verbatim into findings.Input.Key (payload.prefix + "".env."" + key); findings.sanitizedProvenance only applies strings.ToValidUTF8, which does not remove NUL (NUL is valid UTF-8). The value then reaches finding_occurrences.source_key and the JSON-marshalled result_json. PostgreSQL TEXT rejects 0x00 and JSONB rejects \u0000, so upsertFindingOccurrence / insertScanRun fail and the whole SaveScan transaction rolls back: no scan_run, no findings, no repository update for that image. A hostile image can therefore evade the audit trail while the scan itself appears to run.","Probe TestProbeNULByteInKeyFailsSaveScan against PG 16.14: `SaveScan with NUL in key -> err = upsert finding occurrence sha256:bbbb.../fingerprint-one: pq: invalid byte sequence for encoding ""UTF8"": 0x00 (22021)`; scan_runs count stayed 0. Probe TestProbeNULByteInResultJSONFailsSaveScan: `insert scan run for library/app: pq: unsupported Unicode escape sequence (22P05)`. scanner/scan.go:693-699: `key, _, found := strings.Cut(entry, ""="") ... Key: payload.prefix + "".env."" + key`; findings.go:581: `redacted := strings.ToValidUTF8(builder.String(), ""�"")` (no NUL handling). grep for NUL sanitization in internal/scanner, internal/findings, internal/manifest returned nothing.","Sanitize at the source so fingerprints, live API JSON and stored rows agree: in scanner.scanMetadataWithBudget replace U+0000 (and other C0 controls) in Env/Label keys before building findings.Input.Key, and in findings.sanitizedProvenance/boundedSanitizedProvenance/contextSnippet apply strings.ReplaceAll(value, ""\x00"", ""�"") before the length cap. Keep a defensive strip in storage.validateScanRecord for Key/FilePath/SourceLocation/ContextSnippet/RedactedValue/Value/RawSnippet and tag names. For ResultJSON, sanitize the strings of the jobs.Result in BuildScanRecord before json.Marshal (do not regex the encoded JSON). Add the integration test (NUL in Key and in ResultJSON must still produce a scan_run).","Reproduced on a fresh PostgreSQL 16.14 (scratch cluster, scratchpad copy of the repo): SaveScan with Key ""config.env.A\x00B"" -> `upsert finding occurrence sha256:bbbb.../fp-1: pq: invalid byte sequence for encoding ""UTF8"": 0x00 (22021)`, and afterwards scan_runs=0 repositories=0; ResultJSON containing ""\u0000"" -> `insert scan run for library/probe: pq: unsupported Unicode escape sequence (22P05)`. The JSON path is live: jobs.Result.Findings (internal/jobs/scan.go:143, json:""findings"") carries findings.Finding.Key (findings.go:91, json:""key"") and RedactedResult only nils DetailedFindings (scanservice/record.go:258); encoding/json decodes \u0000 in an image config into a NUL byte and re-encodes it as \u0000 (probe). Vectors are narrower than stated: layer file paths with NUL are rejected (internal/layers/state.go:1089) and registry tag names are validated (internal/registry/client.go:310 isValidTag), so Env/Label keys (scanner/scan.go:701,718) and detector context around a match are the live inputs. One nuance: the API does not fail silently to the caller (handler.go:725 maps scanservice.IsSaveError), but the scan is not persisted at all."
DB-02,storage-migrations,reliability,medium,false,false,m,high,confirmed,internal/storage/postgres.go,190,SaveScan performs two serial round trips per finding; large scans can exceed the 2-minute write timeout,"The findings loop calls upsertFinding then upsertFindingOccurrence once per DetailedFinding, each a separate QueryRow/Exec round trip inside one transaction bounded by writeTimeout (default 2m). LAYERLEAK_MAX_FINDINGS_PER_SCAN defaults to 10,000, so the worst legitimate scan needs ~20,000 sequential round trips plus per-manifest and per-tag statements. Measured locally at 0.70 ms/finding on loopback with fsync=off (7.0 s total); on a managed database with 2-5 ms RTT this becomes 40-100+ s of pure latency and can cross the 2-minute deadline, at which point the whole transaction rolls back and the scan is not persisted at all.","postgres.go:190-198: `for _, item := range findings.DeduplicateDetailed(record.DetailedFindings) { findingID, err := upsertFinding(...); ... upsertFindingOccurrence(...) }`. Probe TestProbeBulkInsertTiming: `SaveScan(10000 findings, loopback TCP, fsync=off) took 7.013936559s (0.70 ms/finding)`. storage.go:205: `defaultWriteTimeout = 2 * time.Minute`; config.go:201: `LAYERLEAK_MAX_FINDINGS_PER_SCAN` default 10000.","The unnest/multi-row ON CONFLICT DO UPDATE approach needs one extra step the auditor omitted: PostgreSQL raises `ON CONFLICT DO UPDATE command cannot affect row a second time` when a single statement contains two rows with the same conflict key. findings.DeduplicateDetailed dedups by a snippet key, so the same (manifest_digest, fingerprint) appears once per occurrence; the findings batch must be collapsed to distinct (manifest_digest, fingerprint) (keeping the newest redacted/raw value) before the multi-row upsert, and the occurrences batch collapsed on the 15-column identity (which excludes raw_snippet). Chunk at ~500-1000 rows, keep the existing sorted order, and keep per-chunk statements inside the one transaction so atomicity is unchanged.","postgres.go:190-198 issues one QueryRow (upsertFinding, RETURNING id) plus one Exec (upsertFindingOccurrence) per deduplicated finding, all serial inside one transaction bounded by withTimeout(ctx, writeTimeout) (postgres.go:152; default 2m at storage.go:205). LAYERLEAK_MAX_FINDINGS_PER_SCAN defaults to 10000 (config.go:201). 20000 round trips at 2-5 ms RTT is 40-100 s, so the arithmetic holds; the full-transaction rollback on deadline is exactly what SaveScan does."
DB-03,storage-migrations,reliability,medium,false,false,s,high,confirmed,internal/storage/migrate.go,257,"Migrations set no lock_timeout/statement_timeout and the migrate binary has no deadline, so 0004 can block all API traffic indefinitely","applyMigration runs each file inside a plain transaction with no `SET LOCAL lock_timeout` or `statement_timeout`. Migration 0004 executes `LOCK TABLE finding_occurrences IN SHARE ROW EXCLUSIVE MODE`, several `ALTER TABLE ... ADD CONSTRAINT` (ACCESS EXCLUSIVE) and two `CREATE INDEX` (SHARE). If any session holds even a read transaction on those tables, the ALTER waits in the lock queue and every later reader queues behind it, stalling the running v2.5.0 API replicas that README tells operators may keep serving until the new version is ready. cmd/migrate only cancels on SIGINT/SIGTERM, so a compose `migrate` job hangs forever with no diagnostic.","Probe TestProbeMigrationBlocksBehindOpenTransaction (0001-0003 applied, one idle-in-transaction reader holding an ACCESS SHARE lock): `0004 behind an idle-in-transaction reader: elapsed=2.002s err=apply migration 0004_storage_hardening: pq: canceling statement due to user request (57014)` — it only returned because the probe's context expired. migrate.go:257-277 has no timeout statements; cmd/migrate/main.go:35 uses only `signal.NotifyContext(...)`; migrations/0004_storage_hardening.up.sql:11 `LOCK TABLE finding_occurrences IN SHARE ROW EXCLUSIVE MODE;` and :174-239 ALTER TABLE ... ADD CONSTRAINT.","Use `SET LOCAL lock_timeout` (e.g. 15s, configurable) in applyMigration and retry a bounded number of times on SQLSTATE 55P03 (lock_not_available) since the per-migration transaction rolls back cleanly. Be careful with statement_timeout: 0004's dedup/repair UPDATE/DELETE and VALIDATE CONSTRAINT statements scale with table size, so either leave it unset or make it opt-in with a generous default. Add LAYERLEAK_MIGRATION_TIMEOUT to cmd/migrate and a 'waiting for lock' progress line; document quiescing the API before 0004 on populated databases. See also DB-20.","Reproduced: with 0001-0003 applied and one idle-in-transaction session holding ACCESS SHARE on finding_occurrences, RunMigrations under a 2 s context returned `apply migration 0004_storage_hardening: pq: canceling statement due to user request (57014)` after 2.002 s and left 0 advisory locks; without that context it would wait indefinitely. applyMigration (migrate.go:257-277) sets no lock_timeout/statement_timeout and cmd/migrate/main.go:35 has only signal.NotifyContext. 0004 takes LOCK TABLE SHARE ROW EXCLUSIVE (:11) then ACCESS EXCLUSIVE via ALTER TABLE ... ADD CONSTRAINT (:174-239), so every later reader queues behind it. README:85-90 does not literally say replicas 'may keep serving' but it does instruct operators to migrate before starting the new API version while the old one remains, so the overlap scenario is the documented one."
DB-04,storage-migrations,security,medium,false,false,s,high,confirmed,README.md,401,Every documented connection string uses sslmode=disable and the implicit lib/pq default skips certificate verification,"README's production `docker run` example, the checkout examples, .env.example, docker-compose.yml, CI and CONTRIBUTING all use `?sslmode=disable`. When sslmode is omitted, lib/pq defaults to `require`, which sets tls.Config.InsecureSkipVerify = true (encryption without authentication, MITM-able). Nothing in storage.PostgresConfig.Validate warns about disable/require/prefer/allow, and no doc mentions verify-full or sslrootcert. For a tool whose database may hold raw secrets (LAYERLEAK_PERSIST_RAW_SECRETS=1) this guidance is a security regression waiting to be copy-pasted.","README.md:401 `-e LAYERLEAK_DATABASE_URL='postgres://<user>:<password>@<host>:5432/layerleak?sslmode=disable'` (production docker run); README.md:277,320; .env.example:65; docker-compose.yml:44,96,121. lib/pq v1.12.3 ssl.go:84-86: `case mode == """" || mode == SSLModeRequire || mode == SSLModePrefer: // Skip TLS's own verification since it requires full verification. tlsConf.InsecureSkipVerify = true`. Probe with sslmode omitted: `ping postgres: pq: SSL is not enabled on the server` (i.e. default is require). storage.go:220-268 Validate() has no sslmode handling.","Docs: change the production docker run example to `sslmode=verify-full&sslrootcert=/path/ca.pem` (or mount the CA), keep `disable` only in the compose/CI examples with an explicit comment that it is acceptable solely on the private compose network, and add a short 'TLS to PostgreSQL' paragraph to README and SECURITY.md. Code (3.0.0 opportunity): in Validate()/NewPostgresStore log a warning when sslmode is disable/allow/prefer/require and the host is not loopback or a unix socket, and optionally add LAYERLEAK_DATABASE_REQUIRE_TLS_VERIFY=1 to refuse those modes.","lib/pq v1.12.3 conn.go:294 sets `mode = SSLModeRequire` when sslmode is absent and ssl.go:84-86 sets `tlsConf.InsecureSkipVerify = true` for """", require and prefer. All documented DSNs use sslmode=disable (README.md:277,320,401; .env.example:65; docker-compose.yml:44,96,121; CONTRIBUTING.md:32) and storage.go:220-268 Validate() has no sslmode handling. The production `docker run` example at README.md:401 is the one that matters."
DB-07,storage-migrations,test-gap,medium,false,false,m,high,confirmed,internal/storage/storage_integration_test.go,21,"Integration coverage misses concurrency, NUL input, tie-break pagination on scans/findings, newer-ledger rejection, 0004 rollback re-adoption, lock release on cancellation, real-DB API tests and -race","The suite covers happy paths, drift detection and legacy adoption well, but the following behaviours are untested in-repo (I verified each with probes in a scratchpad copy): concurrent SaveScan across repositories sharing a manifest (advisory-lock/ordering deadlock freedom); NUL bytes in provenance (DB-01 fails today); pagination stability with equal last_seen_at for ListRepositoryScans, ListRepositoryFindings and GetFinding occurrences (only ListRepositories has a tie test); checkSchemaVersion/RunMigrations rejecting a 0005 ledger row; 0004 down migration followed by RunMigrations re-adopting 0001-0003 and re-applying 0004; RunMigrations honouring context cancellation while waiting on the advisory lock and leaving no lock behind; partial-0004 marker detection error path. internal/api tests use stubReadStore exclusively, so no HTTP handler is ever exercised against a real PostgreSQL; cmd/healthcheck has no httptest-based success/failure test. CI runs -race only with -short, so integration code never runs under the race detector, and integration tests skip silently (t.Skip) when LAYERLEAK_TEST_DATABASE_URL is unset even without -short.","grep 'sync\.|go func' internal/storage/*_test.go -> none; the only tie test is TestPostgresStoreListRepositoriesPaginatesTiedRegistries (storage_integration_test.go:826); grep '0005' internal/storage -> none; TestMigrationFilesApplyAndRollback (line 21) applies all downs then only checks `tableExists(""repositories"")`; internal/api/handler_test.go:587 `type stubReadStore struct`; cmd/healthcheck/main_test.go has only argument/address tests; .github/workflows/verify.yml:63 `go test -short -race ./... -count=1` vs :236 `go test ./... -count=1` (no -race); storage_integration_test.go:1111-1114 `if baseURL == """" { t.Skip(...) }`. Probe results: TestProbeConcurrentSaveScan `concurrent failures = 0` (24 goroutines, 2 repos, 1 finding, 2 occurrences, 24 scan_runs), TestProbeFindingsPaginationTies `pagination stable for 7 tied findings`, TestProbeSchemaVersionRejectsNewerLedgerRow, TestProbeDownFourThenMigrateUpReadopts `Applied:[0004_storage_hardening]`, TestProbeMigrationLockContentionHonorsContext `advisory locks still held for migration key: 0`.","Port the probe tests into storage_integration_test.go (concurrency, NUL, ties for scans/findings/occurrences, newer ledger, 0004 down->up, lock release, partial-0004 marker), add an internal/api integration test that wires NewHandler to a real PostgresStore (behind the same LAYERLEAK_TEST_DATABASE_URL gate) covering /readyz, repositories, scans, findings, and add an httptest-based cmd/healthcheck test. Run the postgres CI job with `-race`, and make the postgres job fail (not skip) when the env var is missing, e.g. a guard test that asserts LAYERLEAK_TEST_DATABASE_URL is set when CI=true.","All evidence checks: no goroutines or sync in storage tests; only ListRepositories has a tie test (storage_integration_test.go:826); no '0005' anywhere in internal/storage; TestMigrationFilesApplyAndRollback (:21) only checks tableExists(""repositories"") after the downs; handler_test.go:587 stubReadStore is the only API store; cmd/healthcheck/main_test.go has two argument/address tests; verify.yml:63 `go test -short -race` vs :236 `go test ./... -count=1`; integrationDatabaseURL skips at :1113 when the env var is unset. I ran the full storage suite against PostgreSQL 16.14 both normally (all 60 tests pass, 1.98 s) and with -race (passes), so there is no latent race today, but the gap in CI is real."
DB-17,storage-migrations,reliability,medium,false,false,s,high,verifier-added,internal/storage/migrate.go,181,Shipped migration files are byte-frozen by the ledger but nothing guards them against edits or line-ending drift,"The ledger stores SHA-256 over the raw bytes of each 000N.up.sql (migrate.go:181-186) and validateAppliedMigrations rejects any mismatch with `migration %s checksum changed` (migrate.go:238-240) with no override. Any byte change to the four shipped files, such as a trailing-newline or whitespace cleanup, a license header, a formatter pass, or a CRLF checkout (there is no .gitattributes or .editorconfig in the repository) used to build a local image, makes RunMigrations and therefore every API startup fail against every existing database. Nothing pins the current checksums in a test and no document states that migrations/*.sql are immutable once released. GitHub confirms 0001-0003 are blob-identical from v1.0.0 through HEAD today, so the contract has held by luck rather than by a guard.","migrate.go:181 `digest := sha256.Sum256(body)` over os.ReadFile bytes; :238 `if row.Checksum != migration.Checksum { return fmt.Errorf(""migration %s checksum changed"", version) }`; `ls .gitattributes .editorconfig` -> neither exists; grep for the current digests (cefae744..., 53721c24..., 05bdabd5..., 16e385fd...) or `Checksum ==` in internal/storage/*_test.go, cmd/, scripts/ -> no pin; CONTRIBUTING.md/RELEASING.md contain no immutability rule for migrations/.","Add TestShippedMigrationChecksumsAreFrozen in internal/storage that asserts the SHA-256 of each committed migrations/000N.up.sql equals a hard-coded golden value (cefae744e62b9b052f0207507067d95e85a273dd4a4e3ab565b48ac7fdcd5f43, 53721c24c993d360b88b3cf3891e0f9aca8083c403d9d8f67ecef484775007d5, 05bdabd562a6aa6b01c8ae52422903e035f0322d71b46052b3f6b5e2bc46cd0c, 16e385fdff86018a6a69759a76753531ad55c0210df1e2c23bb9e6ddde426f65) so an accidental edit fails CI with an explanatory message; add `.gitattributes` with `migrations/*.sql text eol=lf`; optionally normalize CRLF to LF in loadMigrationFiles before hashing (backward compatible for LF files); state in CONTRIBUTING.md and RELEASING.md that released migration files are immutable and new behaviour goes in a new numbered file.",
RUN-02,toolchain-run,ci,medium,false,false,s,high,unverified,.github/workflows/verify.yml,57,No golangci-lint in CI and no .golangci config; default run reports 28 issues,"`golangci-lint run ./...` (v2.5.0, default linters) exits 1 with 28 issues: errcheck 22, staticcheck 5, ineffassign 1. verify.yml runs only `go vet`, tests and govulncheck; `grep -rn golangci .github` finds nothing. revive.toml exists but is only consumed by .codacy.yml. A release branch with a green CI therefore still carries lint debt that any contributor running the standard tool will see.","`golangci-lint run ./...` -> `28 issues: * errcheck: 22 * ineffassign: 1 * staticcheck: 5`; verify.yml:57 `run: go vet ./...`, no lint step; `.codacy.yml:8:  revive:` is the only revive reference.","Add a `.golangci.yml` (version 2) enabling errcheck/govet/staticcheck/unused/ineffassign plus revive with the rules from revive.toml (exported and package-comments disabled), exclude the deferred-Close errcheck pattern or fix them, and add a `golangci-lint run` step to verify.yml pinned to v2.5.0.",
RUN-05,toolchain-run,test-gap,medium,false,false,m,high,unverified,cmd/api/main.go,1,Five packages under 30% coverage; cmd/api and cmd/scanner have no tests at all,"`go test -short -cover` per package sorted ascending: cmd/api 0.0% (no test files), cmd/scanner 0.0% (no test files), internal/limits 13.6%, cmd/healthcheck 24.1%, cmd/migrate 25.0%, internal/storage 30.8% (integration tests gated behind testing.Short so storage is effectively untested in the default CI job), cmd/purge 39.3%. Everything else is 67-99%. internal/limits is the budget/overflow logic that guards the untrusted-input paths and is the least covered library package.","coverage output: `0.0 cmd/api`, `0.0 cmd/scanner`, `13.6 internal/limits`, `24.1 cmd/healthcheck`, `25.0 cmd/migrate`, `30.8 internal/storage`; `grep -rln testing.Short()` -> only internal/storage/storage_integration_test.go","Add table tests for internal/limits (OverflowProbeLimit, budget add/overflow paths); add a config/flag parsing test for cmd/api and cmd/scanner main (extract run(args, env) like cmd/migrate does); ensure the Postgres integration job in verify.yml actually runs storage tests (it does run `go test ./... -count=1` at line 236, so also publish that coverage rather than only the -short profile at codacy.yml:116).",
API-05,api,docs-drift,low,false,false,s,high,downgraded,web/docs/openapi.yaml,909,OpenAPI ScanSummary documents 8 of 22 emitted fields and hides the rest behind additionalProperties:true; status/mode enums and constant error_message undocumented,"scanSummaryItem emits id, requested_reference, resolved_reference, requested_digest, mode, status, error_message, scanned_at, tags_enumerated, tags_resolved, tags_failed, target_count, completed_target_count, failed_target_count, partial_target_count, manifest_count, completed_manifest_count, failed_manifest_count, total_findings, unique_fingerprints, suppressed_findings_count, suppressed_unique_fingerprints. The spec lists only the first eight, declares `status`/`mode` as free strings (they are the enums completed|partial|failed and reference|repository), and does not say that `error_message` is never the stored message but the constant ""scan did not complete successfully"" whenever any error was recorded. Clients generated from the spec lose 14 fields.","internal/api/handler.go:127-150 (22 json fields) vs web/docs/openapi.yaml:909-931:
    ScanSummary:
      type: object
      additionalProperties: true
      required: [id, requested_reference, mode, status, scanned_at]
      properties: id, requested_reference, resolved_reference, requested_digest, mode, status, error_message, scanned_at
internal/api/handler.go:596-599:
  if strings.TrimSpace(item.ErrorMessage) != """" { errorMessage = ""scan did not complete successfully"" }","Document all 22 fields, set additionalProperties:false, `status: $ref ResultStatus`, `mode: enum [reference, repository]`, describe error_message as the fixed marker string. Add GET /api/v1/scans/{id} and list fixtures to web/testdata/api-contract.json so validate_docs.py checks them like the POST fixtures.","Field count verified: handler.go:127-150 emits 22 fields; openapi.yaml:909-931 documents 8 under additionalProperties:true; status/mode have no enums; handler.go:596-599 makes error_message a constant marker. The spec is therefore permissive and incomplete rather than false (fixtures would still validate), so this is a completeness gap that costs generated clients 14 fields, not a contract contradiction — low rather than medium."
API-06,api,docs-drift,low,false,false,xs,high,confirmed,web/docs/openapi.yaml,639,TagResult.status enum and sanitised error/message strings undocumented in OpenAPI,"jobs emits TagResult.status values `scanned`, `resolved`, `failed` (spec: plain string). sanitizeResultErrors rewrites every `error`/`error_message` value to ""scan step failed"" and every diagnostic `message` to one of four fixed strings, so TagResult.error, TargetResult.error, PlatformResult.error and Diagnostic.message are effectively enums in API output, while the spec (and the shared CLI result schema description) presents them as free text. Consumers cannot know that the API deliberately strips operational detail that the CLI keeps.","internal/jobs/scan.go:244,316,329,341: Status: ""scanned"" / ""failed"" / ""resolved""
internal/api/handler.go:929-963 (sanitizeResultErrors / safeDiagnosticMessage): item[key] = ""scan step failed""; fixed messages for files_skipped_oversize, max_findings_exceeded, max_raw_finding_bytes_exceeded.
web/docs/openapi.yaml:650-653: status: type: string / error: type: string (no enum, no description).","Add `enum: [scanned, resolved, failed]` to TagResult.status; add descriptions to TagResult.error, TargetResult.error, PlatformResult.error and Diagnostic.message stating that the API replaces detail with neutral fixed strings (list them). Consider keeping the diagnostic `code` as the machine-readable signal and say so.","jobs/scan.go:244,316,329,341 emit exactly scanned/failed/resolved; handler.go:929-963 rewrites every error/error_message value to 'scan step failed' and diagnostic messages to one of four fixed strings; openapi.yaml:650-653 types them as plain strings with no description."
API-07,api,docs-drift,low,false,false,xs,high,confirmed,web/docs/openapi.yaml,284,"Parameter docs disagree with handler: Repository says %2F is required, Limit says max 200 but server clamps","The Repository path parameter instructs clients to percent-encode `/` as `%2F`, but the handler is a subtree route that accepts literal slashes (`/api/v1/repositories/library/app/scans`, which is what all tests and README examples use) and percent-encoded ones alike. Limit declares `maximum: 200`, implying 400 for larger values, while the server silently clamps (probe: `limit=500` -> 200 with `""limit"": 200`). README says ""capped at 200"" so README and spec disagree with each other.","web/docs/openapi.yaml:284: description: Repository path, for example `library/alpine`. Percent-encode path separators as `%2F` in request URLs.
web/docs/openapi.yaml:301-304: minimum: 1 / maximum: 200 / default: 50
internal/api/handler.go:671-673: if parsed > maxPageLimit { parsed = maxPageLimit }
handler_test.go:360: ""/api/v1/repositories/library/app/findings?disposition=suppressed&limit=500&offset=2"" expects store.limit == 200.","Reword Repository: ""Repository path such as `library/alpine`; literal `/` and `%2F` are both accepted."" For Limit either drop `maximum` and describe clamping, or make the server return 400 for >200 (a v2-style change). Keep README/spec/handler saying the same thing.","Probe: GET /api/v1/repositories/library%2Fapp/scans and the literal-slash form both reach the store as `library/app`, so the %2F instruction at openapi.yaml:284 is unnecessary rather than wrong. handler.go:671-673 clamps limit>200 while openapi.yaml:303 declares maximum:200 (implying 400); README.md:362-363 says 'capped at 200', matching the handler and contradicting the spec."
API-08,api,docs-drift,low,false,false,xs,high,confirmed,web/docs/openapi.yaml,263,"OpenAPI omits 405 (Allow header), unknown-route 404 and the always-present Cache-Control/X-Content-Type-Options headers","Every path answers wrong methods with 405 JSON `method_not_allowed` plus `Allow`, unknown routes get 404 JSON `not_found`, and the middleware sets `Cache-Control: no-store` and `X-Content-Type-Options: nosniff` on every response. None of this is in the spec, which only documents X-Request-ID.","internal/api/handler.go:813-815: Set(""X-Request-ID""...), Set(""Cache-Control"", ""no-store""), Set(""X-Content-Type-Options"", ""nosniff"")
internal/api/handler.go:829-834: writer.Header().Set(""Allow"", allowed); 405 method_not_allowed
Probe: OPTIONS /api/v1/scans -> 405 Allow=""POST""; GET /api/v2/scans/1 -> 404 not_found.",Add `components.responses.MethodNotAllowed` (with `Allow` header) and reference it via a `default` response on each operation; add a top-level note or per-response headers for Cache-Control and X-Content-Type-Options.,"handler.go:813-815 sets X-Request-ID, Cache-Control: no-store, X-Content-Type-Options: nosniff on every response; handler.go:829-834 writes Allow + 405 JSON; probe: OPTIONS /api/v1/scans -> 405 Allow=POST JSON. None appear in openapi.yaml. Also add the 301 path-cleaning redirect found in API-24 to this documentation work."
API-09,api,bug,low,false,false,s,high,confirmed,internal/api/handler.go,641,"Repository subtree routing double-decodes, accepts non-OCI names, and treats /api/v1/repositories/scans as repository ""scans""","repositoryPathValue trims the prefix/suffix from `request.URL.Path` (already percent-decoded by net/url) and then calls `url.PathUnescape` again, so `library%252Fapp` becomes `library/app` (probe confirmed). It performs no OCI repository-name validation, so `UPPER/Case Name` is forwarded to Postgres and returns an always-empty 200 instead of 400. Because the suffix match runs before the prefix strip, `/api/v1/repositories/scans` is interpreted as repository `scans` (probe: 200 `""repository"": ""scans""`), although a repository named scans lives at `/repositories/scans/scans`. None of these are exploitable (the value only reaches a parameterised query) but they are sloppy contract edges to fix before a major.","internal/api/handler.go:647-648:
  rawRepository := strings.TrimSuffix(strings.TrimPrefix(path, prefix), suffix)
  repository, err := url.PathUnescape(strings.Trim(rawRepository, ""/""))
Probe output: GET /api/v1/repositories/library%252Fapp/scans -> store.repository=""library/app""; GET /api/v1/repositories/UPPER/Case%20Name/scans -> 200 repository ""UPPER/Case Name""; GET /api/v1/repositories/scans -> 200 repository ""scans"".","As proposed; note that removing the second PathUnescape changes behaviour for clients that today send `%252F` (acceptable in a major, mention in CHANGELOG). Validate against the distribution path grammar and return 400 invalid_request; require the suffix to be a separate segment so `/repositories/scans` and `/repositories/findings` return 404. Add tests for all three.","All three behaviours reproduced against the real handler: `library%252Fapp` -> store.repository `library/app` (double decode at handler.go:648); `/api/v1/repositories/scans` -> 200 repository 'scans' and `/api/v1/repositories/findings` -> 200 repository 'findings' (suffix test at handler.go:407-410 runs before the prefix strip); `UPPER/Case%20Name` -> 200 forwarded verbatim. Values only reach parameterised queries (read_postgres.go), so not exploitable."
API-10,api,reliability,low,false,false,s,high,confirmed,internal/storage/migrate.go,1029,/readyz runs full pg_catalog schema-contract validation on every probe with no caching,"Each readiness probe does Ping + to_regclass + SELECT schema_migrations + three catalog queries (columns, constraints, indexes) against pg_attribute/pg_constraint/pg_index. The Docker HEALTHCHECK fires every 10 s, Kubernetes typically every 5-10 s per probe type, and load balancers add their own; this is constant catalog load for a check whose answer changes only on migration. There is no cache and no way to make the hot path cheaper.","internal/storage/migrate.go:1029-1038: Ready -> PingContext -> checkSchemaVersion
migrate.go:988-1026: tableExistsContext + SELECT version FROM schema_migrations + validateSchemaContract
migrate.go:664-672: requireSchemaColumns, requireSchemaConstraints, requireSchemaIndexes (each a pg_catalog query)
Dockerfile:45: HEALTHCHECK --interval=10s ...","Cache the readiness result in the Handler for a short TTL (e.g. 5 s, configurable LAYERLEAK_API_READINESS_CACHE) or run the full contract validation at startup and every N minutes in the background while the probe path does only Ping + ledger check. Keep the exact-schema semantics documented in README.","migrate.go:1029-1038 Ready -> PingContext -> checkSchemaVersion; :988-1026 does to_regclass, SELECT version FROM schema_migrations, then validateSchemaContract (migrate.go:664-672: three pg_catalog queries). Dockerfile:45 HEALTHCHECK every 10 s; compose every 10 s. Unauthenticated /readyz hammering is also a cheap way to load the catalog, which argues for the cache."
API-14,api,breaking-change-opportunity,low,false,true,m,high,confirmed,internal/api/handler.go,324,Contract choices worth batching into a future /api/v2 (do not silently change in /api/v1),"Several current behaviours are defensible but awkward and can only change with a path-version bump: (a) 429 `scan_capacity_exceeded` for server-side saturation; 429 signals per-client rate limiting, 503 + Retry-After is the semantic for capacity; (b) 408 for cancellation (see API-03); (c) findings always carry `""platform"": {}` because `omitempty` on a struct is a no-op; Go 1.24+ `omitzero` fixes it but changes ScanResult and requires result_schema_version 2; (d) `error_message` in ScanSummary is always a constant; (e) limit>200 clamps instead of 400; (f) `repository` in list responses echoes the raw client string rather than the normalised one, and `registry` is not echoed. The module major (/v3) does not require any of these; /api/v1 should remain frozen for 3.0.0.","handler.go:324-325: Retry-After 5 + StatusTooManyRequests
handler.go:743: StatusRequestTimeout for context.Canceled
internal/findings/findings.go:88: Platform manifest.Platform `json:""platform,omitempty""`; fixtures web/testdata/api/scan-completed.json:31: ""platform"": {}
handler.go:596-599 constant error_message
handler.go:671-673 clamp","Record these in a docs/api-v2.md backlog (or CHANGELOG 'Compatibility' notes) and ship 3.0.0 with /api/v1 unchanged except bug fixes and additive fields. If you do decide to open /api/v2 now, mount both prefixes on the same mux with the v1 handlers delegating, and bump result_schema_version to 2 for the platform/omitzero change.","handler.go:324-325 (429), :743 (408), :596-599 (constant error_message), :671-673 (clamp) verified; findings.go:88 `Platform manifest.Platform json:""platform,omitempty""` is a no-op on a struct and web/testdata/api/scan-*.json lines 31/44/36 show `""platform"": {}`. The same no-op exists on findingOccurrenceItem.Platform (handler.go:174), so GET /api/v1/findings/{id} occurrences also emit `platform: {}`; include it in the omitzero/result_schema_version-2 change."
API-16,api,ci,low,false,false,s,high,confirmed,.github/workflows/verify.yml,347,Container smoke in CI/release only probes /readyz and /health; no scan or read endpoint is exercised against real Postgres,"The post-build container test waits for /readyz, curls /health, and checks that scan_runs exists. It never POSTs to /api/v1/scans (even an invalid body to get a 400 JSON envelope), never hits /api/v1/repositories, and never checks 404/405 JSON shape, so a routing or JSON regression in the shipped image would pass the release gate. container-release.yml line 891 does the same.",".github/workflows/verify.yml:347-357:
  if curl --fail --silent http://127.0.0.1:18080/readyz >/dev/null; then break; fi ...
  curl --fail --silent http://127.0.0.1:18080/health
  test ""$(docker exec ... ""SELECT to_regclass('public.scan_runs') IS NOT NULL"")"" = ""t""
.github/workflows/container-release.yml:891: same readyz loop.","Extend the smoke: `curl -sS -X POST -H 'Content-Type: application/json' -d '{""reference"":""https://bad""}' .../api/v1/scans` expecting 400 and `""code"": ""invalid_request""`; `GET /api/v1/repositories` expecting 200 `{""repositories"": []`; `GET /nope` expecting 404 JSON; `PUT /api/v1/scans` expecting 405 with `Allow: POST`. Optionally run a real scan against a tiny registry:2 container seeded with a one-layer image to cover the full persist path.","verify.yml:347-357 and container-release.yml:884-899 only loop on /readyz, curl /health and check to_regclass('public.scan_runs'). No API route beyond the health endpoints is exercised in the shipped image."
API-17,api,bug,low,false,false,xs,high,confirmed,internal/api/handler.go,817,Panic recovery swallows http.ErrAbortHandler and turns it into a 500 JSON body,"net/http's convention is that a handler panicking with http.ErrAbortHandler aborts the response silently (no log, connection closed). The middleware recovers every value, logs it at Error, and writes a 500 envelope. Probe confirmed the sentinel is not re-panicked. Also the panic value/stack is not logged (only `%T`), which makes real panics hard to debug.","internal/api/handler.go:817-824:
  defer func() {
      if recovered := recover(); recovered != nil {
          slog.Error(""panic serving api request"", ""panic_type"", fmt.Sprintf(""%T"", recovered), ""request_id"", requestID)
          if !wrapped.wroteHeader { writeAPIError(wrapped, 500, ...) }
      }
  }()
Probe: panic(http.ErrAbortHandler) -> 500 JSON; ""ErrAbortHandler re-panicked: <nil>"".",`if recovered == http.ErrAbortHandler { panic(recovered) }` before logging. Log `debug.Stack()` (stack frames contain no secrets) alongside panic_type; keep the value itself out of the log if you fear secret material in error strings.,"Reproduced: a handler panicking with http.ErrAbortHandler yields 500 JSON `internal_error` and an ERROR log line (handler.go:817-824 recovers every value, logs only %T, never re-panics). The server also then finishes the chunked response, so a mid-body panic looks like a complete response to the client."
API-18,api,improvement,low,false,false,xs,high,confirmed,internal/api/run.go,63,"http.Server has no ErrorLog and cmd/api prints startup errors as plain text, breaking JSON-only logging","slog is configured with a JSON handler on stderr, but net/http's internal logger (TLS/handshake/`http: Accept error`, `http: panic serving` for panics outside the middleware) falls back to the `log` package in plain text, and cmd/api/main.go writes the fatal startup error with fmt.Fprintln. Log shippers expecting one JSON object per line will choke on these lines.","internal/api/run.go:63-76: server := &http.Server{ Addr, Handler, ReadHeaderTimeout, ReadTimeout, IdleTimeout }  (no ErrorLog)
cmd/api/main.go:11-13:
  if err := api.Run(); err != nil { fmt.Fprintln(os.Stderr, err); os.Exit(1) }","Set `ErrorLog: slog.NewLogLogger(logger.Handler(), slog.LevelError)` on the server; in Run() log the fatal error via slog.Error before returning (main can still exit 1). Consider a `--version` flag on cmd/api mirroring the CLI.",run.go:63-76 constructs http.Server without ErrorLog; cmd/api/main.go:11-13 prints the fatal error with fmt.Fprintln while run.go:111 configures a JSON slog handler on the same stderr.
API-19,api,improvement,low,false,false,s,high,confirmed,internal/api/handler.go,433,List responses do not echo the effective registry filter and the registry query is not validated,"`?registry=` is forwarded verbatim (probe: `"" GHCR.IO ""` reaches the store, which trims/lowercases and maps docker.io aliases). The response contains `repository`, `limit`, `offset` but not the registry actually used, so a client cannot confirm which registry its page came from, and an invalid host string yields a silently empty 200.","internal/api/handler.go:433: registry := request.URL.Query().Get(""registry"")
internal/api/handler.go:88-93: repositoryScansResponse{Repository, Scans, Limit, Offset} (no Registry)
internal/storage/read_postgres.go:16-27: normalizeRegistryFilter trims/lowercases and defaults to docker.io.",Validate `registry` as a hostname[:port] (reuse manifest's registry validation) and return 400 otherwise; add an additive `registry` field (the normalised value) to RepositoryScansResponse and RepositoryFindingsResponse and document it in openapi.yaml.,handler.go:433/477 forward the raw query value; repositoryScansResponse (handler.go:88-93) and repositoryFindingsResponse (:102-108) have no registry field; read_postgres.go:16-27 normalises/lowercases and maps Docker Hub aliases server-side so the client cannot see the effective value.
API-20,api,improvement,low,false,false,xs,high,confirmed,internal/api/handler.go,252,No version/build information is exposed by the API,"/health returns `{""status"":""ok""}` only. Operators running several tags (3.0.0-rc.1 soak next to 2.5.0) cannot ask a running instance which build it is; the CLI has a version flag but the API binary does not.","internal/api/handler.go:252-254:
  func (h *Handler) handleHealth(...) { writeJSON(writer, http.StatusOK, map[string]string{""status"": ""ok""}) }","Add `GET /version` (or `version`/`commit` fields on /health, additive) populated from `debug.ReadBuildInfo()` / `-ldflags -X` in the Dockerfile build; document in openapi.yaml and RELEASING.md smoke steps (assert the version equals the tag).",handler.go:252-254 returns only {status: ok}; Dockerfile:20-23 builds with -ldflags='-s -w' and no -X version injection; nothing exposes build info.
API-21,api,reliability,low,false,false,xs,high,confirmed,internal/api/run.go,49,Startup raw-secret inventory uses the 2 s readiness timeout and can spuriously warn on large databases,"CountRawSecrets counts rows in findings/occurrences with a context bounded by LAYERLEAK_API_READINESS_TIMEOUT (default 2 s), a knob meant for probes. On a large history table the count exceeds 2 s and the API logs ""could not inspect historical raw secret storage"", masking the real answer.","internal/api/run.go:49-53:
  warningCtx, cancel := context.WithTimeout(context.Background(), cfg.APIReadinessTimeout)
  counts, countErr := store.CountRawSecrets(warningCtx)
  ... slog.Warn(""could not inspect historical raw secret storage"", ...)","Use cfg.DatabaseQueryTimeout (10 s) or a dedicated startup timeout, or use an EXISTS query instead of a count so it is O(1) with the right index.","run.go:49 uses cfg.APIReadinessTimeout (2 s default, config.go:101) and storage/admin.go:25 applies withTimeout(ctx, queryTimeout) so the effective bound is min(2 s, 10 s) = 2 s for two COUNT(*) scans over findings and finding_occurrences (admin.go:29-33)."
API-23,api,reliability,low,false,false,s,high,verifier-added,internal/scanservice/service.go,124,Completed scans are discarded (503/408/504) when the request context ends between scan completion and the SaveScan write,"ScanAndSave reuses the handler's scanCtx (request.Context() + ScanTimeout) for persistence. If the scan finishes successfully but the context is already cancelled or expires before SaveScan returns — client disconnected after 29 minutes, or the scan completed at 29m59s — the result is thrown away: service.go:124-130 returns ctx.Err() (mapped to 408/504 by the handler) and service.go:149 / postgres.go:152 run the INSERT under min(remaining scanCtx, DatabaseWriteTimeout), turning a healthy database into 503 storage_unavailable. The refusal to persist is only justified when the scan itself was aborted mid-way (scanErr is a context error), not when scanErr == nil.","internal/scanservice/service.go:124-130:
  if ctx != nil && ctx.Err() != nil {
      if scanErr != nil { return outcome, wrapScanError(scanErr) }
      outcome.ScanError = ctx.Err()
      return outcome, wrapScanError(ctx.Err())
  }
internal/scanservice/service.go:149: scanRunID, storeErr := s.store.SaveScan(ctx, record)
internal/storage/postgres.go:152: ctx, cancel := withTimeout(ctx, s.writeTimeout)
internal/api/handler.go:329: scanCtx, cancel := context.WithTimeout(request.Context(), h.options.ScanTimeout)","When scanErr == nil (or is a non-context error with a usable result), persist with `saveCtx, cancel := context.WithTimeout(context.WithoutCancel(ctx), s.config.DatabaseWriteTimeout)` so a finished scan is stored regardless of the HTTP connection's fate; keep refusing to save only when the scan was interrupted by ctx (errors.Is(scanErr, context.Canceled/DeadlineExceeded)). Add a scanservice test with a context cancelled after the stub scan returns, asserting SaveScan is still called. This is the cheap half of API-12.",
API-24,api,docs-drift,low,false,false,xs,high,verifier-added,internal/api/handler.go,206,"ServeMux path cleaning returns 301 text/html redirects, breaking the 'every response is JSON' contract","net/http.ServeMux canonicalises paths containing repeated slashes or dot segments and answers with a 301 whose body is HTML. Probe against the real handler: GET /api/v1/repositories//library/app/scans -> 301 Location=/api/v1/repositories/library/app/scans, Content-Type text/html; GET /api/v1/repositories/library/../app/scans -> 301 to /api/v1/repositories/app/scans. The middleware still sets the security headers, but README.md:365 ('Error bodies use this shape') and the checked_ok claim 'unknown paths return JSON 404' do not hold for these inputs, and the behaviour is undocumented in openapi.yaml.","Probe output: GET /api/v1/repositories//library/app/scans -> 301 ct=""text/html; charset=utf-8"" loc=""/api/v1/repositories/library/app/scans"" body=""<a href=...>Moved Permanently</a>.""
handler.go:206: mux := http.NewServeMux() (default cleaning/redirect behaviour, no pre-check in middleware at handler.go:802-827).","In middleware, before calling the mux, compare `path.Clean(request.URL.Path)` (preserving a trailing slash) with request.URL.Path and return JSON 404 not_found (or 400 invalid_request) on mismatch, so no HTML ever leaves the API; alternatively document the 301 in openapi.yaml under a `default` response. Add a test for `//` and `..` paths.",
API-26,api,improvement,low,false,false,xs,high,verifier-added,internal/api/handler.go,739,"scan_limit_exceeded is the only API error whose message is the raw err.Error() chain, contradicting the neutral-message policy","classifyScanError returns `err.Error()` verbatim for limits.IsExceeded errors. Every other failure string in API output is neutralised (sanitizeResultErrors rewrites result error fields to 'scan step failed'; storage and upstream errors use fixed messages). The limits chain includes scanner wrap prefixes and subjects such as 'read config blob: config blob sha256:... exceeded max config bytes limit of N', 'manifest <identifier>', 'tag response for repository X' — operational detail, not secrets, but unspecified in openapi.yaml and inconsistent with the stated policy; its wording also changes whenever an internal wrap message changes.","internal/api/handler.go:738-739:
  case limits.IsExceeded(err):
      return http.StatusUnprocessableEntity, ""scan_limit_exceeded"", err.Error()
internal/limits/limits.go:28-38 (Error() embeds Subject); internal/scanner/scan.go:935-983 wraps with fmt.Errorf(""read config blob: %w"", ...), ""fetch config blob: %w""; internal/registry/client.go:732,753 subjects include manifest identifier and repository.","Extract the *limits.ExceededError with errors.As and build a fixed-format message from Kind and Limit ('the scan exceeded the configured <kind> limit of <limit>'), optionally adding additive `limit_kind`/`limit` fields to the error object; document the format in openapi.yaml's IncompleteScan response and add a unit test asserting the wrap chain does not appear.",
REL-06,ci-release,security,low,true,false,xs,high,downgraded,RELEASING.md,146,Only refs/tags/v1.* is protected by a tag ruleset; v2.x tags today and v3.x tags at release are unprotected,"The live repository ruleset 'Protect v1 release tags' includes only `refs/tags/v1.*` (update, deletion, non_fast_forward blocked). The historical v2.0.0-v2.5.0 tags that the docs promise are 'preserved' can be moved or deleted by anyone with write access, and a v3.0.0 tag pushed by the workflow would have no protection at all, contradicting 'Never move or reuse a version tag'. RELEASING step 5 instructs creating a v1.* ruleset only.","`gh api repos/Brumbelow/layerleak/rulesets/<id>` -> `{""name"":""Protect v1 release tags"",""target"":""tag"",""conditions"":{""ref_name"":{""include"":[""refs/tags/v1.*""]}},""rules"":[""update"",""deletion"",""non_fast_forward""],""bypass"":[]}`; RELEASING.md:146 'Add a tag ruleset for `v1.*` that blocks updates, deletion, and non-fast-forward changes'.","Before the first v3 RC, widen the ruleset include pattern to `refs/tags/v*` (covers v1, v2 history and v3+) while keeping creation allowed for the workflow, and update RELEASING.md step 5 to say `v*`. Optionally add a read-only pre-dispatch check in RELEASING (`gh api repos/.../rulesets`) confirming the v3 pattern is active.","Live ruleset 20827054 confirmed: include `refs/tags/v1.*`, rules update/deletion/non_fast_forward, no bypass. But the impact is overstated: `gh api repos/Brumbelow/layerleak/releases` shows v1.0.0, v2.0.0, v2.1.0, v2.1.1 and v2.5.0 all have `immutable: true`, and GitHub immutable releases lock the release's tag against update and deletion independently of rulesets. The v2.x history is therefore already protected, and a v3.0.0 tag is exposed only for the seconds between the tag push (line 985) and `gh release create` (line 1080). Only v1.0.0-beta.1 and v2.0.0-beta (non-immutable prereleases) are unprotected. Still worth doing as defence in depth and for RELEASING.md step 5 accuracy, but not release-blocking."
REL-10,ci-release,dependency,low,false,false,xs,high,confirmed,.github/workflows/verify.yml,94,Five action pins are behind their current releases (setup-python is a major behind); all pinned SHAs do resolve to the commented tags,"Verified with git ls-remote that every SHA pin matches its comment tag. Behind: docker/setup-buildx-action v4.3.0 (current v4.4.1), docker/setup-qemu-action v4.3.0 (v4.4.0), docker/build-push-action v7.3.0 (v7.4.0), actions/setup-python v6.1.0 (v7.0.0), github/codeql-action v4.37.9 (v4.38.2). Current: checkout v7.0.1, login-action v4.6.0, scan-action v7.4.2, upload-artifact v7.0.1, attest v4.2.2, download-artifact v8.0.1, setup-go v7.0.0, setup-node v7.0.0, dependency-review-action v5.0.0, codacy-analysis-cli-action v4.4.7, configure-pages v6.0.0, upload-pages-artifact v5.0.0, deploy-pages v5.0.1. Last Dependabot actions bump merged 2026-09-04.",git ls-remote: `docker/setup-buildx-action: pinned=37fe6310 -> [v4.3.0] newest_semver_tag=v4.4.1`; `docker/setup-qemu-action: pinned=1f40c722 -> [v4.3.0] newest=v4.4.0`; `docker/build-push-action: pinned=53b7df96 -> [v7.3.0] newest=v7.4.0`; `actions/setup-python: pinned=83679a89 -> [v6.1.0] newest=v7.0.0`; `github/codeql-action: pinned=cdf488f5 -> [v4.37.9] newest=v4.38.2`; `git log -- .github/workflows`: `61d8b4d 2026-09-04 chore(deps): bump the github-actions group with 7 updates`.,"Merge the pending/next Dependabot github-actions group update before the RC (or bump manually to the SHAs of v4.4.1/v4.4.0/v7.4.0/v7.0.0/v4.38.2), reviewing setup-python v7 release notes for the major change. Keep the pinned-SHA-with-version-comment convention.",Spot-checked with git ls-remote: codeql-action pinned sha cdf488f5 resolves to refs/tags/v4.37.9 and newest is v4.38.2; actions/setup-python newest v7.0.0 vs pinned v6.1.0; docker/setup-buildx-action newest v4.4.1 vs v4.3.0. Consistent with the auditor's table.
REL-11,ci-release,dependency,low,false,false,xs,high,confirmed,.github/dependabot.yml,4,"Dependabot ignores the pip lock, the npm lock and the digest-pinned images/tool versions embedded in workflows","Only gomod, github-actions and docker (root directory) are configured. requirements-docs.lock (openapi validators, PyYAML) and scripts/tests/package-lock.json (Playwright) are never updated automatically, and the `postgres:16.13-alpine@sha256` references inside verify.yml/container-release.yml and the `BUILDKIT_IMAGE` env are outside Dependabot's docker ecosystem scope.","dependabot.yml lists `package-ecosystem: ""gomod""`, `""github-actions""`, `""docker""` only; verify.yml:183 and container-release.yml:864 `postgres:16.13-alpine@sha256:4e6e670b...`; container-release.yml:37 `BUILDKIT_IMAGE: moby/buildkit:v0.33.0@sha256:6c2fa84a...`.","Rename requirements-docs.lock to requirements-docs.txt (update verify.yml:98,101, the pip-compile comment in the file, RELEASING/readiness references) so the pip ecosystem with pip-compile can update it from requirements-docs.in; add `package-ecosystem: npm` for /scripts/tests; add `package-ecosystem: docker-compose` for / to cover docker-compose.yml; keep a RELEASING checklist item for the postgres and BuildKit digests embedded in workflow YAML, which no ecosystem parses.",".github/dependabot.yml has only gomod, github-actions and docker. The fix needs two corrections: Dependabot's pip ecosystem discovers `requirements*.txt`/`*.in` files, not a `.lock` file, so adding `package-ecosystem: pip` alone would update nothing for requirements-docs.lock; and docker-compose.yml:6 pins `postgres:16.13-alpine@sha256:...`, which the `docker` ecosystem (Dockerfile only) does not cover."
REL-13,ci-release,reliability,low,false,false,xs,medium,confirmed,.github/workflows/container-release.yml,148,"Recovery gaps: a leftover draft release blocks every retry, and an RC whose image exists without attestations has no documented way forward","gh 2.100.0 creates the release as a draft, uploads assets, then publishes, deleting the draft on failure; if that cleanup itself fails (network), the draft remains. validate then sees `gh release view` succeed with isDraft=true and exits 'incompatible GitHub release state', so every retry fails until someone deletes the draft manually, and RELEASING.md's Failure and recovery section never mentions drafts. Likewise the recovery step in supply-chain hard-fails when `${IMAGE_NAME}:${RELEASE_VERSION}` exists but source-bound attestations are missing (manual push, registry loss); the correct outcome (burn the version, publish the next RC) is implied but not written down.",":144-151 `if gh release view ...; then release_state=...; if [[ ""${release_state}"" != $'false\ttrue\t'""${prerelease}"" ]]; then echo ""... has incompatible GitHub release state.""; exit 1`; cli/cli v2.100.0 create.go:509-511 'Save the release initially as draft and publish it after all assets have finished uploading ... params[""draft""] = true', :534 `cleanupDraftRelease`; :641-644 `gh attestation verify ""oci://${IMAGE_NAME}@${IMAGE_DIGEST}"" ... > recovered-index-attestations.json; jq -e 'length > 0 ...'`.","In validate, when the release exists and `isDraft` is true, print an explicit message ('a draft from an interrupted publication exists; delete it with `gh release delete <tag> --yes` (drafts are not immutable) and re-run') instead of the generic state error, or delete it automatically in the publish job when `isDraft=true && isImmutable=false` and no assets are needed. Add both scenarios (draft left behind; version image present without attestations -> publish next RC, never repush) to RELEASING.md 'Failure and recovery'.","Fetched cli/cli v2.100.0 sources: pkg/cmd/release/create/create.go:509-511 `// Save the release initially as draft and publish it after all assets have finished uploading ... params[""draft""] = true`, :534 `cleanupDraftRelease`; pkg/cmd/release/shared/fetch.go:183-230 runs a parallel `fetchDraftRelease` lookup (GraphQL by pending tag) so `gh release view <tag>` with the authenticated GITHUB_TOKEN does find a leftover draft, and validate line 148 then fails with the generic state error. Recovery gap in RELEASING.md confirmed."
REL-16,ci-release,ci,low,false,false,xs,high,confirmed,.github/workflows/codeql-analysis.yml,3,"CodeQL runs only on push/PR with no schedule, uses deprecated Go autobuild, default query suite and no timeout","Without a cron schedule, newly published CodeQL queries never re-analyze a quiet main branch; the `github.event_name != 'schedule'` condition is vestigial. Go analysis no longer needs autobuild (build-mode: none); the default suite omits security-extended queries; the job has no timeout-minutes.",codeql-analysis.yml:3-7 `on: push: branches: [main] pull_request: branches: [main]` (no `schedule`); :17 `if: github.event_name != 'schedule' || github.repository == 'brumbelow/layerleak'`; :35-36 `- name: Autobuild uses: github/codeql-action/autobuild@...`; no `queries:` input; no `timeout-minutes`.,"Add `schedule: - cron: '23 6 * * 1'`, set `build-mode: none` in the init step and drop the Autobuild step, add `queries: security-extended`, `timeout-minutes: 30`, and keep the repository guard only for the scheduled event.","codeql-analysis.yml:3-7 has no schedule, :17 vestigial schedule guard, :35-36 autobuild, no queries/timeout. Fix is correct (Go supports build-mode: none)."
REL-17,ci-release,ci,low,false,false,s,high,confirmed,.github/workflows/codacy.yml,50,"Codacy workflow can never fail on findings, lacks a timeout, and re-runs the unit suite for coverage","`max-allowed-issues: 2147483647` turns the security scan into upload-only (acceptable if intentional, but undocumented); the scan job has no timeout-minutes; the coverage job re-runs `go test -short ./...` that the CI workflow already ran on the same commit; `.codacy.yml` configures the deprecated tslint engine and excludes `.github/**` so Codacy performs no workflow analysis.","codacy.yml:50 `max-allowed-issues: 2147483647`; :46 `verbose: true`; job `codacy-security-scan` has no `timeout-minutes`; :116 `go test -short ./... -count=1 -covermode=atomic -coverprofile=unit.coverage.out`; .codacy.yml:3 `tslint:` and :12 `- "".github/**""`.",Add `timeout-minutes: 30` to the scan job; add a comment stating the upload-only intent (or lower to a real budget once the SARIF baseline is clean); produce the coverage profile in verify.yml's quality job and upload it as an artifact that codacy.yml downloads (or run coverage only on push); remove the obsolete `tslint` block and consider not excluding `.github/**` if you want Codacy's actionlint-style checks.,"codacy.yml:50 max-allowed-issues 2147483647, no timeout on the scan job, :116 duplicate `go test -short`; .codacy.yml:3 tslint block and :12 `.github/**` exclusion confirmed."
REL-19,ci-release,test-gap,low,false,false,s,high,confirmed,.github/workflows/verify.yml,19,"No macOS or Windows build/test job for the CLI, and the preflight test suite fails on non-x86_64 Linux hosts","All jobs use ubuntu-24.04, so darwin/windows path handling, TTY progress and the findings directory are never exercised even though those platforms are advertised install targets via `go install`. Separately, `test_installer_rejects_corrupt_cached_archive_without_installation` asserts the checksum message, but on arm64/macOS the installer exits earlier with 'supports Linux x86_64 only', so `python3 -m unittest discover -s scripts/tests` fails for contributors on Apple silicon.","verify.yml uses `runs-on: ubuntu-24.04` in every job; scripts/tests/test_release_preflight.py:153-156 `[bash, str(SCRIPT.with_name('release-tools.sh')), directory] ... self.assertIn('Checksum verification failed', result.stderr)`; scripts/release-tools.sh:14-16 `if [[ ""$(uname -s)"" != Linux || ""$(uname -m)"" != x86_64 ]]; then echo 'The reviewed release tool bundle supports Linux x86_64 only.'`.","Add a lightweight `cli-cross` job: matrix `[macos-15, windows-2025]` running `go build ./...` and `go test -short ./internal/cli/... ./internal/output/...` (or the full short suite if it is portable). Guard the installer test with `@unittest.skipUnless(platform.system()=='Linux' and platform.machine()=='x86_64', ...)` or inject `uname` overrides via env.","release-tools.sh:14-16 exits with 'supports Linux x86_64 only' before the checksum step, while test_release_preflight.py:153-156 asserts 'Checksum verification failed' in stderr; on arm64/macOS the assertion fails. All verify.yml jobs are ubuntu-24.04."
REL-20,ci-release,bug,low,false,false,xs,high,confirmed,scripts/layerleak-migrate-up.sh,11,scripts/layerleak-migrate-up.sh only works when invoked from inside the module directory,"The script resolves the repository directory but then runs `go run <absolute path>` from the caller's cwd; Go requires the current directory to be inside a module, so calling the helper from anywhere else fails. The script is not referenced by any documentation, so it is either dead or an undocumented operator helper.","`cd /tmp && /home/user/layerleak/scripts/layerleak-migrate-up.sh` -> `go: go.mod file not found in current directory or any parent directory; see 'go help modules'` rc=1; scripts/layerleak-migrate-up.sh:11 `exec go run ""${repository_dir}/cmd/migrate""`; `grep -rn layerleak-migrate-up.sh *.md docs` -> no references.","Change line 11 to `cd ""${repository_dir}"" && exec go run ./cmd/migrate ""$@""`, add it to README/database docs (or delete it if the native `layerleak-migrate-up` binary supersedes it), and cover it with shellcheck in the new tooling job (REL-15).","Ran the script from the scratchpad directory: `go: go.mod file not found in current directory or any parent directory` rc=1. Line 11 `exec go run ""${repository_dir}/cmd/migrate""` never changes directory. Fix is correct."
REL-21,ci-release,reliability,low,false,false,xs,high,confirmed,.github/workflows/container-release.yml,755,release-manifest.json hard-codes cosign v3.0.2 instead of recording the tool that actually signed,"The manifest's `tools.cosign` is a literal string duplicated from scripts/release-tools.sh, while `tools.grype` comes from the env. If the installer pin changes without this line (REL-09), the evidence file misreports the signing tool.",":754-755 `--arg grype_version ""${GRYPE_VERSION}"" --arg cosign_version ""v3.0.2""`; scripts/release-tools.sh:43 pins `cosign ... v3.0.2`.","Derive it at runtime: `cosign_version=""$(cosign version 2>&1 | awk '/^GitVersion:/{print $2}')""` (the preflight already asserts this format) and pass `--arg cosign_version ""${cosign_version}""`; do the same for `gh --version` and `docker buildx version` so the manifest records the full reviewed toolset.","container-release.yml:755 `--arg cosign_version ""v3.0.2""` literal while grype comes from env (754). The preflight already parses `GitVersion:` from `cosign version` (release-preflight.py:66) so the proposed awk is consistent."
REL-22,ci-release,ci,low,false,false,xs,high,confirmed,.github/workflows/container-release.yml,256,Minor permission over-grants: stage-image requests attestations:read it never uses,"stage-image only builds/pushes and inspects images; `attestations: read` is unused there (gh attestation verify runs in supply-chain and post-release). Everything else is minimal: publish needs contents:write+packages:write, supply-chain needs id-token/attestations/packages write, validate/scan/smoke are read-only, persist-credentials is false on every checkout.",:253-256 `permissions: contents: read / packages: write / attestations: read` on stage-image; no `gh attestation` call in that job.,"Remove `attestations: read` from stage-image. Optionally add a comment above each job's permissions block naming the step that needs each write scope, which makes future review of GITHUB_TOKEN scopes faster.",stage-image permissions (lines 253-256) include attestations:read; no `gh attestation` or actions/attest usage in that job (lines 262-430).
REL-24,ci-release,improvement,low,false,false,s,high,confirmed,.github/FUNDING.yml,1,"Repository templates: FUNDING.yml is mostly boilerplate, issue templates are legacy Markdown, PR checklist omits lint and changelog","FUNDING.yml keeps twelve commented placeholder lines around the single `ko_fi: brumbelow` entry. Issue templates use the legacy Markdown front-matter format rather than YAML issue forms (no required fields, no dropdowns for install method/platform, the security warning is an HTML comment users often delete). The PR template checklist has no golangci-lint/actionlint item and no CHANGELOG.md entry item even though RELEASING requires the changelog to be frozen before an RC.","FUNDING.yml:1 `github: # Replace with up to 4 GitHub Sponsors-enabled usernames ...` (lines 1-3, 5-13 are placeholders); ISSUE_TEMPLATE/bug_report.md:1-7 Markdown front matter `name: Bug report ... labels: bug`; PULL_REQUEST_TEMPLATE.md:14-21 checklist lists git diff --check, gofmt, vet, tests, container checks, docs, notices but no lint or CHANGELOG item.",Trim FUNDING.yml to `ko_fi: brumbelow`. Convert the three templates to `.github/ISSUE_TEMPLATE/*.yml` issue forms with required version/install-method/platform fields and a visible 'no secrets' checkbox. Add `- [ ] golangci-lint / actionlint / shellcheck` and `- [ ] CHANGELOG.md updated under [Unreleased]` to the PR template.,FUNDING.yml has 12 placeholder lines around `ko_fi: brumbelow`; ISSUE_TEMPLATE/bug_report.md uses Markdown front matter with the secrets warning in an HTML comment; PULL_REQUEST_TEMPLATE.md checklist (lines 14-21) has no lint or CHANGELOG item.
REL-26,ci-release,security,low,false,false,xs,high,verifier-added,Dockerfile,1,Dockerfile `# syntax=docker/dockerfile:1.7` pulls an unpinned frontend image at every release build,"The release build pins BuildKit by digest (BUILDKIT_IMAGE) and the base image by digest, but the `# syntax=` directive makes BuildKit fetch `docker/dockerfile:1.7` (a floating tag) from Docker Hub at build time and execute it as the Dockerfile frontend. That is a remote, unreviewed component in a pipeline whose policy is reviewed, checksum-pinned tools, and Dependabot's docker ecosystem does not update syntax directives. The pinned BuildKit v0.33.0 built-in frontend already supports every feature used (`--mount=type=cache`, `$BUILDPLATFORM`, TARGETOS/TARGETARCH).",Dockerfile:1 `# syntax=docker/dockerfile:1.7`; container-release.yml:37 `BUILDKIT_IMAGE: moby/buildkit:v0.33.0@sha256:6c2fa84a...` (digest-pinned) and Dockerfile:5 `golang:1.27.1-bookworm@sha256:648f44...` (digest-pinned) show the pinning policy the directive escapes.,"Remove line 1 so the digest-pinned BuildKit's built-in frontend is used, or pin it as `# syntax=docker/dockerfile:1.7@sha256:<digest>` and add it to the RELEASING tool table. Verify with the existing CI container job that the build still succeeds.",
REL-27,ci-release,ci,low,false,false,s,high,verifier-added,.github/workflows/container-release.yml,461,"The Grype binary that gates the release is installed by anchore/scan-action, not the repository-checksum-pinned bundle the preflight verifies","validate installs Grype 0.99.1 from scripts/release-tools.sh with a repository-pinned SHA-256 and runs `release-preflight.py tools --full` against it, but that binary never scans anything. scan-image runs anchore/scan-action, which downloads its own Grype (version-pinned by `grype-version`, checksum taken from the upstream release, not from this repository). RELEASING.md's tool table claims Grype is 'Official archive and repository-pinned SHA-256; scan action selects the same version', which conflates the two installations.",container-release.yml:458-472 `uses: anchore/scan-action@27805bf3...` with `grype-version: ${{ env.GRYPE_VERSION }}` and no checkout or release-tools.sh in the scan-image job (lines 450-510); release-tools.sh:47-51 installs grype only in `all` mode for validate/supply-chain/post-release; RELEASING.md:40 'Official archive and repository-pinned SHA-256; scan action selects the same version'.,"Either run the reviewed binary directly in scan-image (checkout control plane, `scripts/release-tools.sh ... all`, then `grype ""${IMAGE_NAME}@${DIGEST}"" --platform ""${platform}"" --fail-on critical --output sarif --file ...` and a second `--only-fixed --fail-on high` run, keeping the always() enforcement step), or reword RELEASING.md:40 to say the scanning job uses anchore/scan-action's version-pinned download and the repository checksum covers only the preflight copy.",
CFG-02,config-container-deps,docs-drift,low,true,false,xs,high,downgraded,README.md,198,"README's global ""0 disables a MAX_* bound"" rule is contradicted by four MAX_* variables that reject 0","README.md:197-199 says ""A value of `0` disables a `MAX_*` bound unless the description says otherwise."" Only LAYERLEAK_MAX_FILE_BYTES (line 229) says ""must be positive"". But config.go parses LAYERLEAK_MAX_AUTH_RESPONSE_BYTES (line 129) and LAYERLEAK_API_MAX_REQUEST_BYTES (line 69) with int64FromEnv, and LAYERLEAK_API_MAX_CONCURRENT_SCANS (line 77) and LAYERLEAK_DATABASE_MAX_OPEN_CONNS (line 205) with intFromEnv; all four return ""%s must be greater than zero"" for 0. .env.example scopes the same sentence to the scan-bounds block (line 44) but README applies it globally.","config.go:446-448 `if parsed <= 0 { return 0, fmt.Errorf(""%s must be greater than zero"", key) }` (int64FromEnv) used at 69 (API_MAX_REQUEST_BYTES) and 129 (MAX_AUTH_RESPONSE_BYTES); config.go:463-465 same for intFromEnv used at 77 and 205; README.md:198-199 `A value of `0` disables a\n`MAX_*` bound unless the description says otherwise.`; README.md:213 `| LAYERLEAK_MAX_AUTH_RESPONSE_BYTES | 1048576 | Maximum registry token response size. |` (no exception noted)","Fix as proposed. Since the four variables live in different tables (core/registry, API and PostgreSQL), the least error-prone edit is to move the sentence under '### Resource bounds' (where every MAX_* row except MAX_FILE_BYTES accepts 0, which is already annotated) and add 'must be positive' to the four rows. Add `TestLoadRejectsZeroForPositiveOnlyBounds` covering LAYERLEAK_API_MAX_REQUEST_BYTES, LAYERLEAK_MAX_AUTH_RESPONSE_BYTES, LAYERLEAK_API_MAX_CONCURRENT_SCANS, LAYERLEAK_DATABASE_MAX_OPEN_CONNS, LAYERLEAK_TAG_PAGE_SIZE, LAYERLEAK_REGISTRY_MAX_REDIRECTS, LAYERLEAK_REGISTRY_REQUEST_ATTEMPTS.","Confirmed: README.md:198-199 states the global rule; config.go:69 (API_MAX_REQUEST_BYTES) and :129 (MAX_AUTH_RESPONSE_BYTES) use int64FromEnv whose :446-448 rejects `parsed <= 0`; config.go:77 (API_MAX_CONCURRENT_SCANS) and :205 (DATABASE_MAX_OPEN_CONNS) use intFromEnv with the same rejection at :463-465. Only README.md:229 (MAX_FILE_BYTES) carries 'must be positive'; rows at :213, :251, :253, :261 do not. .env.example:44 correctly scopes the rule to the scan bounds. Impact is low because a user who sets 0 gets a clear `<VAR> must be greater than zero` error at startup rather than silent misbehaviour; still a documentation statement that is false and cheap to fix before release."
CFG-05,config-container-deps,dependency,low,false,false,s,medium,confirmed,.github/dependabot.yml,4,Dependabot ignores the npm (Playwright) and pip (OpenAPI validators) toolchains; the pip lock uses a filename Dependabot will not detect,"scripts/tests/package.json pins `playwright 1.62.1` and requirements-docs.lock pins openapi-spec-validator 0.9.0, pydantic 2.13.5, rpds-py etc. with hashes. Neither ecosystem is in dependabot.yml, so these test-time dependencies (which download and execute Chromium and run pip with `--require-hashes` in the documentation job) are never updated or alerted on. Dependabot's pip updater detects requirements*.txt / *.in files; `requirements-docs.lock` is not a recognized manifest name, so adding the ecosystem alone would not pick it up.","dependabot.yml lists only gomod, github-actions, docker; scripts/tests/package.json:8 `""playwright"": ""1.62.1""`; requirements-docs.lock:3 `# pip-compile --generate-hashes --strip-extras --output-file=requirements-docs.lock requirements-docs.in`; verify.yml:98 `cache-dependency-path: requirements-docs.lock`, :101 `pip install --require-hashes -r requirements-docs.lock`","Add `- package-ecosystem: ""npm"" directory: ""/scripts/tests""` and `- package-ecosystem: ""pip"" directory: ""/""` entries (weekly, grouped). Rename requirements-docs.lock to requirements-docs.txt (update its header, verify.yml:98 and :101, and any scripts referencing it) so Dependabot's pip updater sees it, or point the pip entry at requirements-docs.in and regenerate hashes in the PR.","scripts/tests/package.json:8 pins `""playwright"": ""1.62.1""`; requirements-docs.lock header prescribes pip-compile with `--output-file=requirements-docs.lock`; verify.yml:96-101 installs it with Python 3.13 and `--require-hashes`; dependabot.yml has no npm or pip entry. Dependabot's pip detection of only *.txt/*.in requirement files cannot be executed here, so that part keeps medium confidence, but the fix (rename to requirements-docs.txt and reference it in verify.yml:98/101) is safe either way."
CFG-06,config-container-deps,dependency,low,false,false,xs,high,confirmed,go.mod,15,Direct and indirect Go dependencies have newer releases; refresh before rc.1 so notices and SBOMs match,"`go list -m -u all` reports klauspost/compress v1.19.2 -> v1.20.1 (2026-09-25), golang.org/x/term v0.45.0 -> v0.46.0, golang.org/x/sys v0.47.0 -> v0.48.0, spf13/pflag v1.0.9 -> v1.0.10, plus go.yaml.in/yaml/v3 and go-md2man test-only bumps. govulncheck reports no vulnerabilities today, so this is hygiene, but THIRD_PARTY_NOTICES.md hard-codes these versions (lines 9-16) and the rc must be cut from the final dependency set because the release workflow reuses the RC digest for the stable tag.","`go list -m -u all` -> `github.com/klauspost/compress v1.19.2 [v1.20.1]`, `github.com/spf13/pflag v1.0.9 [v1.0.10]`, `golang.org/x/sys v0.47.0 [v0.48.0]`, `golang.org/x/term v0.45.0 [v0.46.0]`; govulncheck ./... -> `No vulnerabilities found.`; THIRD_PARTY_NOTICES.md:10 `| github.com/klauspost/compress | v1.19.2 | ...`","Run `go get -u ./... && go mod tidy` (or merge the pending Dependabot group PR) before tagging v3.0.0-rc.1, then update THIRD_PARTY_NOTICES.md versions to match go.mod. Consider generating the notices table from `go-licenses report` output in CI to remove the manual step.","`go list -m -u all` here reproduces the exact set: klauspost/compress v1.19.2 [v1.20.1], spf13/pflag v1.0.9 [v1.0.10], golang.org/x/sys v0.47.0 [v0.48.0], golang.org/x/term v0.45.0 [v0.46.0], plus go-md2man, go.yaml.in/yaml/v3 and check.v1 (test/indirect). govulncheck (run via go run, which switched to go1.26.8) prints 'No vulnerabilities found.' THIRD_PARTY_NOTICES.md:10/14/15/16 hard-code the current versions."
CFG-10,config-container-deps,reliability,low,false,false,xs,high,confirmed,docker-compose.yml,72,`docker compose up -d api` on a fresh volume yields an API that is never ready because migrate is profile-gated and not a dependency,"The api service depends only on `db: condition: service_healthy`; the migrate service lives in the `tools` profile and must be run manually first (README:413). NewPostgresStore is created with RequireSchema: true, so an API started against an empty database fails schema validation, exits, and is restarted forever by `restart: unless-stopped`, while the healthcheck shows unhealthy. Compose supports `service_completed_successfully`, which would make the documented ordering automatic and idempotent (the migration command is a no-op when current).","docker-compose.yml:72-74 `depends_on: db: condition: service_healthy`; docker-compose.yml:108-109 `profiles: - tools` on migrate; internal/api/run.go:42 `RequireSchema: true,`; README.md:88-89 `the API will remain unready on an older schema.`","Remove `profiles: [tools]` from migrate (keep `restart: ""no""`) and add to api: `depends_on: { db: {condition: service_healthy}, migrate: {condition: service_completed_successfully} }`. Keep purge-raw-secrets in the tools profile. Update README:413-414 to a single `docker compose up -d`.","docker-compose.yml:72-74 api depends only on db health; :108-109 migrate is in profile `tools`; internal/api/run.go:42 `RequireSchema: true` and postgres.go:60-65 fail construction on schema mismatch; README.md:413-414 documents the manual ordering. `service_completed_successfully` is supported by Compose v2, which the README already requires (`docker compose`). Removing the profile from migrate makes `docker compose up -d` run it every start; RunMigrations is documented as a no-op when current (README:283), so this is safe."
CFG-11,config-container-deps,improvement,low,false,false,s,medium,confirmed,docker-compose.yml,4,"Compose hardening gaps: db service unhardened, no resource limits, unbounded tmpfs, floating :latest image default","The api/migrate/purge services are well hardened (read_only, tmpfs, cap_drop ALL, no-new-privileges) but: the db service has only no-new-privileges (no cap_drop, no read_only, no tmpfs); no service sets memory/CPU/pids limits although the API decompresses untrusted layers up to 512 MiB per layer and retains up to 1 GiB; `tmpfs: - /tmp:mode=1777` has no `size=` so it can consume half of host RAM; `LAYERLEAK_IMAGE` defaults to `ghcr.io/brumbelow/layerleak:latest` (.env.example:2, compose:24) which contradicts the digest-pinning discipline applied to postgres and the release verification section (README:432-440).",docker-compose.yml:19-21 db has only `restart` and `security_opt: - no-new-privileges:true`; docker-compose.yml:84-85 `tmpfs: - /tmp:mode=1777`; docker-compose.yml:24 `image: ${LAYERLEAK_IMAGE:-ghcr.io/brumbelow/layerleak:latest}`; no `deploy:`/`mem_limit`/`pids_limit` keys anywhere in the file,"db: add `cap_drop: [ALL]`, `cap_add: [CHOWN, DAC_OVERRIDE, FOWNER, SETGID, SETUID]`, `tmpfs: [/run/postgresql, /tmp]`, `shm_size: 256m`. api: `tmpfs: - /tmp:mode=1777,size=256m`, `pids_limit: 256`, `mem_limit: 2g` (or `deploy.resources.limits`). Default LAYERLEAK_IMAGE in .env.example to the released version tag (`ghcr.io/brumbelow/layerleak:v3.0.0`) and show the digest form in README.","docker-compose.yml:19-21 db has only restart and no-new-privileges; :84-85 `tmpfs: - /tmp:mode=1777` has no size; :24 defaults LAYERLEAK_IMAGE to `:latest`; grep for shm_size/mem_limit/pids_limit/deploy: returns nothing. The cap_add list proposed for the official postgres image (CHOWN, DAC_OVERRIDE, FOWNER, SETGID, SETUID) matches what its entrypoint needs; keep medium confidence until tested."
CFG-12,config-container-deps,improvement,low,false,false,xs,high,confirmed,.dockerignore,1,".dockerignore excludes almost nothing, so docs/web/scripts changes invalidate the Go build cache and bloat the context",".dockerignore contains only `.git`, `.github`, `findings`. Dockerfile:13 `COPY . .` therefore ships web/, docs/, scripts/ (including scripts/tests/node_modules if present locally), *.md, .env.example, docker-compose.yml, CHANGELOG etc. into the build stage; any edit to those files changes the COPY layer digest and forces `go build` to re-run despite the cache mounts. The build also relies on -buildvcs=auto silently doing nothing because .git is excluded; making it explicit avoids a surprise if the ignore list changes.",".dockerignore (entire file): `.git\n.github\nfindings`; Dockerfile:13 `COPY . .`; Dockerfile:20 `go build -mod=readonly -trimpath -ldflags=""-s -w"" -o /out/layerleak-api ./cmd/api` (no -buildvcs flag)",As proposed; the allowlist form (`*` then `!go.mod !go.sum !**/*.go !cmd/ !internal/ !migrations/`) is the most robust. `-buildvcs=false` is correct and harmless since .git is excluded today.,".dockerignore is exactly `.git`, `.github`, `findings`; Dockerfile:13 `COPY . .`; Dockerfile:20-23 has no -buildvcs flag. Nuance: because the RUN uses a go-build cache mount, the re-executed `go build` is nearly a no-op, so the cost is layer invalidation and context size rather than a full rebuild. An additional reason to add `.env*`: a developer's local .env (real DB password) is otherwise copied into the build stage cache, though it never reaches the scratch image."
CFG-13,config-container-deps,breaking-change-opportunity,low,false,true,xs,high,confirmed,Dockerfile,39,Dead configuration: LAYERLEAK_FINDINGS_DIR is baked into the image/compose but never used by the API; Config.MigrationsDir is read but unused,"cfg.FindingsDir is consumed only by internal/cli/scan.go:213 (CLI result artifacts). The container has no CLI binary, yet Dockerfile:39 sets `ENV LAYERLEAK_FINDINGS_DIR=/tmp/layerleak/findings` and docker-compose.yml:46 passes `LAYERLEAK_FINDINGS_DIR` to the api service, suggesting the API writes findings to disk (it does not). Conversely config.Load populates MigrationsDir (config.go:280) but nothing reads it: cmd/migrate/main.go:30-33 reads LAYERLEAK_MIGRATIONS_DIR and applies the `/app/migrations` default itself, duplicating the default in two places. A major release can delete both without compatibility cost.","grep FindingsDir -> only internal/config/config.go:53,272 and internal/cli/scan.go:213, internal/cli/results.go; Dockerfile:39 `ENV LAYERLEAK_FINDINGS_DIR=/tmp/layerleak/findings`; docker-compose.yml:46 `LAYERLEAK_FINDINGS_DIR: ${LAYERLEAK_FINDINGS_DIR:-/tmp/layerleak/findings}`; grep MigrationsDir -> only config.go:61,280 and config_test.go; cmd/migrate/main.go:30-33 `migrationsDir := strings.TrimSpace(os.Getenv(""LAYERLEAK_MIGRATIONS_DIR"")); if migrationsDir == """" { migrationsDir = ""/app/migrations"" }`","Remove Dockerfile:39 and compose:46 (or ship the CLI in the image per CFG-14 and keep them). Either delete Config.MigrationsDir and its README row from the general table (documenting it under the migration command instead), or make cmd/migrate use config.Load()/a shared constant so the default lives in one place.","grep FindingsDir across *.go -> only config.go:53/272, config_test.go, internal/cli/scan.go:213 and internal/cli/results.go; no API code path. Dockerfile:39 `ENV LAYERLEAK_FINDINGS_DIR=/tmp/layerleak/findings` and compose:46 pass it to an image that contains no CLI. grep MigrationsDir -> only config.go:61/280 and config_test.go:143; cmd/migrate/main.go:30-33 reads LAYERLEAK_MIGRATIONS_DIR itself with its own `/app/migrations` default."
CFG-14,config-container-deps,improvement,low,false,false,s,high,confirmed,Dockerfile,29,The container image has no `layerleak` CLI and compose has no scan profile,"The scratch image contains only layerleak-api, layerleak-migrate-up, layerleak-purge-raw-secrets and layerleak-healthcheck. Users who want to scan from CI or a workstation without a Go toolchain have no supported image (README:83-86 says the CLI is go-install only). Adding the root CLI to the same image (it is the same module and already static) and a `scan` compose profile (`profiles: [scan]`, `entrypoint: /usr/local/bin/layerleak`, volume for findings, optional LAYERLEAK_DATABASE_URL) would make the compose stack usable end-to-end and is a natural 3.0 feature.","Dockerfile:20-23 builds only ./cmd/api, ./cmd/migrate, ./cmd/purge, ./cmd/healthcheck; README.md:83-86 `The supported distribution paths are the module root above for the CLI and ghcr.io/brumbelow/layerleak:<published-version> for the API plus its bundled migration, purge, and healthcheck commands.`; docker-compose.yml profiles: only `tools`","Add `go build ... -o /out/layerleak .` and `COPY --from=build /out/layerleak /usr/local/bin/layerleak` to the Dockerfile; add a compose service `scan` in profile `scan` with `entrypoint: [""/usr/local/bin/layerleak""]`, `working_dir: /tmp`, `LAYERLEAK_FINDINGS_DIR=/tmp/layerleak/findings` mounted to a host directory, read_only/tmpfs/cap_drop like api. Extend scripts/verify-container-platform.py's expected binary list and README's distribution paragraph.","Dockerfile:20-23 builds only ./cmd/api, ./cmd/migrate, ./cmd/purge, ./cmd/healthcheck; scripts/verify-container-platform.py:15-16 EXECUTABLES lists the same four; README.md:83-86 states the CLI is go-install only; compose has only the `tools` profile. Pure improvement, correctly not blocking."
CFG-15,config-container-deps,docs-drift,low,false,false,xs,high,confirmed,README.md,203,README tables omit the six compose-only variables; web/docs shows a partial .env with non-default values,".env.example defines LAYERLEAK_IMAGE, LAYERLEAK_API_HOST, LAYERLEAK_API_PORT, LAYERLEAK_DB_NAME, LAYERLEAK_DB_USER, LAYERLEAK_DB_PASSWORD (lines 2-8) which docker-compose.yml consumes, but none appear in the README configuration tables (only API_HOST and DB_PASSWORD are mentioned in prose at 411/422). web/docs/index.html:195-226 presents a 30-line env block that omits all LAYERLEAK_API_* and LAYERLEAK_DATABASE_* tuning variables, MIGRATIONS_DIR and MAX_RAW_FINDING_BYTES's neighbours, and shows `LAYERLEAK_FINDINGS_DIR=findings` and a `postgres://postgres:***@localhost` DSN, so the web copy disagrees with README's `auto`/`empty` defaults.",".env.example:2-8 `LAYERLEAK_IMAGE=... LAYERLEAK_API_HOST=127.0.0.1 LAYERLEAK_API_PORT=8080 LAYERLEAK_DB_NAME=layerleak LAYERLEAK_DB_USER=layerleak LAYERLEAK_DB_PASSWORD=change-me`; reconciliation script: those six have `readme=-`; web/docs/index.html:196 `LAYERLEAK_FINDINGS_DIR=findings`, :226 `LAYERLEAK_DATABASE_URL=postgres://postgres:***@localhost:5432/layerleak?sslmode=disable`","Add a fourth README table ""Compose-only variables"" listing the six with defaults and purpose (note LAYERLEAK_DB_PASSWORD is required). Replace the web/docs env block with the same three tables or a link to the README section, and apply the CFG-03 blank defaults there. Add the web block to scripts/validate_docs.py checks so it cannot drift again.",".env.example:2-8 defines LAYERLEAK_IMAGE, LAYERLEAK_API_HOST, LAYERLEAK_API_PORT, LAYERLEAK_DB_NAME, LAYERLEAK_DB_USER, LAYERLEAK_DB_PASSWORD; README grep shows LAYERLEAK_IMAGE nowhere, LAYERLEAK_API_HOST only in prose at :422, LAYERLEAK_DB_PASSWORD only at :411; the README tables (lines 203-267) contain none of the six. web/docs/index.html:195-226 omits every LAYERLEAK_API_* and LAYERLEAK_DATABASE_* tuning variable and shows `LAYERLEAK_FINDINGS_DIR=findings` and the postgres:*** DSN."
CFG-16,config-container-deps,test-gap,low,false,false,s,high,confirmed,internal/config/config_test.go,9,"No test pins .env.example/compose defaults to config.Load, and several parser edge cases are untested","TestLoadDefaults hand-copies expected values, so a drift between .env.example, docker-compose.yml defaults and config.go would not be caught (today they match only by discipline). Untested behaviours verified by probing the stdlib: `LAYERLEAK_MAX_AUTH_RESPONSE_BYTES=0`, `LAYERLEAK_API_MAX_REQUEST_BYTES=0`, `LAYERLEAK_DATABASE_MAX_OPEN_CONNS=0` rejection; `LAYERLEAK_DATABASE_MAX_IDLE_CONNS=0` acceptance; whitespace-padded numerics (` 5 `), `+5`, out-of-range (`9223372036854775808` -> value out of range), unitless durations (`30` -> missing unit), fractional durations (`1.5h`), LOG_LEVEL offsets (`INFO+2` accepted, `warning` rejected), and PERSIST_RAW_SECRETS forms (`t`, `TRUE` accepted; `yes`, `on` rejected). Only the log-level test asserts error text.","config_test.go has no test referencing LAYERLEAK_MAX_AUTH_RESPONSE_BYTES, LAYERLEAK_API_MAX_REQUEST_BYTES or LAYERLEAK_DATABASE_MAX_OPEN_CONNS with ""0""; probe: `ParseBool(""yes"") = false, strconv.ParseBool: parsing ""yes"": invalid syntax`; `ParseDuration(""30"") = 0s, time: missing unit in duration ""30""`; `Level(""INFO+2"") = INFO+2, <nil>`; `ParseInt(""9223372036854775808"") ... value out of range`","Add `TestEnvExampleMatchesDefaults` that parses ../../.env.example (skipping LAYERLEAK_IMAGE/API_HOST/API_PORT/DB_*), sets every key with t.Setenv, calls Load(), and compares to a Load() with all keys empty (FINDINGS_DIR/DATABASE_URL excepted after CFG-03). Add a similar test that extracts `${VAR:-default}` pairs from docker-compose.yml. Add a table-driven `TestLoadRejectsZeroForPositiveOnlyBounds` and `TestLoadParsesEdgeCases` covering the inputs above and asserting error text names the variable.","config_test.go has TestLoadInvalidMaxFileBytes (""0"") and TestLoadInvalidTagPageSize (""0"") but no zero-rejection test for LAYERLEAK_MAX_AUTH_RESPONSE_BYTES, LAYERLEAK_API_MAX_REQUEST_BYTES, LAYERLEAK_API_MAX_CONCURRENT_SCANS or LAYERLEAK_DATABASE_MAX_OPEN_CONNS; TestLoadDefaults (lines 9-146) hand-codes every expected value; only TestLoadRejectsInvalidLogLevel (:345-351) asserts error text. No test reads .env.example or docker-compose.yml. `go test ./internal/config` passes today."
CFG-17,config-container-deps,docs-drift,low,false,false,xs,high,confirmed,README.md,205,LOG_LEVEL and PERSIST_RAW_SECRETS accept more (and less) than the README states,"README:205 documents `debug, info, warn, or error`, but logLevelFromEnv lower-cases and hands the string to slog.Level.UnmarshalText, which also accepts `INFO+2`, `warn-1` (= INFO+3), and rejects `warning`. The accepted value is stored as a string and re-parsed in api/run.go:108, so offsets propagate to the handler. README:177/207 shows only `1` for LAYERLEAK_PERSIST_RAW_SECRETS; strconv.ParseBool also takes `t/T/TRUE/true/True` but not `yes`/`on`, which is a common operator expectation for a boolean env var.","config.go:285-290 `value := strings.ToLower(envOrDefault(key, fallback)); var level slog.Level; if err := level.UnmarshalText([]byte(value))`; probe: `Level(""INFO+2"") = INFO+2, <nil>`, `Level(""warn-1"") = INFO+3, <nil>`, `Level(""warning"") ... unknown name`; config.go:428 `parsed, err := strconv.ParseBool(value)`; probe: `ParseBool(""yes"") ... invalid syntax`","Either restrict LOG_LEVEL to the four documented names (switch statement) so misconfigurations fail loudly, or document ""slog level names, optionally with +N/-N offsets"". For PERSIST_RAW_SECRETS document ""`1`/`true` enable; `0`/`false` disable"" and, if desired, accept `yes/no/on/off` explicitly with an error message listing accepted forms.","config.go:285-290 lower-cases and delegates to slog.Level.UnmarshalText, which accepts NAME+N/NAME-N offsets and rejects 'warning'; the string is re-parsed by internal/api/run.go:106-109 and internal/cli/logging.go:9-12, so offsets propagate. config.go:428 uses strconv.ParseBool (1/t/T/TRUE/true/True/0/f/F/FALSE/false/False only). README.md:205 lists only four names and :177/:207 only `1`."
CFG-20,config-container-deps,improvement,low,false,false,m,medium,confirmed,internal/config/config.go,235,"Config validation gaps: API_ADDR unchecked at load time, no cross-checks between related bounds, 51 hand-rolled env reads","LAYERLEAK_API_ADDR is taken verbatim (envOrDefault) so a malformed value like `8080` or `localhost` only fails at ListenAndServe, after the database has been opened and raw-secret counts queried. Interdependent values are not cross-checked: LAYERLEAK_TAG_PAGE_SIZE larger than a non-zero LAYERLEAK_MAX_REPOSITORY_TAGS requests more tags than will ever be used; LAYERLEAK_MAX_FILE_BYTES larger than a non-zero LAYERLEAK_MAX_LAYER_BYTES can never be satisfied; LAYERLEAK_API_MAX_CONCURRENT_SCANS is not compared with LAYERLEAK_DATABASE_MAX_OPEN_CONNS. Load() is 220 lines of repeated `x, err := fooFromEnv(...); if err != nil { return Config{}, err }` blocks, which is how MigrationsDir became dead and why no test can enumerate the variable set.","config.go:235 `APIAddr: envOrDefault(""LAYERLEAK_API_ADDR"", ""127.0.0.1:8080"")` with no net.SplitHostPort; config.go:213-215 is the only cross-field check (`if databaseMaxIdleConns > databaseMaxOpenConns`); internal/registry/client.go:266-271 sends `n=<pageSize>` regardless of maxTags","Validate APIAddr with net.SplitHostPort (host may be empty) and validatePort. Add warnings or errors for TagPageSize > MaxRepositoryTags (>0) and MaxFileBytes > MaxLayerBytes (>0), or clamp pageSize to remaining tags in ListTags. For 3.0 refactor Load() around a declarative spec slice (name, kind, default, min) so a single loop parses, a generated table feeds README/.env.example, and tests can iterate the spec.","config.go:235 takes LAYERLEAK_API_ADDR verbatim via envOrDefault; internal/api/run.go opens the store at :33-45 and queries raw-secret counts at :49-51 before ListenAndServe at :83, so a malformed address fails late. config.go:213-215 is the only cross-field check. internal/registry/client.go:265-271 sends `n=<pageSize>` without regard to maxTags (it only clamps pageSize <= 0 to 100). Load() is ~220 lines of repeated parse/return blocks."
CFG-23,config-container-deps,dependency,low,false,false,xs,medium,verifier-added,Dockerfile,1,"Dockerfile `# syntax=docker/dockerfile:1.7` is a floating, digest-less, 2.5-year-old frontend pin that contradicts the repository's digest-pinning discipline","Every other image reference in the repo (golang builder, postgres) is pinned tag@digest and bumped by Dependabot, but the BuildKit frontend pulled at build time by the release workflow is `docker/dockerfile:1.7` with no digest. Docker Hub currently lists 1.27.1 as the newest frontend; 1.7 dates from early 2024. The directive was introduced at 84d53fd (2026-04-30) and has never changed although the golang image on line 5 was bumped four times since, so Dependabot is not maintaining it. A floating frontend tag means two release builds of the same source can use different frontend code.","Dockerfile:1 `# syntax=docker/dockerfile:1.7`; Docker Hub docker/dockerfile tags -> ['latest','1','1.27','1.27.1',...]; `git log -S'syntax=docker/dockerfile' -- Dockerfile` -> only 84d53fd; `git log -- Dockerfile` -> a84503d, 8ee7d86, f8622df, bd7a38b dependabot golang bumps after it","Pin the frontend like the other images: `# syntax=docker/dockerfile:1.27@sha256:<current multi-platform digest>` (or drop the directive entirely, since the Dockerfile uses only cache mounts that the default frontend shipped with every supported Docker/BuildKit already supports). If kept, add a line to scripts/release-preflight.py or verify.yml that fails when the syntax directive lacks `@sha256:`.",
CFG-24,config-container-deps,security,low,false,false,xs,high,verifier-added,.env.example,8,".env.example ships LAYERLEAK_DB_PASSWORD=change-me, which defeats the compose `${LAYERLEAK_DB_PASSWORD:?}` required-variable guard","docker-compose.yml deliberately uses `${LAYERLEAK_DB_PASSWORD:?set LAYERLEAK_DB_PASSWORD in .env}` on four lines so a missing password aborts `docker compose config/up`. README:410-411 tells users to `cp .env.example .env` and edit the password, but because the example file already carries the non-empty placeholder `change-me`, Compose's `:?` check is satisfied and a user who forgets step two gets a fully running PostgreSQL + API with a publicly known password. Exposure is limited by the default 127.0.0.1 host binding, but the guard the compose file was written to provide never fires. The auditor's checked_ok entry '.env.example marks LAYERLEAK_DB_PASSWORD as required' overlooks that the value, not the comment, is what Compose evaluates.",".env.example:7-8 `# Required by docker-compose.yml. Replace before deployment.\nLAYERLEAK_DB_PASSWORD=change-me`; docker-compose.yml:10 `POSTGRES_PASSWORD: ${LAYERLEAK_DB_PASSWORD:?set LAYERLEAK_DB_PASSWORD in .env}` (also :44, :96, :121); README.md:410-411 `cp .env.example .env\n# Edit LAYERLEAK_DB_PASSWORD in .env.`","Ship `LAYERLEAK_DB_PASSWORD=` (empty) in .env.example with the existing comment, so `docker compose config` fails with the intended 'set LAYERLEAK_DB_PASSWORD in .env' message until the operator supplies one. Optionally pair with CFG-09 (compose secrets / POSTGRES_PASSWORD_FILE). Update README:410-411 wording accordingly.",
GAP-03,critic,security,low,false,false,xs,high,critic-added,.dockerignore,1,".dockerignore does not exclude .env, so a developer's database password is copied into the builder stage and BuildKit cache by `COPY . .`","The Dockerfile runs `COPY . .` into the build stage (Dockerfile:12). .dockerignore excludes only .git, .github and findings. The documented quickstart tells users to `cp .env.example .env` and fill in LAYERLEAK_DB_PASSWORD; .env is gitignored but not dockerignored, so any local `docker build`/`docker compose build` sends it in the build context and stores it in the builder layer and BuildKit cache. The final scratch image only copies /out and migrations so the published image is unaffected, and release builds run in CI where no .env exists, hence low severity. CFG-12 covered context bloat/cache invalidation but not the secret-file aspect.",".dockerignore (entire file): `.git`, `.github`, `findings`. Dockerfile:12 `COPY . .`. .gitignore:36 `.env`.","Extend .dockerignore to at least `.env`, `.env.*`, `*.pem`, `*.key`, `node_modules`, `web/`, `docs/`, `scripts/`, `*.md`, `.venv*`, `__pycache__/`; or invert to an allowlist (go.mod, go.sum, *.go dirs, migrations/). Optionally replace `COPY . .` with explicit `COPY cmd internal migrations main.go ./`.",
GAP-04,critic,compat,low,false,false,s,medium,critic-added,internal/cli/progress.go,208,TTY progress mode writes raw ANSI cursor sequences and a box-drawing logo without enabling Windows VT processing; Windows support is implied but never tested,"The CLI cross-compiles cleanly for windows/amd64 and darwin/arm64 (`GOOS=windows go build ./...` and `go vet` both pass), and the Go install path makes Windows users possible. In TTY mode the renderer emits `\x1b[%dA` and `\r\x1b[2K` and prints a box-drawing-character logo (progress.go:15-29, 131, 208, 214). No code enables ENABLE_VIRTUAL_TERMINAL_PROCESSING (no golang.org/x/sys/windows import, no SetConsoleMode), so on legacy conhost (cmd.exe/PowerShell on Windows 10 without Windows Terminal) the escape sequences are printed literally and the eight-line block never redraws; the logo also depends on a UTF-8 code page. There is no NO_COLOR concern (no colour codes are emitted), but there is no documented platform-support statement, no Windows/macOS CI job (REL-19), and no per-OS fallback. CLI-01 (chmod) and CLI-26 (hard links) also behave differently on Windows filesystems.","`GOOS=windows GOARCH=amd64 go build ./...` -> exit 0; `grep -rn ""SetConsoleMode\|ENABLE_VIRTUAL_TERMINAL\|golang.org/x/sys/windows"" --include=*.go .` -> none; progress.go:208 `fmt.Fprintf(r.out, ""\x1b[%dA"", progressBlockLines)`; progress.go:214 `fmt.Fprint(r.out, ""\r\x1b[2K"")`; README has no match for windows/macos/darwin.",Decide and document the supported CLI platforms for 3.0.0 (README 'Platform support' section). If Windows is supported: add a `progress_windows.go` that enables virtual-terminal processing via golang.org/x/sys/windows (already an indirect dependency) and falls back to plain mode when it fails; replace the logo with ASCII or print it only when the console is UTF-8. If not: state 'Linux and macOS only' and have the Windows build auto-select `--progress plain`. Add a windows-latest/macos-latest `go build` + unit-test job (REL-19).,
GAP-05,critic,ci,low,false,false,xs,high,critic-added,.github/workflows/codeql-analysis.yml,22,"CodeQL scans only Go although the repository ships JavaScript, Python and GitHub Actions workflows","The CodeQL matrix is `language: [ 'go' ]`. The repository also contains browser JavaScript served on GitHub Pages (web/assets/demo.js, web/assets/site.js), Node test code (scripts/tests/test_demo.cjs), Python release tooling that executes subprocesses and parses untrusted release metadata (scripts/release-preflight.py, scripts/verify-container-platform.py, scripts/validate_docs.py), and six workflows. CodeQL supports javascript-typescript, python and actions; none are scanned. REL-16 covered schedule/autobuild/query suite but not language coverage.",".github/workflows/codeql-analysis.yml:22 `language: [ 'go' ]`; `git ls-files` shows web/assets/*.js, scripts/*.py, scripts/tests/test_demo.cjs.","Change the matrix to `language: [ 'go', 'javascript-typescript', 'python', 'actions' ]` (actions and javascript-typescript need no build step), keep `build-mode: none`/autobuild only for Go, and add `timeout-minutes` while editing (REL-16).",
GAP-07,critic,test-gap,low,false,false,xs,high,critic-added,.github/workflows/verify.yml,60,CI never runs the two fuzz targets beyond their seed corpus and never shuffles test order,"FuzzParseReference (reference_test.go:217) and FuzzVerifyingReader (integrity_test.go:122) exist but no workflow runs `go test -fuzz`, so only the seed inputs are exercised; no `-shuffle=on` run exists to catch order-dependent tests (DET-23 notes order-dependent Deduplicate behaviour). LAY-19 and PRD-22 ask for more fuzz targets but nobody noted that the existing ones are effectively unit tests in CI.","`grep -n -i ""fuzz\|-shuffle"" .github/workflows/*.yml` -> no matches; verify.yml:60 `run: go test -short ./... -count=1`; verify.yml:63 `run: go test -short -race ./... -count=1`.","Add a short fuzz smoke step to verify.yml: `for f in FuzzParseReference FuzzVerifyingReader; do go test ./internal/manifest -run '^$' -fuzz=""^${f}$"" -fuzztime=30s; done` (extend as PRD-22 targets land) and run the unit suite once with `-shuffle=on`. Optionally a weekly scheduled workflow with a longer -fuzztime.",
GAP-08,critic,docs-drift,low,false,false,xs,high,critic-added,README.md,47,"README documents neither proxy environment handling, platform support, shell completion, nor the API's plain-HTTP/TLS-termination expectation","The registry client honours HTTP_PROXY/HTTPS_PROXY/NO_PROXY through the base transport's Proxy function (client.go:1080-1087; currently broken for hostname-policy proxies, REG-01) but README never mentions proxies; the API serves plain HTTP only (no TLS option anywhere in internal/api or internal/config) and README:45-47 says only 'expose it only on a trusted network or behind an authenticated gateway' without saying TLS must be terminated there; cobra's auto-generated `layerleak completion bash|zsh|fish|powershell` exists but is undocumented; there is no supported-OS statement (see GAP-04). These are the first questions a 3.0.0 adopter asks and the answers exist only in code.","`grep -n -i ""TLS\|HTTPS_PROXY\|NO_PROXY\|completion\|windows\|macos"" README.md` -> no matches; `grep -rn -i ""tls\|certificate"" internal/api internal/config cmd` -> none; client.go:1080 `if t.base.Proxy != nil { proxyURL, proxyErr := t.base.Proxy(originalRequest)`.","Add three short README sections before 3.0.0: 'Platform support' (tested OS/arch, Windows caveats), 'Networking' (HTTPS_PROXY/NO_PROXY honoured once REG-01 is fixed; egress allowlist interplay; the API listens on plain HTTP and expects TLS termination and authentication at a reverse proxy/gateway), and 'Shell completion' (`layerleak completion <shell>`). Mirror the first two in web/docs/index.html.",
DET-13,detectors-findings,bug,low,false,false,xs,medium,unverifiable,internal/detectors/detectors.go,68,GitHub refresh tokens (ghr_) longer than 36 characters are rejected by the trailing \b,"`\b(?:gh[pousr]_[A-Za-z0-9]{36}|github_pat_[A-Za-z0-9_]{82})\b` requires exactly 36 body characters for all five prefixes. GitHub's documented refresh-token example (`ghr_<redacted>`) is 80 characters (76 after the prefix) and gitleaks v7.4.0/truffleHog use `ghr_[0-9a-zA-Z]{76}`; current gitleaks uses `{36}` without a trailing anchor, which still matches a longer token as a prefix. With the trailing `\b` this rule matches neither shape for a 76-char body. Confidence is medium because GitHub's current docs no longer show a literal example.",Probe: `github refresh token ghr_ 76 => <none>`; `ghs token (36) => github_token[0:40]`; `github fine-grained pat (82) => github_token[9:102]` (fine-grained OK). Web: gitleaks release v7.4.0 introduced `ghr_[0-9a-zA-Z]{76}`; gist 'regex including new github tokens pattern' shows both 36 and 76 variants.,"Adopt ghr_[A-Za-z0-9]{36,76} with a post-match boundary check; or drop the trailing \b for ghr_ only.","Probe confirms ghr_ with a 76-char body => <none> and 36-char => github_token. Current GitHub docs (both the current and the github-ae pages) no longer show a literal example, and gitleaks uses ghr_[0-9a-zA-Z]{36} without a trailing anchor, so the real body length could not be settled from primary sources. The proposed {36,76} is harmless under either hypothesis."
DET-16,detectors-findings,bug,low,false,false,xs,high,confirmed,internal/detectionpolicy/policy.go,276,"Default-credential pairs (admin:admin, root:password, test:test, user foobar) are silently discarded even on production hosts","DiscardReason removes matches whose credentials equal a placeholder pair or whose username is `foobar` regardless of host, and Set.Scan drops them before normalization (detectors.go:162-169), so `https://admin:admin@prod-db.internal/` yields no finding of any disposition. A shipped image with default credentials is a finding (CWE-1392) and the user has no way to see that it was dropped.","Probe: `admin:admin real host (https://admin:admin@prod-db.internal/) => <none>`. Code policy.go:286-294 `if isPlaceholderCredentialPair(username, password) { return true } if username == ""foobar"" { return true }`; detectors.go:164 `if detectionpolicy.DiscardReason(match.Value) != detectionpolicy.ReasonNone { continue }`.",As proposed (emit as suppressed/known_dummy or a new default_credentials reason instead of silent discard); update policy_test expectations.,"Probe: https://admin:admin@prod-db.internal/ => <none>; policy.go:286-290 and detectors.go:164 confirmed. policy_test.go:70-83 shows this is intentional, so it is a policy choice rather than an accidental bug; kind could be 'compat'."
DET-17,detectors-findings,bug,low,false,false,s,high,confirmed,internal/detectors/detectors.go,84,"netrc_password matches the word after 'password' anywhere, including comments, at HIGH confidence",`(?im)\bpassword\s+([^\s#]+)` with a 4-character minimum accepts any following word; the .netrc path bump (sensitivePath) raises the result to high. Comment lines and macdef bodies produce false positives with a real-looking redacted value.,"Probe: `.netrc ""# password rotated quarterly\nmachine x login y password abc"" => netrc_password[11:18]=""rotated""(high)`. Code detectors.go:84.",As proposed.,"Probe on /root/.netrc: '# password rotated quarterly\nmachine x login y password abc' => netrc_password[11:18]=""rotated""(high)."
DET-18,detectors-findings,bug,low,false,false,xs,high,confirmed,internal/detectors/structured.go,310,git_credentials_password is skipped when the stored password is percent-encoded,"The detector locates the span with `needle := "":"" + password + ""@""` where `password` comes from `parsed.User.Password()` (already unescaped). git credential-store URL-encodes `@`, `/`, `#`, `:` and `%` in passwords, so the needle is not found and the match is dropped (`continue`); only the whole-URL basic_auth_url finding remains, and the structured priority/pairing is lost.",Probe on /root/.git-credentials: `https://deploy:p%40ssw0rdXyzAbc@github.com/... => basic_auth_url[0:42]` only; `https://deploy:passw0rdXyzAbc@github.com/... => basic_auth_url | git_credentials_password[15:29]`; `p%2Fssw0rd%23XyzAbc => basic_auth_url only`. Code structured.go:310-314.,As proposed; report the raw encoded bytes as Value so NormalizeWithRaw's span check holds.,Probe: https://deploy:p%40ssw0rdXyzAbc@github.com/... => basic_auth_url only; plain password => basic_auth_url + git_credentials_password[15:29]. structured.go:310 needle uses the decoded password.
DET-19,detectors-findings,bug,low,false,false,xs,high,confirmed,internal/detectors/structured.go,263,"parseINIKeyValue keeps quotes on CRLF lines, disabling aws_shared_credentials_* for quoted Windows-style credential files","The value is right-trimmed only of ' ' and '\t' before the surrounding-quote check, so on CRLF input the value is `""...""\r`, the quote pair is not recognised, and the later TrimSpace leaves the quotes in place. looksLikeAWSAccessKeyID/looksLikeAWSSecretAccessKey then fail (wrong length) and the structured detector emits nothing; the generic aws_access_key_id/aws_secret_access_key regexes still fire but without profile pairing/priority.","Probe: `aws credentials CRLF quoted => aws_access_key_id[32:52] | aws_secret_access_key[80:120]` (no aws_shared_credentials_*), `aws credentials CRLF unquoted => aws_shared_credentials_access_key_id | aws_shared_credentials_secret_access_key`, `BOM => aws_shared_credentials_*` (OK). Code structured.go:263 `value = strings.TrimRight(trimmedLeft, "" \t"")` then :265 quote check.",As proposed.,Probe: CRLF + quoted .aws/credentials => only generic aws_access_key_id/aws_secret_access_key (p3); CRLF unquoted => aws_shared_credentials_* (p4). structured.go:263 trims only ' \t' before the quote check.
DET-20,detectors-findings,bug,low,false,false,xs,high,confirmed,internal/detectors/detectors.go,80,"Capture-boundary defects: npmrc quoted tokens include quotes (2 findings per secret), databricks/telegram/aws-secret captures are truncated or unanchored","(a) npmrc_auth_token `([^\s#;]+)` keeps surrounding quotes, so `_authToken=""npm_...""` yields npmrc_auth_token (quoted value, span 33:75) plus npm_token (34:74): two findings and two fingerprints for one secret. (b) databricks_token `dapi[A-Za-z0-9]{32}\b` drops the modern `-2`/`-3` suffix. (c) telegram_bot_token has no trailing boundary so a 36+-char secret is cut at 35 and the remainder is visible in context. (d) aws_secret_access_key (line 74) has no trailing boundary so a 41st character is left in plaintext.","Probe: `npmrc quoted token => npmrc_auth_token[33:75]=""\""npm_<redacted>\"""" | npm_token[34:74]`; `databricks -3 suffix => databricks_token[0:36]` (suffix excluded); `telegram 36 chars => telegram_bot_token[4:50]` (last char excluded); `aws secret 41 chars => aws_secret_access_key[22:62]`.",As proposed.,"Probe: quoted _authToken => npmrc_auth_token[33:75] with quotes + npm_token[34:74] (two findings); dapi...-3 => databricks_token[0:36] (suffix dropped; gitleaks uses dapi[a-f0-9]{32}(?:-\d)? confirming the suffix); telegram 36-char secret => cut at 35. Item (d) is not a real-world defect because AWS secrets are exactly 40 chars, but the trailing boundary still reduces false positives."
DET-21,detectors-findings,compat,low,false,true,xs,medium,confirmed,internal/detectors/detectors.go,99,Identifiers reported as HIGH-confidence secrets: twilio_account_sid (AC+32hex) and public Sentry DSNs,"An Account SID is a public identifier and a Sentry DSN public key is designed to ship in client apps, yet both are emitted at ConfidenceHigh and count toward exit code 2. AWS access key IDs get the same treatment but at least follow the profile-pairing pattern in .aws/credentials.","Probe: `twilio account sid only (TWILIO_ACCOUNT_SID=AC3f9a...) => twilio_account_sid[19:53](high)`. Code detectors.go:99 `newRegexDetector(""twilio_account_sid"", ... ConfidenceHigh, nil)`, :119 sentry_dsn ConfidenceHigh.",As proposed.,Probe: TWILIO_ACCOUNT_SID=AC<32hex> alone => twilio_account_sid(high). detectors.go:99 and :119 confirmed; reasonable compat change for 3.0.0.
DET-22,detectors-findings,bug,low,false,false,xs,high,confirmed,internal/detectors/detectors.go,494,"sensitivePath substring matching ('key', 'token', 'secret', '.docker') bumps confidence for unrelated paths","`strings.Contains(value, token)` over the whole lowercased path promotes medium findings to high for any path containing the letters 'key' (keycloak, keyrings, monkey), 'token' (tokenizer), etc.","Probe: `jwt under keycloak path (/opt/keycloak/conf/x.txt) => jwt(high)` vs `jwt under plain path (/opt/app/conf/x.txt) => jwt(medium)`. Code detectors.go:494-498 `for _, token := range []string{""secret"", ""token"", ""credential"", ""key"", "".docker""} { if strings.Contains(value, token) { return true } }`.",As proposed.,"Probe: identical JWT under /opt/keycloak/conf/x.txt => jwt(high), under /opt/app/conf/x.txt => jwt(medium). detectors.go:494-498 substring loop confirmed."
DET-23,detectors-findings,reliability,low,false,false,xs,high,confirmed,internal/findings/findings.go,501,compareFindings omits MatchStart/MatchEnd so Deduplicate([]Finding) order depends on input order,"Two public findings that differ only in match offsets (same line, same fingerprint) compare equal, so slices.SortFunc leaves them in input order. DeduplicateDetailed is total (compareDetailedFindings adds offsets) and is what the pipeline uses, so this is latent, but the exported Deduplicate is part of the package API and any future caller gets nondeterministic JSON ordering.","Probe: `compareFindings(a,b)=0`; `order ab -> 10,30 ; order ba -> 30,10`. Code findings.go:501-530 ends with `return strings.Compare(left.Key, right.Key)` without offsets.",As proposed.,"Probe: compareFindings(a,b)=0 for findings differing only in offsets; Deduplicate order ab -> 10,30 and ba -> 30,10. Latent because the pipeline uses DeduplicateDetailed."
DET-24,detectors-findings,improvement,low,false,false,s,high,confirmed,internal/detectors/detectors.go,207,"Nested overlapping matches survive dedup (URL + entropy on the password inside it), producing two findings/fingerprints for one credential","Set.Scan removes only exact (value,start,end) duplicates. A lower-priority match fully contained in a higher-priority one (keyword_entropy on the password inside a basic_auth_url match; git_credentials_password inside basic_auth_url is intentional) is kept, inflating counts and creating redundant fingerprints.",Probe: `nested overlap url+entropy yaml => basic_auth_url[23:80] | keyword_entropy[38:62](low)`. Corpus file_deleted_git_credentials_actionable.json expects both `basic_auth_url` and `git_credentials_password` (intentional nesting).,As proposed.,Probe: 'database_password_url: https://deploy:X@db.internal/app' => basic_auth_url[23:74] + keyword_entropy[38:62](low): the nested lower-priority match survives Set.Scan's exact-span dedup.
DET-26,detectors-findings,breaking-change-opportunity,low,false,true,s,high,confirmed,internal/detectors/detectors.go,56,Detector identifier naming is inconsistent; 3.0.0 is the moment to normalize (detector_name is persisted and exposed via API),"Inconsistencies in Default(): abbreviation vs full (`digitalocean_pat` vs `netlify_personal_access_token`/`airtable_personal_access_token`); missing type (`stripe_key` vs `stripe_webhook_secret`); `gitlab_token` vs `gitlab_deploy_token`/`gitlab_runner_token`; vendor prefix drift (`hashicorp_vault_token` vs `vault_token_file`; `new_relic_user_api_key` with underscore vs `openrouter`/`huggingface`/`digitalocean`/`planetscale`/`sonarcloud`); `docker_auth_blob` vs `docker_config_identitytoken`; `npmrc_auth` vs `npmrc_auth_token` vs `npm_token`; `heroku_api_key` also labels `HRKU-` OAuth tokens; `google_oauth_access_token` vs `google_api_key`; `Detector.Name()` differs from emitted names (`aws_shared_credentials` emits `aws_shared_credentials_access_key_id|secret_access_key|session_token`, `git_credentials` emits `git_credentials_password`); generic names `assigned_sensitive_value`/`keyword_entropy`. detector_name is stored in finding_occurrences and returned in API `detectors[]`, so renames need a compatibility map.","detectors.go:59-147 registration list; structured.go:107-108 `Name() string { return ""aws_shared_credentials"" }` vs :142 `Detector: ""aws_shared_credentials_access_key_id""`; internal/storage/migrate.go:402 column `detector_name`; web/docs/openapi.yaml:1007 `detectors: type: array`.",As proposed.,"Name inconsistencies verified in detectors.go:59-147; structured.go:108/:283 Name() values differ from emitted names; detector_name is a NOT NULL column in finding_occurrences (migrate.go:402) and part of two unique constraints (migrate.go:469,486), so renames need a compatibility map."
DET-27,detectors-findings,docs-drift,low,false,false,s,medium,confirmed,README.md,170,"No documented detector reference: README/CHANGELOG claim a native rule set but list no identifiers, confidences, or structured file paths","README describes finding fields (`detector, confidence, disposition, and suppression reason`) and CHANGELOG says the native rule set has 'explicit coverage for common self-identifying provider tokens', but nothing enumerates the 80 detectors, which files trigger path-gated rules (.npmrc, .netrc, .pypirc, .kube/config, .vault-token, .aws/credentials, .git-credentials, .terraformrc), the suppression rules, or the redaction format; openapi `detector_name` is an untyped string. Users cannot tell whether a provider is covered without reading Go source.","README.md:170 `- detector, confidence, disposition, and suppression reason;`; CHANGELOG.md:52-53 `The embedded detector fallback is replaced by a native high-confidence rule set with explicit coverage for common self-identifying provider tokens.`; `grep -n ""github_token"" README.md` → no hits; web/docs/openapi.yaml:823 `detector_name: type: string` with no enum/description.",As proposed.,README.md:170 lists finding fields without any detector catalogue; CHANGELOG.md:52-53 claims explicit provider coverage; openapi detector_name is an untyped string (lines 823/1042).
DET-35,detectors-findings,improvement,low,false,false,m,high,confirmed,internal/detectors/detectors.go,147,"Coverage gap: additional SaaS formats (Atlassian ATATT, Mailgun key-, Facebook EAA/app secret, Supabase sbp_, Algolia admin key, Duffel, Flutterwave, Twitch, Dropbox sl., Asana, Bitbucket ATBB, Kafka SASL)","None of these have rules: Atlassian API tokens `ATATT3<redacted>[A-Za-z0-9_-]{100,}=?[A-F0-9]{8}`; Mailgun `key-[0-9a-f]{32}` (and newer 72-char hex tokens); Facebook/Meta page/user tokens `EAA[A-Za-z0-9]{20,}` and app secrets (32 hex with `FACEBOOK_APP_SECRET|FB_APP_SECRET`); Supabase `sbp_[a-f0-9]{40}` and service_role JWTs (payload `""role"":""service_role""`); Algolia admin keys (32 hex with `ALGOLIA_(API|ADMIN)_KEY`); Duffel `duffel_(test|live)_[A-Za-z0-9_-]{43}`; Flutterwave `FLWSECK(?:_TEST)?-[0-9a-f]{32}-X`; Twitch client secrets (30 lowercase alnum with context); Dropbox `sl\.[A-Za-z0-9_-]{130,}`; Asana `[01]/[0-9]{16}:[a-f0-9]{32}`; Bitbucket app passwords `ATBB[A-Za-z0-9]{32}`; Kafka `sasl.jaas.config ... password=`.",Probe: `atlassian api token => <none>`; `mailgun key- => <none>`; `facebook EAA token => <none>`; `supabase sbp_ => <none>`. Default() list (detectors.go:59-147) contains no rule for any of these vendors.,As proposed; verify each shape before landing.,"None of the listed vendors appear in Default(); formats are consistent with gitleaks rules where checked (Atlassian, Mailgun, Supabase). Not every regex in the proposal was independently verified."
DET-38,detectors-findings,bug,low,false,false,xs,high,verifier-added,internal/detectors/detectors.go,856,"assigned_sensitive_value has priority 4 (above specific rules) and an always-high confidence, so identical-span collisions are labelled by the generic detector","priorityForKeyValueDetector returns priorityStructured (4) for assigned_sensitive_value while every self-identifying regex rule is priorityLocal (3). When both match the same span, Set.Scan keeps the generic name. Today this is reachable only when ScanInput.Content is value-only with a matching Key (not produced by scanner.go), but the DET-01/DET-03 fix makes env 'CLIENT_SECRET=ghp_...' produce identical spans, after which the finding would be reported as assigned_sensitive_value instead of github_token. Separately, its base ConfidenceMedium is dead code: the key regex (client_secret|access_token|refresh_token|auth_token) always satisfies sensitiveKey, so adjustConfidence promotes every match to high.","Probe: Key=ACCESS_TOKEN Content='ghp_<redacted>' => assigned_sensitive_value[0:40](high,p4) only (github_token suppressed by same-span dedup). Probe: Key=CLIENT_SECRET Content='CLIENT_SECRET=<rnd>' => assigned_sensitive_value(high) despite base medium. Code detectors.go:856-863, :171-188, :64.","Return a priority below priorityLocal (e.g. 2) for assigned_sensitive_value so specific rules win identical spans, or add a tie-break that prefers detectors with a self-identifying prefix; set the rule's base to high explicitly (or exclude the key from the score) so the declared confidence is truthful. Add a test asserting github_token wins over assigned_sensitive_value on the same span.",
DET-39,detectors-findings,bug,low,false,false,xs,high,verifier-added,internal/detectors/structured.go,207,"UTF-8 BOM is not stripped before INI section parsing, so a BOM-prefixed first profile is merged into 'default'","parseAWSSharedCredentialsEntries uses strings.TrimSpace, which does not remove U+FEFF (not a Unicode White_Space character). A file beginning with '﻿[prod]' never enters the section branch at line 212, so its entries are attributed to the implicit 'default' section. Detection still works for a single-profile file (hence the checked_ok claim), but with a later real [default] profile the two are merged and profilesWithSecrets pairing/promotion is wrong (an unpaired BOM'd access key is promoted to high by another profile's secret).","structured.go:207 `trimmed := strings.TrimSpace(line.Value)` then :212 `if strings.HasPrefix(trimmed, ""["") ...`; Go unicode.IsSpace(0xFEFF) == false (U+FEFF is category Cf, not White_Space), so '﻿[prod]' does not match.","TrimPrefix(""﻿"") on the first line (or on content before splitLinesWithOffsets, adjusting offsets by 3), and add a BOM + two-profile test asserting section attribution.",
DOC-08,docs-web,docs-drift,low,false,false,xs,high,confirmed,README.md,87,"README says the API 'will remain unready on an older schema'; it actually refuses to start (RequireSchema), which RELEASING states correctly","README.md:86-89: 'run its matching layerleak-migrate-up binary ... and wait for migration success; the API will remain unready on an older schema.' internal/api/run.go:33-45 constructs the store with `RequireSchema: true`, and internal/storage/postgres.go:59-64 returns an error from NewPostgresStore when checkSchemaVersion fails, so `layerleak-api` exits non-zero before listening. RELEASING.md:249 says the opposite and correct thing ('the API refuses startup before migration'), and docs/release-readiness-2026-09-09.md:61 confirms it was observed. Operators reading README will expect a running-but-unready container and instead see a crash loop.","internal/api/run.go:43: 'RequireSchema:     true,'; internal/storage/postgres.go:59-63: 'if config.RequireSchema { if err := checkSchemaVersion(ctx, db); err != nil { db.Close(); return nil, err } }'; README.md:88-89: 'the API will remain unready on an older schema.'","README.md:86-89 and web/docs/index.html:329-331: 'The API refuses to start unless the installed schema is exactly version 0004 (run layerleak-migrate-up first). After startup, /readyz re-checks the database and schema on every probe and reports later degradation without affecting /health or /livez.'","internal/api/run.go:43 `RequireSchema: true`; internal/storage/postgres.go:59-64 returns an error from NewPostgresStore when checkSchemaVersion fails, so layerleak-api exits before listening. README.md:88-89 says 'will remain unready'. RELEASING.md:249 and docs/release-readiness-2026-09-09.md:61 describe the real behavior. web/docs/index.html:329-331 ('does not become ready until schema 0004 is installed') is similarly misleading."
DOC-09,docs-web,docs-drift,low,false,false,xs,high,confirmed,README.md,198,"'0 disables a MAX_* bound' rule is stated for settings that reject 0, and the web docs list only 7 of 14 zero-disable settings","README.md:197-199: 'A value of 0 disables a MAX_* bound unless the description says otherwise.' Only LAYERLEAK_MAX_FILE_BYTES (line 229) says otherwise, but LAYERLEAK_MAX_AUTH_RESPONSE_BYTES (line 213) uses int64FromEnv, which returns 'must be greater than zero' for 0 (internal/config/config.go:129, :446-447). LAYERLEAK_API_MAX_REQUEST_BYTES (config.go:69) likewise rejects 0. web/docs/index.html:229-235 enumerates zero-accepting settings as MAX_LAYER_BYTES, MAX_LAYER_ENTRIES, MAX_MANIFEST_BYTES, MAX_CONFIG_BYTES, MAX_TAG_RESPONSE_BYTES, MAX_REPOSITORY_TAGS, MAX_REPOSITORY_TARGETS, omitting MAX_IMAGE_LAYERS, MAX_IMAGE_MANIFESTS, MAX_IMAGE_LAYER_BYTES, MAX_IMAGE_ARTIFACTS, MAX_RETAINED_BYTES, MAX_FINDINGS_PER_SCAN and MAX_RAW_FINDING_BYTES, which all use nonNegative*FromEnv (config.go:145-201).","internal/config/config.go:129: 'maxAuthResponseBytes, err := int64FromEnv(""LAYERLEAK_MAX_AUTH_RESPONSE_BYTES"", 1<<20)'; config.go:446-447: 'if parsed <= 0 { return 0, fmt.Errorf(""%s must be greater than zero"", key) }'; README.md:213: '| `LAYERLEAK_MAX_AUTH_RESPONSE_BYTES` | `1048576` | Maximum registry token response size. |'","Append 'must be positive' to the README rows for LAYERLEAK_MAX_AUTH_RESPONSE_BYTES and LAYERLEAK_API_MAX_REQUEST_BYTES (and TAG_PAGE_SIZE, REGISTRY_MAX_REDIRECTS, REGISTRY_REQUEST_ATTEMPTS, API_MAX_CONCURRENT_SCANS, DATABASE_MAX_OPEN_CONNS for completeness). Replace the hand-written list in web/docs with 'All LAYERLEAK_MAX_* settings accept 0 to disable the bound except MAX_FILE_BYTES and MAX_AUTH_RESPONSE_BYTES, which must be positive.' Add a config_test that asserts the documented positive-only set equals the set of keys parsed with int/int64FromEnv.","config.go:129 parses LAYERLEAK_MAX_AUTH_RESPONSE_BYTES with int64FromEnv, which rejects `parsed <= 0` (config.go:446-447); config.go:69 does the same for LAYERLEAK_API_MAX_REQUEST_BYTES. README.md:197-199 states the 0-disables rule for MAX_* generally and only MAX_FILE_BYTES (README.md:229) says otherwise. web/docs/index.html:229-235 lists 7 zero-accepting names; config.go:145-201 shows 14 nonNegative*FromEnv keys."
DOC-10,docs-web,docs-drift,low,false,false,xs,high,confirmed,README.md,379,README HTTP API section documents only the 503 storage path; 422/429/504/408/502/413/415/405 codes and Retry-After exist in the handler and OpenAPI but not in README,"README.md:367-388 documents the error envelope and the 503 `storage_unavailable` case. internal/api/handler.go:723-746 (classifyScanError) also returns 422 `scan_incomplete` / `scan_limit_exceeded`, 504 `scan_timeout`, 408 `scan_canceled`, 502 `scan_failed`; handleScan returns 429 `scan_capacity_exceeded` with `Retry-After: 5` (lines 324-325), 413 `request_too_large`, 415 `unsupported_media_type`, 400 `invalid_request`; methodNotAllowed returns 405 with `Allow`. web/docs/index.html:386-389 mentions only 422. openapi.yaml documents all of them (lines 23-55 of the /api/v1/scans block), so README is the outlier automation authors will read first.","internal/api/handler.go:324-325: 'writer.Header().Set(""Retry-After"", ""5""); writeAPIError(writer, http.StatusTooManyRequests, ""scan_capacity_exceeded"", ...)'; handler.go:740-745: DeadlineExceeded -> 504 scan_timeout, Canceled -> 408 scan_canceled, default -> 502 scan_failed",Add a status/code table to README 'HTTP API' (200 ok; 400 invalid_request; 413 request_too_large; 415 unsupported_media_type; 422 scan_incomplete|scan_limit_exceeded with partial result; 429 scan_capacity_exceeded + Retry-After: 5; 503 storage_unavailable with result; 504 scan_timeout; 408 scan_canceled; 502 scan_failed; 405 method_not_allowed; 404 not_found) and state that 422/503 bodies include `result` when hasResult is true. Mirror the table in web/docs.,handler.go:323-325 sets Retry-After: 5 and returns 429 scan_capacity_exceeded; classifyScanError (handler.go:723-746) maps to 503/422/422/504/408/502. README.md:367-388 documents only the envelope and the 503 case; web/docs/index.html:386-389 mentions only 422.
DOC-14,docs-web,security,low,false,false,s,high,confirmed,web/assets/styles.css,1,"Docs site loads Google Fonts from a third party with no CSP, has no dark color scheme, and its .muted text (used for the version-narrative paragraph) fails WCAG AA contrast","web/assets/styles.css:1 `@import url(""https://fonts.googleapis.com/css2?..."")` makes every docs/demo visitor's browser contact Google (IP/referrer leak, render-blocking, and a supply-chain surface) on a page for a tool whose selling point is bounded egress; no `<meta http-equiv=""Content-Security-Policy"">` exists in any web/*.html. `grep -c prefers-color-scheme styles.css` = 0, so the site is light-only. Computed WCAG ratios: --ink-muted #6f7d8d on --paper #f4f5ef = 3.84:1 (AA requires 4.5:1 for body text); `.muted { color: var(--ink-muted) }` (styles.css:82-83) is applied to the key version paragraph at web/docs/index.html:46-50 and the install-pinning paragraph at :125. --ink-soft (5.86:1), accent (4.86:1), warn (4.69:1) pass.","web/assets/styles.css:1: '@import url(""https://fonts.googleapis.com/css2?family=IBM+Plex+Mono:wght@400;500;600&family=Space+Grotesk:wght@400;500;700&display=swap"");'; contrast computation: ink-muted on paper: 3.84; web/docs/index.html:46: '<p class=""muted"">'","Self-hosting fonts and adding a CSP are right, but the proposed `style-src 'self'; script-src 'self'` would break existing inline code: `style=""--i: N""` attributes at web/docs/index.html:60-63, `style=""margin: 0.25rem 0 0""` at web/docs/demo/index.html:89, and the inline redirect `<script>` blocks in web/index.html:13 and web/demo/index.html:13 (the meta refresh fallback would still work). Move the inline styles to classes and the redirect scripts to an external file (or add CSP hashes) in the same change. For the color, #5d6b7b on #f4f5ef is 4.97:1 (not ~4.6), so it is a safe choice; reusing --ink-soft is simpler.","styles.css:1 Google Fonts @import confirmed; `grep -rn 'Content-Security-Policy\|prefers-color-scheme\|color-scheme' web/` returns nothing. Recomputed WCAG ratios: --ink-muted #6f7d8d on --paper #f4f5ef = 3.84:1 (fails AA 4.5:1), --ink-soft 5.86:1 passes; `.muted` (styles.css:82-84) is applied at web/docs/index.html:46 and :125."
DOC-15,docs-web,improvement,low,false,false,s,high,confirmed,web/docs/demo/index.html,16,"Demo page accessibility: no h1 or skip link, brand glyph read aloud, tablist without tab roles/tabpanel, aria-selected on plain buttons, status changes not announced","web/docs/demo/index.html has no `<h1>` (headings start at h2, lines 36/75/89), no `.skip-link` and `<main>` has no id (the docs page has both at index.html:15/32), and the brand badge `<span class=""brand-badge"">://</span>` (line 19) lacks the `aria-hidden=""true""` the docs page uses (index.html:19), so screen readers announce 'colon slash slash'. `#demo-tabs` is `role=""tablist""` (line 93) but demo.js:162-181 creates plain `<button>`s with no `role=""tab""`, `aria-controls` or `id`, then sets `aria-selected` on them (demo.js:187), which is invalid ARIA (aria-selected is not allowed on role=button); `#demo-table-wrap` is not a `role=""tabpanel""` and there is no arrow-key navigation. `#demo-status` (line 67) and the stat cards update via JS with no `aria-live`, so replay progress is invisible to AT users. Nav label 'Try It Out' (line 27) differs from 'Demo' on the docs page (index.html:27). None of the five Playwright tests assert roles or names.","web/docs/demo/index.html:19: '<span class=""brand-badge"">://</span>' (no aria-hidden) vs web/docs/index.html:19: '<span class=""brand-badge"" aria-hidden=""true"">LL</span>'; web/assets/demo.js:187: 'button.setAttribute(""aria-selected"", active ? ""true"" : ""false"");' with no role=""tab"" set anywhere in demo.js","Add `<a class=""skip-link"" href=""#main-content"">`, `id=""main-content""` on main, an `<h1>` ('Simulated browser demo'), `aria-hidden` on the glyph, and `aria-live=""polite""` on #demo-status. In buildTabs set `role=""tab""`, `id=tab-<name>`, `aria-controls=""demo-table-wrap""`, `tabindex=-1` for inactive tabs, and give #demo-table-wrap `role=""tabpanel""` with `aria-labelledby`; implement ArrowLeft/ArrowRight/Home/End. Unify the nav label. Add Playwright assertions via `page.getByRole('tab', {name: 'repositories'})` and an axe-core scan (`@axe-core/playwright`) to scripts/tests/test_demo.cjs.","web/docs/demo/index.html has no <h1>, no skip link, no id on <main>, brand badge at :19 lacks aria-hidden (docs page :19 has it), #demo-status at :67 has no aria-live, #demo-tabs at :93 is role=tablist while demo.js:165-168 creates plain buttons and :187 sets aria-selected on them (not permitted on role=button); nav label 'Try It Out' (:27) vs 'Demo' on docs page. scripts/tests/test_demo.cjs uses getByRole('button', ...) and asserts aria-selected on buttons, so the tests currently lock in the invalid pattern and will need updating with the fix."
DOC-20,docs-web,docs-drift,low,false,false,xs,high,confirmed,docs/release-readiness-2026-09-09.md,1,"docs/plans and docs/release-readiness are v1.1-era working records (local paths, 'first canonical v1.1 release', pending v1.1.0-rc.1 dispatch) that will read as false after 3.0.0; docs/reviews ledger should stay","docs/plans/2026-09-09-release-readiness.md:3 'Publication pending separate authorization', :11 'Prepare the current project for its first canonical v1.1 release', :200-213 'Planned publication sequence ... Publish v1.1.0-rc.1 ... promote ... to v1.1.0', :30 and docs/release-readiness-2026-09-09.md:89 embed the maintainer's local filesystem paths (`/home/brumbelow/src/layerleak`, `/home/brumbelow/.local/share/layerleak/release-tools/2026-09-09`), and :234-235 link a specific commit and Actions run. These are useful history but sit at the top level of docs/ with no index and no 'superseded' marker; RELEASING.md:56 also hard-codes the dated tool directory name `release-tools/2026-09-09`. docs/reviews/2026-09-09-inherited-alerts.{md,csv} is the only audit trail for 138 'won't fix' dismissals on live GitHub alerts and should be kept.",docs/plans/2026-09-09-release-readiness.md:11-12: 'Prepare the current project for its first canonical v1.1 release'; docs/release-readiness-2026-09-09.md:88-89: 'The isolated local tool directory is `/home/brumbelow/.local/share/layerleak/release-tools/2026-09-09`.',"Move both readiness files to docs/history/2026-09-09-v1.1-release-readiness-{plan,verification}.md with a two-line header ('Historical record of the never-published v1.1 preparation; superseded by the 3.0.0 release. Paths and links are as of 2026-09-09.'), or delete them and rely on git history. Keep docs/reviews/ but add docs/README.md indexing plans/history/reviews. For 3.0.0 write a fresh docs/history/2026-xx-xx-v3.0.0-release-record.md from the RC/stable runs. In RELEASING.md:56 replace the dated directory with `release-tools/<date>` placeholder text.","docs/plans/2026-09-09-release-readiness.md:3, :11-12, :200-213 and docs/release-readiness-2026-09-09.md:88-89 (`/home/brumbelow/.local/share/layerleak/release-tools/2026-09-09`) confirmed; RELEASING.md:56 hard-codes the same dated directory. v2.5.0 is an ancestor of main so git history retains everything if the maintainer prefers deletion."
DOC-21,docs-web,docs-drift,low,false,false,xs,high,confirmed,THIRD_PARTY_NOTICES.md,7,"THIRD_PARTY_NOTICES omits github.com/inconshreveable/mousetrap v1.1.0, which go.mod lists and cobra links into Windows CLI builds","go.mod:15 requires `github.com/inconshreveable/mousetrap v1.1.0 // indirect`; cobra imports it under a `windows` build constraint, so `GOOS=windows go install github.com/brumbelow/layerleak/v3@v3.0.0` links its Apache-2.0 code. THIRD_PARTY_NOTICES.md:7-16 lists eight modules and says 'The compiled CLI and container also include code from the projects below' without mousetrap. The CI license inventory (verify.yml:151-165, go-licenses on Linux) will not surface Windows-only packages either, so the notice is systematically incomplete for one supported install path.","go.mod:15: 'github.com/inconshreveable/mousetrap v1.1.0 // indirect'; THIRD_PARTY_NOTICES.md:9-16 table rows: distribution/reference, klauspost/compress, lib/pq, opencontainers/go-digest, spf13/cobra, spf13/pflag, golang.org/x/sys, golang.org/x/term (no mousetrap)",Add '| `github.com/inconshreveable/mousetrap` | v1.1.0 | Apache-2.0 (Windows CLI builds only) |' and a sentence that Windows binaries additionally link it. Either run the go-licenses inventory once with GOOS=windows in verify.yml or state in the notice that the CSV inventory is Linux-only. Consider stating the supported GOOS/GOARCH list for `go install` since binaries are not yet distributed (docs/plans follow-up item 1).,"go.mod:15 lists mousetrap v1.1.0 indirect; `GOOS=windows go list -deps .` includes github.com/inconshreveable/mousetrap while the linux build does not, so Windows `go install` binaries link Apache-2.0 code absent from THIRD_PARTY_NOTICES.md:9-16. verify.yml:151-165 runs go-licenses on Linux only."
DOC-22,docs-web,docs-drift,low,false,false,xs,high,confirmed,CONTRIBUTING.md,55,"CONTRIBUTING 'Required verification' omits the browser tests and script tests that verify.yml runs, and creates .venv-docs which .gitignore does not exclude","CONTRIBUTING.md:55 says 'Run the checks that match .github/workflows/verify.yml' but the block (57-72) omits `python -m unittest scripts/tests/test_release_preflight.py scripts/tests/test_container_platform.py` (verify.yml:112-113 'Test release and container validation') and `npm test --prefix scripts/tests` (verify.yml:131-132), and omits the verify.yml:103-104 'Verify handler-backed API examples are current' Go step. Lines 66-69 create `.venv-docs` in the repo root, but .gitignore has no `.venv*` entry, so `git status` shows it and `git add -A` would commit a virtualenv. Lines 39-51 do cover the npm setup, but only in 'Local setup', not the required list.",.github/workflows/verify.yml:112: '- name: Test release and container validation'; verify.yml:131-132: '- name: Test synthetic demo rendering\n run: npm test --prefix scripts/tests'; .gitignore contains 'node_modules/' and '.env' but no '.venv',"Use the exact verify.yml invocation `python3 -m unittest discover -s scripts/tests -v` rather than naming the two test files (discover also picks up future tests). Add `.venv*/` and `__pycache__/` to .gitignore (the auditor's own run left untracked scripts/__pycache__ and scripts/tests/__pycache__ directories, which `git status` now shows).","CONTRIBUTING.md:55-72 omits three verify.yml steps: `go test ./internal/api -run '^TestDocumentedScanResponsesMatchHandler$' -count=1` (verify.yml:103-104), `python3 -m unittest discover -s scripts/tests -v` (verify.yml:112-113) and `npm test --prefix scripts/tests` (verify.yml:131-132). .gitignore has node_modules/ and .env but no .venv entry, while CONTRIBUTING.md:66 creates .venv-docs in the repo root."
DOC-24,docs-web,docs-drift,low,false,false,xs,high,verifier-added,RELEASING.md,184,"RELEASING requires the Pages workflow to be green 'on the exact commit', but Pages runs only when web/** changes, so most release commits have no Pages run","RELEASING.md:184-185 step 2 of 'Prepare the RC' says: 'Confirm the CI, CodeQL, Codacy Security Scan, and Pages workflows are green on the exact commit.' pages.yml:4-9 triggers only on `push: branches: [main] paths: [""web/**"", "".github/workflows/pages.yml""]` plus manual dispatch. A release commit that does not touch web/ therefore has no Pages run at all, and a maintainer following the checklist literally cannot satisfy it; one who dispatches Pages manually to satisfy it would deploy whatever is on main at that moment. The documentation validators that actually matter for release (validate_docs.py, Playwright) run in CI via verify.yml on every commit, so the Pages check adds nothing here.","RELEASING.md:184-185: 'Confirm the **CI**, **CodeQL**, **Codacy Security Scan**, and **Pages**\n   workflows are green on the exact commit.'; .github/workflows/pages.yml:4-9: 'on:\n  push:\n    branches: [main]\n    paths:\n      - ""web/**""\n      - "".github/workflows/pages.yml""\n  workflow_dispatch:'","Change the step to 'Confirm CI, CodeQL and Codacy Security Scan are green on the exact commit; confirm the most recent Pages deployment succeeded (Pages runs only when web/ changes).' If DOC-17's versioned-docs approach is adopted, replace it with 'the release workflow publishes docs/v3 from the release commit', which makes the check enforceable.",
CLI-05,jobs-scanservice-cli,bug,low,false,false,s,high,confirmed,internal/jobs/scan.go,304,Progress never counts partial targets and double-counts failed tags during resolution,"Every ProgressUpdate emitted by scanRepository and the final snapshots in cli/scan.go pass TargetsCompleted=CompletedTargetCount and TargetsFailed=FailedTargetCount but never PartialTargetCount, and progressCounts() sums only completed+failed, so a finished sweep with one partial target renders 'Targets 1/2 complete' and a bar that never fills. During tag resolution TagsCompleted is set to TagsResolved+TagsFailed while TagsFailed is also passed, so progressLabel prints '1/3 complete, 1 failed' after zero tags resolved and progressCounts adds failed twice; in the scanning phase TagsCompleted switches to TagsResolved, so the numbers jump. Additionally scanner's ManifestFailed phase is mapped to ProgressPhaseTargetFailed (line 615-616) even when the target continues as partial, and each target emits target_done twice (scanner completion + jobs' own).","jobs/scan.go:304-306 TagsCompleted: result.TagsResolved + result.TagsFailed, TagsFailed: result.TagsFailed; jobs/scan.go:385-387, 419-421, 461-463, 481-483 omit PartialTargetCount; cli/progress.go:370-378 progressCounts = completed+failed; cli/scan.go:144-146, 186-188, 203-205 same omission. Probe: final update 'phase=completed targetsCompleted=1 targetsFailed=0 targetsTotal=2' for a sweep whose result reports completed=1 partial=1; resolving phase 'tag=idx tagsCompleted=1 tagsFailed=1' with 0 resolved.","Add TargetsPartial to jobs.ProgressUpdate and progressSnapshot, include it in progressCounts and progressLabel ('%d/%d done (%d partial, %d failed)'), pass TagsCompleted=TagsResolved consistently in both phases, map scanner ManifestFailed to Scanning (with the failure message) unless the target itself failed, and suppress the duplicate target_done. Cover with a renderer test built from a partial-target ProgressUpdate.","jobs/scan.go:304-306 passes TagsCompleted = TagsResolved+TagsFailed together with TagsFailed, and progress.go:370-378 progressCounts adds failed again; every jobs ProgressUpdate (scan.go:385-390, 416-421, 458-463, 478-483) and the CLI snapshots (cli/scan.go:140-146, 183-189, 199-205) omit PartialTargetCount; ProgressUpdate has no TargetsPartial field (:104-119); mapScannerPhase (:615-616) maps ManifestFailed to TargetFailed. Probe counted 2 target_done events for a single target (scanner Completed mapped at :617-618 plus jobs' own at :455)."
CLI-07,jobs-scanservice-cli,bug,low,false,false,xs,high,confirmed,internal/cli/scan.go,167,Scan-timeout and cancellation errors are printed twice ('context deadline exceeded context deadline exceeded') with no hint about LAYERLEAK_SCAN_TIMEOUT,"operationErr already contains the context error (jobs/scanner return ctx.Err() wrapped or bare) and RunE then errors.Join()s ctx.Err() again; root.go collapses the joined newline into a space, so the user sees the same sentence twice and never learns which setting (LAYERLEAK_SCAN_TIMEOUT, default 30m) produced it or that exit 1 was a timeout rather than a registry failure.","cli/scan.go:167-169: if ctx.Err() != nil { operationErr = errors.Join(operationErr, ctx.Err()) }. Probe with LAYERLEAK_SCAN_TIMEOUT=1ns: ""PROBE4 err=\""context deadline exceeded context deadline exceeded\"" occurrences=2"".","Only join ctx.Err() when !errors.Is(operationErr, ctx.Err()); map DeadlineExceeded to a friendly exitError message such as 'scan exceeded LAYERLEAK_SCAN_TIMEOUT (30m0s)' and Canceled to 'scan canceled by signal', mirroring api classifyScanError. Add a CLI test asserting a single, descriptive message.","Reproduced: LAYERLEAK_SCAN_TIMEOUT=1ns yields printed=""context deadline exceeded context deadline exceeded"" occurrences=2. Cause is cli/scan.go:167-169 errors.Join(operationErr, ctx.Err()) when operationErr already wraps the same ctx error (scanner/scan.go:153-155 returns ctx.Err() bare; jobs returns it unwrapped via mustPreserveScanError; service wraps in *Error whose Error() is the inner text), then root.go:24 collapses the join newline."
CLI-10,jobs-scanservice-cli,breaking-change-opportunity,low,false,true,s,medium,confirmed,internal/cli/results.go,302,Retire or version the 'compatible findings array' now that the scans/ record exists,"Every scan writes two files with the same basename: the legacy array (kept 'compatible' with v1 consumers) and the redacted record. The legacy file is the only place raw values can appear (with LAYERLEAK_PERSIST_RAW_SECRETS), applies a low-confidence cap that stdout/API/DB do not, and has no schema version, so it can never evolve. A major release is the moment to make the record the single artifact (optionally embedding persisted findings) and stop writing the array by default.",results.go:302-306 publishResultArtifacts writes both; results.go:113-116 raw fields only in the legacy array; README.md:156-157 'findings/<basename>.json remains the compatible findings array'.,"In 3.0.0 write only findings/scans/<basename>.json by default, add a findings[] array (persistedFinding, versioned) inside the record, and offer --legacy-findings-array for one release with a deprecation notice in CHANGELOG/README.","publishResultArtifacts (results.go:302-306) always writes both files; raw fields exist only in the legacy array (:113-116); the array has no version field. Additionally the 3-per-group cap that distinguishes the array is effectively dead code (see CLI-25), strengthening the case for retiring or redefining the array in 3.0.0."
CLI-11,jobs-scanservice-cli,improvement,low,false,true,m,medium,confirmed,internal/jobs/scan.go,123,"Result JSON carries no timestamps, duration or tool version; DB scanned_at is the end time","jobs.Result has no started_at/finished_at/duration/tool_version/detector-set version, so a stdout JSON result cannot be dated or attributed to a scanner version; only the local record adds created_at and the DB uses scannedAt taken after the scan completes (service.go:143), so long sweeps are recorded with their finish time and no duration. Deterministic ordering (sorted targets/platform results/findings, RFC3339 UTC times) is otherwise fine.",jobs/scan.go:123-153 Result struct has no time or version fields; scanservice/service.go:143 scannedAt := s.now().UTC() executes after jobs.Scan returns; cli/results.go:298 CreatedAt: time.Now().UTC() only in localScanRecord.,"Add started_at, finished_at (RFC3339 UTC), duration_ms and tool_version (from cli.effectiveVersion, threaded via scanservice.Request) to jobs.Result under result_schema_version 2; record StartedAt in the DB scan_runs row (migration) and expose via API/openapi.",jobs.Result (scan.go:123-153) has no time/duration/version fields; scanservice/service.go:143 takes scannedAt after jobs.Scan returns; only localScanRecord (results.go:298) carries created_at.
CLI-12,jobs-scanservice-cli,bug,low,false,false,s,high,confirmed,internal/cli/logging.go,15,"Debug logging writes JSON lines to os.Stderr between TTY progress frames, corrupting the 8-line redraw block","newLogger targets os.Stderr directly (not cmd.ErrOrStderr()), and scanner emits Debug 'scanned platform manifest' per manifest plus the CLI's own 'progress update failed' lines. In tty mode the renderer moves the cursor up progressBlockLines=8 and clears lines, so any log line printed since the last frame is overwritten or leaves stale text. Dynamic mode is also enabled purely on term.IsTerminal without honouring TERM=dumb or enabling VT processing on legacy Windows consoles.","logging.go:15 slog.NewJSONHandler(os.Stderr, ...); scanner/scan.go:473 request.Logger.DebugContext(ctx, ""scanned platform manifest"", ...); progress.go:207-216 fmt.Fprintf(r.out, ""\x1b[%dA"", progressBlockLines) then ""\r\x1b[2K""; progress.go:88-99 mode selection consults only IsTerminal.","Pass cmd.ErrOrStderr() into newLogger and, when the renderer is dynamic, wrap the log writer so lines are printed above the block (erase block, print log, redraw) or fall back to plain progress when LAYERLEAK_LOG_LEVEL=debug; treat TERM=dumb / CI=true as plain. Add a renderer test interleaving a log write.","logging.go:15 writes to os.Stderr rather than cmd.ErrOrStderr(); scanner/scan.go:472-478 logs 'scanned platform manifest' at Debug; progress.go:207-216 redraws by moving up progressBlockLines=8. Impact is limited to LAYERLEAK_LOG_LEVEL=debug (default is info, config.go:65), consistent with low severity. progress.go:88-99 selects dynamic mode purely on term.IsTerminal."
CLI-13,jobs-scanservice-cli,reliability,low,false,false,xs,high,confirmed,internal/cli/root.go,15,Second Ctrl-C is swallowed for the whole run; no way to force-quit a stuck scan,"signal.NotifyContext keeps capturing SIGINT/SIGTERM until stop() runs, which is deferred until Execute returns. If a registry read is blocked in a non-context-aware section or a slow store Close, a second Ctrl-C does nothing; the conventional behaviour is to restore default handling after the first signal so the second one terminates the process.","root.go:15-16: ctx, stop := signal.NotifyContext(context.Background(), os.Interrupt, syscall.SIGTERM); defer stop()","After the first signal (go func(){ <-ctx.Done(); stop() }()) restore defaults so a second signal kills the process, and print 'interrupt received, finishing...' to stderr. Consider exit code 130 for SIGINT in 3.0.0 (currently documented as 1).","root.go:15-16 keeps signal.NotifyContext active until Execute returns (deferred stop), so a second SIGINT is swallowed; no 130 exit code (README.md:141 documents 1 for cancellation)."
CLI-14,jobs-scanservice-cli,bug,low,false,true,xs,high,confirmed,internal/jobs/scan.go,239,"Single-reference partial results omit tag_results, and single-tag scans report 'Tags Enumerated: 1'","scanSingleReference only populates TagResults when err == nil, so a partial single-tag scan (IncompleteError) has no tag_results while a completed one does, making the JSON shape depend on outcome. It also sets TagsEnumerated/TagsResolved = len(tags) (1 for tag refs), so the summary prints 'Tags Enumerated: 1 / Resolved: 1 / Failed: 0' for a plain `scan app:latest` even though no enumeration happened.","jobs/scan.go:239-246: if len(tags) > 0 && err == nil { result.TagResults = ... }; jobs/scan.go:212-213 TagsEnumerated: len(tags), TagsResolved: len(tags); cli/scan.go:389 shows tag rows when TagsEnumerated > 0; summary_test.go:115 'enumerated reference' codifies it.","Populate TagResults in scanSingleReference whenever scanResult.RequestedDigest is non-empty, regardless of err (status scanned/partial/failed from the outcome), and leave TagsEnumerated/TagsResolved at 0 in reference mode; adjust TestRenderSummaryConditionalRows 'enumerated reference' accordingly.","The 'Tags Enumerated: 1' half is confirmed (jobs/scan.go:212-213 sets TagsEnumerated/TagsResolved = len(tags); probe shows tags_enumerated=1 for a plain tag scan). The missing-tag_results half is narrower than described: scanner only returns err != nil after a completed manifest for limits/integrity/cancellation (scanner/scan.go:287-290), and jobs/scan.go:239 gates TagResults on err == nil, so tag_results vanish only for limit/integrity-aborted partials (the exact scenario accepted by --allow-partial in TestScanCommandWritesPartialResultsOnConfiguredLimitError). A manifest-failure partial (err == nil) does include tag_results (probe: status=partial tag_results_present=true)."
CLI-15,jobs-scanservice-cli,bug,low,false,false,xs,high,confirmed,internal/cli/scan.go,244,"Reported artifact paths are passed through sanitizeProgressValue, mangling paths with repeated or tab whitespace","The 'Findings: <path>' / 'Scan record: <path>' lines collapse any run of whitespace in the real filesystem path to a single space, so a LAYERLEAK_FINDINGS_DIR containing two spaces or a tab yields a path that does not exist when copied. sanitizeProgressValue also only strips Unicode Cc controls, not Cf format characters (e.g. U+202E RTL override) that could reorder untrusted registry error text on a terminal.","cli/scan.go:244 fmt.Fprintf(cmd.ErrOrStderr(), ""%s: %s\n"", artifact.label, sanitizeProgressValue(artifact.path)); progress.go:393-398 FieldsFunc(unicode.IsSpace || unicode.IsControl). Probe: ""/data/my  results/x.json"" -> ""/data/my results/x.json"".","Print artifact paths with %q (or only strip control characters, not spaces) since they are trusted local paths; extend sanitizeProgressValue to drop unicode.Is(unicode.Cf, r) for untrusted registry text.","cli/scan.go:244 passes the real path through sanitizeProgressValue (progress.go:393-398 splits on unicode.IsSpace||IsControl and rejoins with single spaces). Probe: ""/data/my  results/x.json"" -> ""/data/my results/x.json"". TestScanCommandReportsDurableArtifactPaths only uses hyphenated directory names so it passes."
CLI-16,jobs-scanservice-cli,improvement,low,false,false,xs,high,confirmed,internal/cli/results.go,63,golangci-lint default errcheck reports 4 unchecked errors; no .golangci.yml in repo,"CI runs gofmt, go vet, revive and Codacy but not golangci-lint. Running the installed golangci-lint v2.5.0 with defaults on the area yields four errcheck findings: defer os.Remove(temporary) (results.go:63), defer progress.Finish() (scan.go:107), defer closer.Close() (scan.go:121) and defer response.Body.Close() (scan_test.go:641). None is a functional bug (Finish is re-invoked explicitly, Remove is retried), but a 3.0.0 release is a good point to adopt a checked-in lint config so this stays clean.","golangci-lint run ./internal/cli/... ./internal/jobs/... ./internal/scanservice/... ./cmd/scanner/... . -> 'internal/cli/results.go:63:17: Error return value of os.Remove is not checked (errcheck)', 'internal/cli/scan.go:107:25 ... progress.Finish', 'internal/cli/scan.go:121:23 ... closer.Close', 'internal/cli/scan_test.go:641:28 ... response.Body.Close'; .github/workflows/verify.yml:49-57 runs only gofmt and go vet.","Add .golangci.yml (errcheck, govet, staticcheck, revive with existing revive.toml), fix the four sites (explicit `_ =` or a closeStore helper that logs at debug), and add a golangci-lint step to verify.yml.","Re-ran golangci-lint v2.5.0 on the area: exactly the four errcheck hits at internal/cli/results.go:63, scan.go:107, scan.go:121 and scan_test.go:641; go vet and gofmt -l are clean; verify.yml:46-57 runs gofmt/git diff --check/go vet only (no golangci-lint)."
CLI-17,jobs-scanservice-cli,improvement,low,false,false,m,high,confirmed,internal/cli/scan.go,320,"Error taxonomy and result helpers are duplicated between CLI, API, scanservice, jobs and scanner","The same decisions are encoded independently: CLI canAcceptPartial/isCancellation/exit mapping vs API classifyScanError; CLI hasUsablePartialResult vs API hasResult; the store-name string ""noop"" tested in scanservice/service.go:121, cli/scan.go:136 and cli/results.go:295; finalizeResult and mergeCoverage implemented twice (jobs/scan.go:646,687 and scanner/scan.go:903, plus scanner's mergeCoverage). A 3.0.0 refactor can move error classification (kind, exit code, HTTP status, neutral message) into scanservice and give storage.Store an Enabled() bool instead of a magic name.","cli/scan.go:316-332 hasUsablePartialResult/canAcceptPartial/isCancellation; api/handler.go:723-757 classifyScanError/hasResult; service.go:121 `s.store.Name() == ""noop""`; cli/scan.go:136 `store.Name() == ""noop""`; results.go:295 `storeName != ""noop""`; jobs/scan.go:687-702 mergeCoverage duplicates scanner's.","Add scanservice.Classify(err) (Kind, ExitCode, HTTPStatus, Code, Message) used by both cli and api; add Enabled() to storage.Store (NoopStore false); share coverage merge/finalize helpers from scanner; delete the copies with tests moved to the shared package.","Duplication verified: cli/scan.go:316-332 vs api/handler.go:723-757; the literal ""noop"" at service.go:121, cli/scan.go:136, results.go:295; mergeCoverage at jobs/scan.go:687-702 vs scanner/scan.go:1171-1189 and finalizeResult at jobs:646 vs scanner:903."
CLI-18,jobs-scanservice-cli,improvement,low,false,false,s,high,confirmed,internal/cli/storage.go,24,CLI opens and schema-checks PostgreSQL before scanning with no opt-out flag,"If LAYERLEAK_DATABASE_URL is set (e.g. shared with an API deployment's env) the CLI dials, pings, checks server version and RequireSchema before any registry work, and an unreachable or un-migrated DB aborts the scan (exit 1) instead of scanning and recording persistence failure as it does for save failures. There is no --no-database / --store none flag to run a purely local scan in that environment. Error text from NewPostgresStore does not include the DSN (Validate returns fixed strings), so no credential leak.","cli/scan.go:109 store, err := openStore(cfg) before service.ScanAndSave; storage.go:24 RequireSchema: true; scan_test.go:134-147 TestScanCommandFailsWhenDatabaseIsConfiguredButUnavailable asserts the abort; storage/storage.go:220-243 Validate errors are fixed strings.","Add --no-database (or --store=none|postgres) to the scan command; optionally defer opening the store until BeforeSave so a down DB becomes a recorded persistence failure with local artifacts still written, and mention the flag in README env table for LAYERLEAK_DATABASE_URL.","cli/scan.go:109 opens the store before scanning; storage.go:24 RequireSchema: true; postgres.go:47-63 pings, checks server version and schema at open; scan_test.go:134-147 codifies the abort. No --no-database flag exists (flags at scan.go:283-290)."
CLI-19,jobs-scanservice-cli,breaking-change-opportunity,low,false,true,xs,high,confirmed,cmd/scanner/main.go,1,cmd/scanner/main.go is a byte-identical duplicate of main.go,"Both files are 116 bytes with identical content; README says cmd/* are development build targets, but cmd/scanner adds nothing over the module root and doubles the import path that must be migrated to /v3. Keeping two entrypoints invites drift (e.g. a future -X Version wiring applied to one).","wc -l: 11 main.go, 11 cmd/scanner/main.go; both: package main / import ""github.com/brumbelow/layerleak/internal/cli"" / func main() { os.Exit(cli.Run()) }.","Delete cmd/scanner in 3.0.0 and note it in CHANGELOG; if a cmd/ target is wanted for symmetry with cmd/api, make it the only entrypoint and have the root package import it, not duplicate it.","cat of both files shows byte-identical content (package main, import internal/cli, os.Exit(cli.Run())). verify.yml:71 exercises only `go install .`, so cmd/scanner is never built in CI either."
CLI-20,jobs-scanservice-cli,improvement,low,false,false,s,high,confirmed,internal/jobs/scan.go,367,"--all-tags resolves every tag serially before applying the target bound; help text lacks examples, exit codes and env cross-references","scanRepository issues one HEAD per tag sequentially (line 311) and only afterwards compares len(groupList) to MaxRepositoryTargets (367-370), so a 1000-tag repository with the default 250-target cap performs 1000 network round-trips before failing with no scan performed. Separately, the scan command has no Long/Example text: --help does not mention exit codes 0/1/2, LAYERLEAK_FINDINGS_DIR, LAYERLEAK_SCAN_TIMEOUT or the two artifacts, and unknown-flag errors print no 'see --help' pointer because SilenceUsage is set.","jobs/scan.go:311 resolved, err := request.Registry.ResolveManifest(ctx, ...) inside the for-tags loop; jobs/scan.go:367 if request.MaxRepositoryTargets > 0 && len(groupList) > request.MaxRepositoryTargets; cli/scan.go:38-41 Command has Use/Short/Args only; live run: `layerleak scan --bogus` -> 'unknown flag: --bogus' exit 1 with no usage hint.","Fail fast when len(groups) exceeds MaxRepositoryTargets during resolution and resolve tags with bounded concurrency (e.g. 4-8) preserving deterministic ordering; add Long/Example to root and scan commands listing exit codes, artifacts and key env vars, and set cmd.SetFlagErrorFunc to append ""Run 'layerleak scan --help'"".","jobs/scan.go:311 resolves each tag serially inside the loop and the target bound is applied afterwards at :367-370. Built binary: `layerleak scan --bogus` prints only 'unknown flag: --bogus' (rc=1) and `layerleak scan` prints 'accepts 1 arg(s), received 0' with no usage pointer; cmd has no Long/Example (scan.go:38-41)."
CLI-21,jobs-scanservice-cli,migration-edit,low,false,false,xs,high,confirmed,internal/jobs/scan.go,206,Decide and apply result_schema_version / record_schema_version policy for 3.0.0,"result_schema_version is hard-coded to 1 in three places and record_schema_version to 1 in one; openapi ScanResult says additive fields may be introduced within API v1. If 3.0.0 adopts any shape change from this report (skipped status, timestamps/tool_version, dropped legacy array, tag_results changes) the versions must be bumped together and the openapi minimum updated; if not, the CHANGELOG should state explicitly that the JSON schemas are unchanged at 3.0.0.",jobs/scan.go:206 ResultSchemaVersion: 1; jobs/scan.go:276 ResultSchemaVersion: 1; scanservice/record.go:233-234 if publicResult.ResultSchemaVersion <= 0 { publicResult.ResultSchemaVersion = 1 }; cli/results.go:298 RecordSchemaVersion: 1; web/docs/openapi.yaml:555-557 result_schema_version minimum: 1.,"Introduce a single const jobs.ResultSchemaVersion (and cli recordSchemaVersion) referenced everywhere; bump to 2 alongside any accepted shape change and update openapi.yaml, README and the new JSON Schemas (CLI-09); add a test that marshals a Result and asserts the version constant.","Literal 1 at jobs/scan.go:206 and :276, record.go:233-234, results.go:298; openapi.yaml:555-557 documents minimum 1. No shared constant exists."
CLI-24,jobs-scanservice-cli,bug,low,false,true,xs,high,verifier-added,internal/cli/results.go,27,"json omitempty on struct-typed Platform fields never omits; JSON always carries ""platform"": {}","encoding/json's omitempty does not treat a non-pointer struct as empty, so persistedFinding.Platform (results.go:27), scanner.PlatformResult.Platform (scanner/scan.go:130), findings.Finding.Platform (findings.go:88) and manifest.Descriptor.Platform (document.go:40) are always serialised. Platform-less entries (root-manifest failures before the config is fetched, or metadata findings on unresolved manifests) therefore emit ""platform"": {}, which does not match the optional-field intent in openapi.yaml (PlatformResult.platform optional) or the JSON Schemas proposed in CLI-09.","Probe: json.Marshal(struct{ Platform manifest.Platform `json:""platform,omitempty""` }{}) -> {""platform"":{}}. manifest/document.go:27-31 Platform is a plain struct with no MarshalJSON/IsZero.","Switch these tags to `json:""platform,omitzero""` (Go 1.24+, go.mod already requires 1.25.13) or use *manifest.Platform; bump result_schema_version if the shape change is adopted and update openapi/schemas accordingly.",
CLI-25,jobs-scanservice-cli,improvement,low,false,true,s,high,verifier-added,internal/cli/results.go,153,Legacy-array low-confidence cap is effectively dead code; README's 'deduplicated occurrence counts' are almost never populated,"persistedFindingGroupKey (results.go:153-172) groups by detector, confidence, disposition, source type, manifest, platform, file path, layer, key, LINE NUMBER and FINGERPRINT. jobs.finalizeResult already runs findings.DeduplicateDetailed (findings.go:293-309, key at :465-497) whose key covers the same identity plus matchStart/matchEnd, so by the time buildPersistedFindings runs, two findings can only share a cap group if the same secret value appears at different offsets on the same line of the same file. The 3-per-group cap, occurrence_count and suppressed_occurrence_count therefore practically never fire, yet README.md:174 advertises 'deduplicated occurrence counts'. TestBuildPersistedFindingsCapsRepeatedLowConfidenceFileFindings (results_test.go:198) passes only because it feeds pre-dedup items with distinct SourceLocations that the real pipeline would have already collapsed or kept.","results.go:158-171 key includes strconv.Itoa(item.LineNumber) and item.Fingerprint; findings.go:465-476 snippetDedupKey{manifestDigest, platform, disposition, sourceLocation, layerDigest, detectorName, fingerprint, lineNumber, matchStart, matchEnd}; jobs/scan.go:647 finalizeResult calls DeduplicateDetailed before any CLI code sees the result.","Either remove the cap with the legacy array (CLI-10) and drop the README bullet, or make it deliver the documented behaviour by grouping on (detector, fingerprint, manifest, platform, file path) without line/offset so repeated low-confidence hits across a file collapse into one record with a real occurrence_count; add a test that drives the real pipeline (jobs.Result after finalizeResult) rather than hand-built items.",
CLI-26,jobs-scanservice-cli,reliability,low,false,false,s,medium,verifier-added,internal/cli/results.go,78,Artifact publication depends on hard links and has no fallback on filesystems that lack them,"publishResultJSON publishes via os.Link(temporary, path). Filesystems without hard-link support (FAT/exFAT removable media, some SMB/NFS/9p/FUSE mounts, certain container bind mounts) return EPERM/ENOTSUP/EXDEV, so every scan ends with 'publish result file: ...' and exit 1 even though the scan itself succeeded and stdout JSON was never reached (cli/scan.go:213-214 runs before output; :264 returns the publication error). There is no fallback and no flag to skip artifacts (see CLI-03).","results.go:77-80: path := filepath.Join(dir, name); if err := os.Link(temporary, path); err != nil { return """", fmt.Errorf(""publish result file: %w"", err) }. TestWriteResultArtifacts* all run on the test tmpfs/ext4 where link succeeds.","When os.Link fails with an errno other than EEXIST, fall back to os.OpenFile(path, O_WRONLY|O_CREATE|O_EXCL, 0o600) + copy + Sync (preserving the no-overwrite guarantee), or write directly with O_EXCL and skip the temp file; add a unit test that injects a link failure. Pair with a --no-artifacts/--output-dir flag so JSON consumers can opt out entirely.",
CLI-28,jobs-scanservice-cli,improvement,low,false,false,xs,high,verifier-added,internal/cli/scan.go,268,Unaccepted-partial failure message never mentions --allow-partial,"When coverage is partial and --allow-partial was not passed, the CLI exits 1 with the bare IncompleteError text ('scan coverage is partial: N manifest(s) completed, M failed'). Nothing in the message, the summary or --help (no Long/Example, see CLI-20) tells the user that the result is usable and can be accepted with --allow-partial, so CI users typically learn of the flag only from the README.","cli/scan.go:267-268: if scanErr != nil && !acceptPartial { return exitError{code: 1, message: scanErr.Error()} }; jobs/scan.go:69-74 IncompleteError.Error() formats only status and counts.","When jobs.IsIncomplete(scanErr) || limits.IsExceeded(scanErr) and hasUsablePartialResult(result), append ' (re-run with --allow-partial to accept usable partial coverage)' to the exitError message; cover with a CLI test.",
CLI-29,jobs-scanservice-cli,compat,low,false,true,s,high,verifier-added,internal/jobs/scan.go,244,tag_results.status vocabulary is inconsistent across modes and undocumented in openapi,"Reference mode emits status 'scanned' (jobs/scan.go:244); repository mode emits 'resolved' or 'failed' at resolution time (:316, :341) and never updates a tag after its target completes, fails or is skipped, while the DB maps tags to 'scanned'/'partial'/'failed' (record.go:201-212). openapi.yaml:650-651 types TagResult.status as a bare string with no enum or description, so API and CLI consumers have no contract for the values. A 3.0.0 schema bump is the right moment to unify.","jobs/scan.go:244 Status: ""scanned""; :316 Status: ""failed""; :341 Status: ""resolved""; record.go:201-212 storedScanStatus returns scanned/partial/failed; openapi.yaml:650-651: status: type: string (no enum).","Define a jobs.TagStatus enum {resolved, scanned, partial, failed, skipped}, update TagResults after each target outcome in scanRepository (and in the skipped paths from CLI-04), use 'scanned' consistently in both modes, add the enum and descriptions to openapi TagResult, and bump result_schema_version with the other 3.0.0 shape changes (CLI-21).",
LAY-05,layers-scanner,reliability,low,false,false,s,high,downgraded,internal/layers/state.go,835,Draining a sparse-file hole ignores context cancellation when MAX_LAYER_BYTES and MAX_IMAGE_LAYER_BYTES are both disabled,"The context-aware reader wraps the *decompressed stream* beneath tar.Reader (state.go:189). Sparse holes are synthesized by archive/tar's zeroReader without touching that stream, so `io.Copy(io.Discard, reader)` in buildRegularArtifact and drainEntry runs to completion regardless of ctx, BlobTimeout or SCAN_TIMEOUT. With both byte limits set to 0 (README:198 documents 0 as 'disables'), logicalLayerBudget no longer rejects the header, so a PAX/GNU sparse entry declaring a 2^62-byte hole pins the worker (API default concurrency 1) for years at ~100 GiB/s of memset. With defaults the hole is bounded to 512 MiB and finishes in milliseconds.","Probe with limits disabled, cancel at 100 ms: 16 GiB hole → `elapsed=150ms` (cancel noticed only at the trailing data fragment); 512 GiB hole → `err=... discard remaining file bytes for ""app/sparse"": context canceled elapsed=4.741s`. Code: state.go:835 `if _, err := io.Copy(io.Discard, reader); err != nil` (reader is tarReader); state.go:1143-1149 drainEntry likewise; state.go:188-189 `newLayerLimitReader(newContextReader(ctx, reader), ...)`. Go reader.go sparseFileReader.Read: `nf, err = tryReadFull(zeroReader{}, bf)`.","Wrap the per-entry reader: pass newContextReader(ctx, tarReader) into buildRegularArtifact and drainEntry (or check ctx every N MiB in a copy loop). The suggested hard ceiling on header.Size when limits are disabled contradicts README:198 ('0 disables'); prefer documenting that disabling both byte limits removes the bound, or clamp at math.MaxInt64 only.","Mechanism confirmed: buildRegularArtifact (state.go:835) and drainEntry (state.go:1144) copy from tarReader, whose sparse holes are synthesized by archive/tar's zeroReader (reader.go:752) without touching the context-wrapped stream at state.go:189. Probe with MaxLayerBytes=0 and MaxTotalBytes=0, 16 GiB hole, cancel at 100 ms: Replay returned at 154 ms only because the trailing 1-byte data fragment hit the context reader; cancellation was not observed during the hole itself. However the exposure requires the operator to disable BOTH MAX_LAYER_BYTES and MAX_IMAGE_LAYER_BYTES; at defaults logicalLayerBudget.add (state.go:239) rejects any header.Size above 512 MiB and the hole finishes in milliseconds. That is an opt-in misconfiguration, so medium overstates it."
LAY-06,layers-scanner,bug,low,false,false,xs,high,confirmed,internal/layers/state.go,395,"PAX global headers ('g') are materialized as ""other"" artifacts, displace a real file of the same name, and count toward entry limits","archive/tar returns TypeXGlobalHeader records as entries (Name is the raw header name, typically `pax_global_header`, as written by git archive / GNU tar --pax-option). The engine's default branch stores an ArtifactTypeOther at that path, so a genuine file named pax_global_header from a lower layer is moved to DeletedArtifacts with a bogus deletion, and the metadata record consumes MAX_LAYER_ENTRIES/MAX_IMAGE_ARTIFACTS budget. Docker/containerd skip global headers.","Probe: lower layer has regular file `pax_global_header`; upper layer has a TypeXGlobalHeader record → `final[pax_global_header] present=true type=""other""; entries=3; deleted=[pax_global_header(regular/text)]`. Go reader.go: `if hdr.Typeflag == TypeXGlobalHeader { mergePAX(hdr, paxHdrs); return &Header{Name: hdr.Name, Typeflag: hdr.Typeflag, ...}, nil }`. Code: state.go:395-414 default branch → `Type: ArtifactTypeOther`.","Add `case tar.TypeXGlobalHeader:` that drains and continues before preparePath/put, and move the entryCount++ (state.go:238) or decrement it so metadata records do not consume MAX_LAYER_ENTRIES/MAX_IMAGE_ARTIFACTS. The proposed `tar.TypeXHeader` case is dead code: reader.go:116 never surfaces TypeXHeader to callers.","Probe: lower layer regular file `pax_global_header`, upper layer a tar.TypeXGlobalHeader record -> result had FinalFiles=[app/x] only and DeletedArtifacts=[pax_global_header type=regular by=sha256:u]; the real file was displaced by a ghost 'other' artifact. reader.go:106-113 returns global headers as entries with the raw Name; state.go:395-414 materializes them. Rare in real layers (BuildKit/containerd writers never emit them) but real."
LAY-07,layers-scanner,bug,low,false,false,s,high,confirmed,internal/scanner/scan.go,231,"Findings budget already exhausted on entry yields a misleading ""all selected manifests failed"" error and the tag sweep keeps fetching manifests for every remaining target","jobs.scanTarget carries findingsRetained/rawBytesRetained into Scan as ExistingFindings/ExistingRawBytes. When a previous target retained exactly MaxFindings (no diagnostic is raised at exact equality), the next Scan hits `budget.exhausted()` before the first target, breaks, and because CompletedManifestCount==0 returns allSelectedManifestsFailedError with zero PlatformResults. In jobs the error is neither a limits error nor mustPreserveScanError, so the target is recorded as *failed* with that text and the loop continues to the next tag, repeating root manifest + config fetches for up to MAX_REPOSITORY_TARGETS tags, none of which can produce findings. The `max_findings_exceeded` diagnostic only short-circuits the sweep on the success path (jobs/scan.go:451).","Probe Scan{MaxFindings:5, ExistingFindings:5} against a valid single manifest: `err=all selected manifests failed status=failed manifests=1 completed=0 failed=0 platformResults=0 diagnostics=[{Code:max_findings_exceeded ... Limit:5 Observed:5}]`. Code: scan.go:231-235 `if budget.exhausted() { budget.markExceeded(...); result.Diagnostics = append(...); break }`; scan.go:313-315 `if result.CompletedManifestCount == 0 { return result, allSelectedManifestsFailedError(result.PlatformResults) }`; jobs/scan.go:398-403 records FailedTargetCount++ and continues.","As proposed. Simplest: in Scan, if the loop exits via the budget break and len(result.PlatformResults)==0, set Status=partial and return (result, nil); in jobs, also check hasDiagnosticCode on the error path or test budget exhaustion before calling scanTarget so no manifest/config fetch happens for the remaining tags.","Probe Scan{MaxFindings:5, ExistingFindings:5} against a valid single manifest: err=`all selected manifests failed`, Status=failed, ManifestCount=1, CompletedManifestCount=0, PlatformResults=0, Diagnostics=[max_findings_exceeded Limit:5 Observed:5]. scan.go:231-235 breaks before the first target, scan.go:313-315 then reports all manifests failed with no platform results. In jobs/scan.go:398-404 this error is neither limits nor mustPreserveScanError, so the target is counted failed and the loop continues; the short-circuit at jobs/scan.go:451 only runs on the success path. The exact-boundary case (no diagnostic raised by the previous target because budget.scan only sets exceeded on the (N+1)th match, scan.go:590) is what makes this reachable."
LAY-09,layers-scanner,bug,low,false,false,xs,high,confirmed,internal/layers/state.go,360,Hardlink to a symlink/other artifact is counted as a file and as a binary exclusion,"The TypeLink branch accepts any artifact in working.final as a target, copies its (nil) content, increments FilesSeen, and because target.Scannable is false and ContentClass is not Oversize, increments FilesExcludedBinary. The resulting ArtifactTypeHardlink with empty class is then listed in FinalFiles. Coverage counters therefore misreport a link to a symlink as an excluded binary file.",Probe layer `link -> /etc/passwd` (symlink) + `hl` hardlink to `link`: `coverage={... FilesSeen:1 FilesScanned:0 FilesExcludedBinary:1 ...} files=[hl(hardlink/)]`. Code: state.go:360-366 `if target.Scannable { FilesScanned++ } else if target.ContentClass == ContentClassOversize { FilesSkippedOversize++ } else { FilesExcludedBinary++ }`.,As proposed; additionally treat a hardlink whose target is a known directory as ignored rather than unsafe so it does not flip coverage to partial.,"Probe: symlink `link` + hardlink `hl`->link gave FinalFiles=[hl type=hardlink class="""" scannable=false], Coverage FilesSeen:1 FilesExcludedBinary:1. A hardlink to a directory (`hld`->d) was counted EntriesSkippedUnsafe:1 because directories are not in working.final (state.go:335-338), which also forces partial status for an entry that is merely invalid. Code at state.go:340-366 matches the description."
LAY-12,layers-scanner,improvement,low,false,false,m,medium,confirmed,internal/scanner/scan.go,771,"No findings are produced from file paths alone, so unscannable sensitive artifacts (keystores, private-key files with binary content) are never reported","scanArtifactsWithBudget skips every artifact that is not Scannable or has empty content, and the detector pass over FilePath is used only to redact provenance (scanProvenance). A binary .p12/.jks/.pfx/.kdbx keystore, an `id_rsa` in OpenSSH binary-ish format, `.gnupg/secring.gpg`, or `.docker/config.json` whose content is oversize is therefore invisible even though its presence is itself a finding for most secret scanners.",scan.go:771 `if !artifact.Scannable || len(artifact.Content) == 0 { continue }`; scan.go:820-825 scanProvenance returns matches used only by NewDetailedNormalizerWithProvenance for redaction (findings.go:168-170 comment: 'Provenance-only matches never become findings').,"Add a `sensitive_file` detector family driven by path patterns (id_rsa|id_ed25519 without .pub, *.p12, *.pfx, *.jks, *.kdbx, .netrc, .pgpass, .git-credentials, .aws/credentials, .docker/config.json, secring.gpg) that emits a low/medium-confidence finding with SourceType file_final/file_deleted_layer even when content is binary/oversize, fingerprinted on path+layer digest. Make it opt-out via detector selection.",scan.go:771 skips non-scannable/empty artifacts; scanProvenance (scan.go:820-825) results are only used for redaction. Path-only findings are a legitimate 3.0 feature request.
LAY-13,layers-scanner,improvement,low,false,false,m,medium,confirmed,internal/scanner/scan.go,681,Metadata scanning ignores manifest/index/layer annotations and unknown image-config fields (e.g. BuildKit buildinfo with build args),"scanMetadataWithBudget covers Env, Labels, history created_by/comment/author and the fixed ConfigFields list. It never scans manifest.Annotations, index annotations, per-layer descriptor annotations (buildpacks, Jib, ko, BuildKit write build metadata there), nor unmodeled top-level config fields such as `moby.buildkit.buildinfo.v1` (base64 JSON that historically embedded build args) or vendor extensions. Because ParseImageConfig unmarshals into a fixed struct, those bytes are discarded before detection.","scan.go:681-763 iterates only Env, Labels, History and manifest.ConfigFields; document.go:384-438 ConfigFields enumerates a fixed key list; document.go:159-166 ParseImageConfig discards unknown fields; manifest.Descriptor.Annotations (document.go:39) is never passed to detectors.","Add SourceTypeAnnotation inputs for manifest, index and layer descriptor annotations (key=value, sorted), and a `config.raw` fallback that scans the raw config body once (deduped by fingerprint against structured findings) so unknown fields are covered. Decode `moby.buildkit.buildinfo.v1` base64 when present. Update OpenAPI/README source-type documentation accordingly.","scanMetadataWithBudget (scan.go:681-763) scans only Env, Labels, History and ConfigFields; ParseImageConfig (document.go:159-166) unmarshals into a fixed struct so unknown fields are discarded; Descriptor.Annotations (document.go:39) is never fed to detectors."
LAY-14,layers-scanner,improvement,low,false,false,m,high,confirmed,internal/layers/state.go,203,"Every layer clones the entire final map, directory set and both path indexes for transactional rollback (O(total entries × layers) churn)","applyLayer builds `working` by deep-copying s.final, s.dirs, s.directoryChildren and s.artifactChildren before reading a single entry, and again copies the deleted slice. For an image near the defaults (250k entries, hundreds of layers) this is tens of millions of transient map insertions and gigabytes of garbage that are not counted against MAX_RETAINED_BYTES. The BenchmarkReplayDirectoryPrefixChurn shows the cost is already measured but not addressed.","state.go:203-211 `working := &State{ final: cloneArtifactMap(s.final), deleted: append([]Artifact(nil), s.deleted...), dirs: cloneDirectoryMap(s.dirs), directoryChildren: clonePathIndex(s.directoryChildren), artifactChildren: clonePathIndex(s.artifactChildren), ... }`; state.go:699-728 clone helpers iterate every entry.","Replace whole-state cloning with an undo journal: mutate s in place and record inverse operations (put/delete/addDir/removeDir with prior values) in a per-layer slice; on failure replay the journal backwards and restore coverage snapshot. Keep the existing rollback tests (TestReplayRollsBackFailedLayer, TestReplayEnforcesAggregateLimitsTransactionally) as the safety net and extend the benchmark to many layers.","state.go:203-211 clones final/dirs/directoryChildren/artifactChildren per layer. cloneArtifactMap shares content bytes (state.go:702-706), so the churn is map metadata only (~25 MB per clone at 250k entries), which is less dramatic than 'gigabytes' for typical images but accumulates across hundreds of layers. An undo journal is a reasonable 3.0 refactor with the existing rollback tests as safety net."
LAY-15,layers-scanner,breaking-change-opportunity,low,false,true,s,high,confirmed,internal/scanner/scan.go,602,Exceeding MAX_RAW_FINDING_BYTES stops all detection instead of continuing with raw retention disabled,"When the raw budget is exhausted the budget sets rawExceeded, stopped() becomes true, scanArtifactsWithBudget breaks, and every remaining file and platform is left unscanned with coverage partial. Raw retention is an operator convenience (LAYERLEAK_PERSIST_RAW_SECRETS=1); losing detection coverage because of it is a poor trade. A 3.0 can change this documented semantic (README.md:241 'exceeding it makes coverage partial').",scan.go:602-607 `if b.rawBytes > b.maxRawBytes || rawSize > b.maxRawBytes-b.rawBytes { b.rawExceeded = true; ... retainRaw = false }`; scan.go:618-620 `if b.rawExceeded { break }`; scan.go:629-631 `stopped() ... (b.exceeded || b.rawExceeded)`; scan.go:768 `if budget != nil && (budget.stopped() || ...) { break }`.,"Continue detection after rawExceeded with retainRaw forced false, keep coverage complete for detection, and surface a `raw_retention_truncated` diagnostic plus a `raw_bytes_retained`/`raw_findings_truncated` count; update README.md:241, web docs and the OpenAPI diagnostic enumeration; note the semantic change in the 3.0.0 CHANGELOG.","scan.go:602-607 sets rawExceeded, :618-620 breaks after the current finding, :629-631 stopped() then short-circuits every later scan() call and scanArtifactsWithBudget (:768). Detection coverage is indeed sacrificed for a retention convenience; README:241 documents the current semantics so changing it belongs in the 3.0 CHANGELOG."
LAY-16,layers-scanner,ci,low,false,false,xs,high,confirmed,internal/layers/state.go,960,"golangci-lint reports six issues in the engine packages (unchecked Close, ineffectual assignment, dead TypeRegA branch, SA4003) and CI runs only go vet","With golangci-lint v2.5.0 defaults: state.go:960 gzipReader.Close error ignored; state.go:822 `contentClass := ContentClassText` is dead (reassigned on every path); state.go:367 and state_test.go:942 reference tar.TypeRegA, which archive/tar rewrites to TypeReg/TypeDir before returning headers (reader.go:145), so the case is unreachable; state_test.go:1031 encoder.Close unchecked; limits.go:80 `limit >= math.MaxInt64` should be `==`. verify.yml only runs `go vet` and tests, so none of this is caught.","`golangci-lint run ./internal/layers/... ./internal/scanner/... ./internal/limits/...` → `state.go:960:20: Error return value of gzipReader.Close is not checked (errcheck)`, `state.go:822:2: ineffectual assignment to contentClass (ineffassign)`, `state.go:367:21: SA1019: tar.TypeRegA has been deprecated`, `limits.go:80:5: SA4003: no value of type int64 is greater than math.MaxInt64`. .github/workflows/verify.yml:56-63 shows only `go vet ./...`, `go test -short ./...`, race test.","Fix the six issues (drop TypeRegA, check Close errors, remove the dead initializer, use `==` in OverflowProbeLimit), add a .golangci.yml enabling errcheck/ineffassign/staticcheck/govet/gosec, and add a golangci-lint step to verify.yml so 3.0.0 ships lint-clean.","Ran `golangci-lint run ./internal/layers/... ./internal/scanner/... ./internal/limits/...` (v2.5.0, no config): exactly the six issues cited (state.go:960 errcheck, state_test.go:1031 errcheck, state.go:822 ineffassign, state.go:367 and state_test.go:942 SA1019 TypeRegA, limits.go:80 SA4003). verify.yml runs only go vet/test/race. reader.go:145-151 confirms TypeRegA never reaches callers."
LAY-17,layers-scanner,docs-drift,low,false,false,xs,high,confirmed,README.md,235,"Resource-bound documentation misdescribes MAX_IMAGE_ARTIFACTS, omits that oversize files are skipped, and the web docs list only a subset of 0-disable variables","README.md:235 calls LAYERLEAK_MAX_IMAGE_ARTIFACTS an 'Aggregate layer artifact count' but Replay enforces it as MaxTotalEntries over every tar entry including directories, symlinks, whiteouts and device nodes. README.md:229 describes MAX_FILE_BYTES as 'Maximum decompressed bytes buffered for one file' without stating that larger files are not scanned and force partial status via files_skipped_oversize. web/docs/index.html:229-234 says only seven MAX_* settings accept 0 to disable, while config.go:137-165 also accepts 0 for MAX_IMAGE_LAYERS, MAX_IMAGE_MANIFESTS, MAX_IMAGE_LAYER_BYTES, MAX_IMAGE_ARTIFACTS, MAX_RETAINED_BYTES and MAX_RAW_FINDING_BYTES.","state.go:242-244 `if options.MaxTotalEntries > 0 && s.entries+entryCount > options.MaxTotalEntries { return limits.NewExceeded(limits.Kind(""image_entries""), ...)` where entryCount++ runs for every header (state.go:238). README.md:229 `Maximum decompressed bytes buffered for one file; must be positive.`; web/docs/index.html:230-234 `(MAX_LAYER_BYTES, MAX_LAYER_ENTRIES, MAX_MANIFEST_BYTES, MAX_CONFIG_BYTES, MAX_TAG_RESPONSE_BYTES, MAX_REPOSITORY_TAGS, MAX_REPOSITORY_TARGETS) accept 0`; config.go:149-165 nonNegative*FromEnv for the others.","As proposed, plus add LAYERLEAK_MAX_FINDINGS_PER_SCAN to the 0-disable list in web/docs/index.html.","README.md:235 says 'Aggregate layer artifact count' while state.go:238-243 charges MaxTotalEntries for every tar header; README.md:229 omits that oversize files are unscanned; web/docs/index.html:229-234 lists seven 0-disable variables while config.go:149-165,197,201 accept 0 for MAX_IMAGE_LAYERS, MAX_IMAGE_MANIFESTS, MAX_IMAGE_LAYER_BYTES, MAX_IMAGE_ARTIFACTS, MAX_RETAINED_BYTES, MAX_RAW_FINDING_BYTES and also MAX_FINDINGS_PER_SCAN (which the auditor's list omits; scanner treats maxFindings<=0 as unlimited at scan.go:590/626)."
LAY-20,layers-scanner,test-gap,low,false,false,s,high,confirmed,internal/scanner/scan_test.go,1,"Scanner status-classification paths lack tests: foreign-layer platforms, budget carryover at the boundary, mid-layer cancellation, repeated digests","scan_test.go exercises multi-arch success, config limits, layer limits, deadlines and the intra-scan max-findings boundary, but not the classification paths that produce wrong or misleading outcomes: a windows/foreign-layer manifest inside an index (LAY-01), ExistingFindings == MaxFindings / ExistingRawBytes >= MaxRawFindingBytes on entry (LAY-07), a context cancelled while a layer is streaming (expect scan_canceled diagnostic, completed layers' findings preserved, no partial state committed), a manifest listing the same layer digest twice, a layer whose Content-Length mismatches the descriptor, and an index whose second platform fails with a non-integrity error (expect partial, err nil).","Test names in scan_test.go: TestScanMultiArchImage, TestScanArtifactsSkipsNonTextArtifacts, TestScanArtifactsClassifiesExampleTestDirectories, TestScanReturnsUnderlyingManifestFailureWhenAllSelectedManifestsFail, TestScanReturnsPartialResultWhenConfigLimitExceeded*, TestScanPreservesMetadataFindingsWhenLayerLimitsExceeded, TestScanPreserves*Deadline*, TestScanMaxFindingsStopsBeforeNextPlatformAtExactBoundary, TestDetectionBudget*, TestScanMetadataKeepsCurrentAndLegacyConfigProvenanceDistinct — none cover the listed paths; probes for the first two reproduced defects.","Add the roundTripFunc-based fixtures from the probes: (a) index with linux + windows(foreign layers) asserting linux completes, windows is reported as unsupported (not descriptor_media_type_mismatch), err is nil or an accepted-partial error; (b) Scan with ExistingFindings==MaxFindings asserting Status partial and a max_findings_exceeded diagnostic without 'all selected manifests failed'; (c) a transport that cancels ctx after the first layer body is half-served, asserting scan_canceled and that findings from the completed layer exist; (d) a manifest with a repeated layer digest asserting deterministic findings and two OpenBlob calls.","Test inventory of scan_test.go matches the auditor's list (grep of `^func `); none exercise foreign-layer platforms, ExistingFindings==MaxFindings on entry, mid-layer cancellation, or repeated digests. My probes for the first two reproduced LAY-01 and LAY-07."
LAY-21,layers-scanner,improvement,low,false,false,s,medium,confirmed,internal/layers/state.go,950,Layer decompression trusts the advertised media type instead of sniffing the blob's magic bytes,"decompressLayer selects gzip/zstd/none purely from manifest.LayerCompression(mediaType). A blob whose content does not match its declared compression (mislabelled by a build tool or proxy, or an uncompressed `.tar` served under a `+gzip` type) fails with `open gzip layer: gzip: invalid header` or an opaque tar error and no diagnostic code, even though the digest verified. Sniffing the first bytes (1f 8b for gzip, 28 b5 2f fd for zstd, ustar at offset 257 for plain tar) would allow either tolerant decoding or a precise `layer_compression_mismatch` diagnostic.","state.go:950-981 `switch manifest.LayerCompression(mediaType) { case """": return reader ... case ""gzip"": gzipReader, err := gzip.NewReader(reader) ... case ""zstd"": ...`; scan.go:1207 maps such errors to the generic `manifest_failed` code.","Peek the first 4 bytes (bufio.Reader) before choosing a decoder; if the magic disagrees with the media type, either decode by magic and emit a `layer_compression_mismatch` diagnostic (recommended for a scanner) or fail with that specific code. Add fixtures for gzip-labelled plain tar and zstd-labelled gzip.",decompressLayer (state.go:950-981) selects the decoder solely from manifest.LayerCompression; mislabeled blobs surface as `open gzip layer: gzip: invalid header` and are coded manifest_failed by diagnosticForError (scan.go:1207). Reasonable improvement; medium confidence on how often mislabeling occurs in practice is fair.
LAY-22,layers-scanner,bug,low,false,false,xs,high,verifier-added,internal/scanner/scan.go,234,Budget diagnostics are duplicated in Result.Diagnostics when a non-final platform exhausts MaxFindings or MaxRawFindingBytes,"When platform N trips the findings or raw budget, scanManifestWithBudget appends budget.diagnostic() to platformResult.Diagnostics (scan.go:459-461), which Scan merges into result.Diagnostics (scan.go:296). On the next loop iteration the top-of-loop checks (scan.go:226-235) append budget.diagnostic() again, so the public result carries two byte-identical `max_findings_exceeded` (or `max_raw_finding_bytes_exceeded`) entries. Consumers that count diagnostics or render them (CLI summary, API, web) show the condition twice.","Probe: two-platform index, MaxFindings=2, layer with three tokens -> `result diag: {Code:max_findings_exceeded ... Limit:2 Observed:3}` printed twice while the single completed platform had diags=1. Code: scan.go:228 and :234 `result.Diagnostics = append(result.Diagnostics, budget.diagnostic())` after scan.go:296 already appended `platformResult.Diagnostics...` containing the same scan-scoped diagnostic.","Use appendDiagnostic (scan.go:1211) instead of append for the two top-of-loop budget diagnostics, or skip them when result.Diagnostics already contains a diagnostic with the same Code/Subject. Add an assertion to the LAY-07/LAY-20 budget tests that each budget code appears once in result.Diagnostics.",
LAY-23,layers-scanner,compat,low,false,true,xs,medium,verifier-added,internal/scanner/scan.go,189,--platform is silently ignored when the reference resolves to a single image manifest rather than an index,"Scan only consults request.Platform in the DocumentKindIndex branch (scan.go:199). For a DocumentKindManifest root (any digest reference to a platform manifest, or a single-platform tag) the selector is never compared with the image config's os/architecture/variant that is already parsed at scan.go:369, so `layerleak scan repo@sha256:<amd64 manifest> --platform linux/arm64` scans amd64 and reports success for a platform the user did not ask for. README.md:128 documents the flag only as 'Restrict a multi-platform image', so this is arguably by design, but a 3.0 is the moment to make the selector either enforced (fail with the same 'platform ... not found' error the index path uses, document.go:250) or clearly documented as index-only.","scan.go:188-197: `case manifest.DocumentKindManifest: targets = append(targets, target{descriptor: manifest.Descriptor{MediaType: document.Manifest.MediaType, Digest: requestedDigest, ...}, manifest: &document.Manifest})` with no reference to request.Platform; the only use is scan.go:199 `manifest.SelectDescriptors(document.Index, request.Platform)`. cli/scan.go:55-57 validates selector syntax only.","In scanManifestWithBudget, when request.Platform is non-empty and the root was a single manifest, parse the selector and require configPlatform.Matches(selected) (scan.go:369-372), returning fmt.Errorf(""platform %s not found in manifest"", ...) otherwise; add a scanner test for a mismatched selector against a single-manifest root and update README.md:128 to describe the behavior.",
MIG-24,migration-inventory,docs-drift,low,false,false,xs,high,confirmed,docs/plans/2026-09-09-release-readiness.md,11,Dated planning/readiness records still describe a v1.1 release,"docs/plans/2026-09-09-release-readiness.md and docs/release-readiness-2026-09-09.md are dated records of the v1.1 preparation. They are not user docs and can stay as history, but a reader following links from the repo could take 'Publish v1.1.0-rc.1' as the current plan.",docs/plans/2026-09-09-release-readiness.md:11 `Prepare the current project for its first canonical v1.1 release`; :206 `2. Publish \`v1.1.0-rc.1\` through the protected procedure`; docs/release-readiness-2026-09-09.md:7-8 `No v1.1 release was published as part of this preparation.`,Do not rewrite history; add a one-line banner at the top of both files: `Superseded: the v1.1.0 line was never published; the work shipped as v3.0.0 on github.com/brumbelow/layerleak/v3 (see CHANGELOG.md and the 3.0.0 plan).` Optionally add the new 3.0.0 plan under docs/plans/ so the trail is complete.,"docs/plans/2026-09-09-release-readiness.md:11, :203-213 ('Follow the existing RELEASING.md v1 policy', 'Publish v1.1.0-rc.1') and docs/release-readiness-2026-09-09.md:7-8, :110-113 verified; dated records, banner approach is appropriate."
MIG-25,migration-inventory,improvement,low,false,false,s,high,confirmed,.github/workflows/container-release.yml,33,Centralise the release major so the next module-path move is a one-line change,"The v1 major is currently spelled in at least 12 independent places (workflow regexes, tag glob, preflight VERSION, test fixtures, RELEASING.md, verify.yml identity check, install commands). The same scattered edit will recur at /v4.","See MIG-03..MIG-10 evidence; container-release.yml env block (lines 33-37) has `IMAGE_NAME`, `GRYPE_VERSION`, `BUILDX_VERSION`, `BUILDKIT_IMAGE` but no module path or major constant.","Add `MODULE_PATH: github.com/brumbelow/layerleak/v3` and `RELEASE_MAJOR: 3` to the workflow env; build the regexes as `^v${RELEASE_MAJOR}\.(0|[1-9][0-9]*)\.(0|[1-9][0-9]*)(-rc\.[1-9][0-9]*)?$`, use `git tag --list ""v${RELEASE_MAJOR}.*""`, `go install ""${MODULE_PATH}@${RELEASE_VERSION}""`, and assert `go.mod` module == MODULE_PATH. In release-preflight.py derive VERSION from a `RELEASE_MAJOR` constant and add a test that the constant matches go.mod's suffix. verify.yml can derive the expected module from go.mod's declared path and just assert it ends in `/v3`.","Re-grep shows the v1 major hard-coded in container-release.yml (9, 103, 104, 180, 181, 201, 210, 213, 1040, 1043, 1045, 1165, 1176, 1180), verify.yml:40, release-preflight.py:19/111, the test fixtures, the GitHub tag ruleset and six documents; env block (33-37) has no module/major constant."
MIG-26,migration-inventory,migration-edit,low,true,false,xs,high,verifier-added,RELEASING.md,153,RELEASING.md 'What the workflow enforces' still says the workflow validates 'canonical v1 semver',"The grep for the bare word v1 finds one line the inventory did not cite: the enforcement summary says the validate job checks 'canonical v1 semver'. After MIG-05/MIG-09 the workflow validates v3 semver, so the sentence would be false at release time. Lines 285 and 287 (`GHCR v1.1.0 and latest ...`, `GitHub marks v1.1.0 as latest`) are covered by MIG-14's blanket replacement but were not quoted either.","RELEASING.md:153 `   canonical v1 semver, module identity, \`main\` ancestry, existing tags,`; RELEASING.md:285 `- GHCR \`v1.1.0\` and \`latest\` resolve to the accepted RC digest;`; RELEASING.md:287 `- GitHub marks v1.1.0 as latest and the release is immutable;`","Line 153 -> `canonical v3 semver, module identity (github.com/brumbelow/layerleak/v3), main ancestry, existing tags,`. Lines 285/287 -> `GHCR v3.0.0 and latest resolve to the accepted RC digest;` / `GitHub marks v3.0.0 as latest and the release is immutable;`. Include these in the MIG-14 edit.",
PRD-02,product-ideation,breaking-change-opportunity,low,false,true,xs,high,confirmed,cmd/scanner/main.go,1,"Delete the cmd/scanner development entrypoint, which is a byte-for-byte duplicate of main.go","cmd/scanner exists only as a second `main` calling cli.Run(). It is documented as a development entrypoint but is not built by the Dockerfile or the release workflow, and it gives users a second, confusing install path that `go install` would happily accept (`.../v3/cmd/scanner`). A major is the moment to remove it.","cmd/scanner/main.go and main.go are identical: `func main() { os.Exit(cli.Run()) }`. CONTRIBUTING.md:25: '`go run ./cmd/scanner` remains a development entrypoint.' Dockerfile:20-23 builds only cmd/api, cmd/migrate, cmd/purge, cmd/healthcheck. README.md:85: 'The `cmd/*` packages are source build targets for development, not separately versioned install paths.'",`git rm -r cmd/scanner`; change CONTRIBUTING.md:25 to 'The module root is the only CLI entrypoint (`go run . scan ...`)'; add a CHANGELOG 'Removed' entry. Migration note: anyone running `go run ./cmd/scanner` switches to `go run .`.,"`diff cmd/scanner/main.go main.go` → identical (`func main() { os.Exit(cli.Run()) }`). Dockerfile:20-23 builds only cmd/api, cmd/migrate, cmd/purge, cmd/healthcheck. CONTRIBUTING.md:25 '`go run ./cmd/scanner` remains a development entrypoint'; README.md:85 'The `cmd/*` packages are source build targets for development'. xs, IN 3.0.0, no dissent."
PRD-05,product-ideation,compat,low,false,true,s,high,downgraded,internal/cli/scan.go,253,"CLI `--format json` and the local scan record replace every real error message with ""scan step failed"", so the operator running the scan cannot see why it failed","`RedactedResult` was designed as the scan-history/API policy (hide internal error text from remote API consumers). The CLI applies the same function to stdout JSON and to the local record, so a local user gets `""error"": ""scan step failed""` for every failed tag, target, platform and diagnostic, while the human summary shows the real message. Secret redaction (stripping raw values) and error-message sanitization are different concerns; only the first belongs in local output. This is the kind of behavior change a major should make deliberately.","internal/cli/scan.go:253 `encoder.Encode(scanservice.RedactedResult(result))`. internal/cli/results.go:298 `Result: scanservice.RedactedResult(outcome.Result)`. internal/scanservice/record.go:255-261 `RedactedResult` calls `sanitizeStoredResult`, whose `storedErrorMessage` (:295-300) returns the constant ""scan step failed"" for any non-empty error and `sanitizedDiagnostics` (:285-293) does the same for diagnostic messages. Contrast summary path: internal/cli/scan.go:436-441 `summaryItemStatus` prints `sanitizeProgressValue(message)` (real text). Test confirming the policy: internal/scanservice/record_test.go:72 expects `""scan step failed""` in stored records.","As proposed (split `PublicResult` from `RedactedResult`), with one guard: error strings can embed registry URLs, redirect targets and header fragments, so route them through `sanitizeProgressValue` AND the finding-value redactor before they land in the record. Keep `RedactedResult` for storage/API unchanged so record_test.go:72 still holds.","Mechanism confirmed: scan.go:253 `encoder.Encode(scanservice.RedactedResult(result))`, results.go:298 `Result: scanservice.RedactedResult(outcome.Result)`, record.go:295-300 `storedErrorMessage` returns the constant ""scan step failed"" and :285-293 does the same for diagnostics; record_test.go:72 asserts the constant. But the title overstates the impact: the top-level scan error is still printed verbatim to stderr via scan.go:268 `exitError{code: 1, message: scanErr.Error()}` → root.go:24 `fmt.Fprintln(os.Stderr, sanitizeProgressValue(err.Error()))`, the progress renderer shows it (:175, :192), and `IncompleteError.Error()` (jobs/scan.go:65-79) includes the cause. What is actually lost in `--format json` and the record is per-tag, per-target and per-platform error text plus diagnostics. Still a legitimate 3.0.0 contract change (IN 3.0.0), but severity low, not medium."
PRD-07,product-ideation,breaking-change-opportunity,low,false,true,s,medium,downgraded,internal/detectors/detectors.go,95,Detector identifier cleanup: inconsistent naming and identifier-not-secret detectors at high confidence,"Detector ids are surfaced in JSON, the DB `detectors` array and (eventually) SARIF rule ids, so renames are breaking and belong in 3.0.0. Inconsistencies: `digitalocean_pat` while every other PAT is spelled `*_personal_access_token`; `stripe_key` vs `*_api_key`; `jwt` and `pem_private_key` lack the provider/format convention. `twilio_account_sid` (an `AC…` account identifier, not a credential) and `sentry_dsn` (a client-side DSN Sentry documents as safe to ship) are reported at ConfidenceHigh, which under PRD-06 would fail CI at the strictest threshold. Three ids are registered twice (`docker_auth_blob`, `aws_secret_access_key`, `cloudflare_api_token`) — that is a legitimate multi-strategy design but should be documented as such once ids become public API.","internal/detectors/detectors.go:95 `newRegexDetector(""digitalocean_pat"", ...)` vs :142 `""airtable_personal_access_token""`, :151 `""netlify_personal_access_token""`; :78 `""stripe_key""`; :106 `newRegexDetector(""twilio_account_sid"", regexp.MustCompile(`\bAC[a-f0-9]{32}\b`), 0, ConfidenceHigh, nil)`; :121 `""sentry_dsn""` ConfidenceHigh; duplicate registrations at :67/:88 (docker_auth_blob), :80-81 (aws_secret_access_key), :150/:156 (cloudflare_api_token). Count via grep: 82 registrations, 73 distinct ids plus `keyword_entropy` (:385).","Use the corrected line numbers above. Build `Catalog()` from the set of ids a detector can EMIT (add an `IDs() []string` method or have Scan return a documented id list), not from Name(); add the unit test over emitted ids. Rename table as proposed plus decide whether `aws_shared_credentials_*` / `git_credentials_password` sub-ids are the canonical rule ids.","Substance confirmed but the evidence is wrong in detail and must be corrected before anyone acts on it: in detectors.go `stripe_key` is :72 (not :78), `digitalocean_pat` :88 (not :95), `twilio_account_sid` :99 (not :106), `sentry_dsn` :119 (not :121), `airtable_personal_access_token` :126 (not :142), `netlify_personal_access_token` :135 (not :151); duplicate registrations are `docker_auth_blob` :62/:82, `aws_secret_access_key` :74/:75, `cloudflare_api_token` :132/:139. `Default()` contains 80 registrations (lines 59-147, three span multiple lines), not 82; distinct Name() ids are 74 in detectors.go plus `terraform_cloud_token`, `heroku_api_key`, `snyk_api_token` (structured.go:27,36,96) and `keyword_entropy` (:385) = 78. The proposal also misses a larger id inconsistency: two structured detectors emit Match.Detector ids that differ from their Name() — structured.go:142/154/170 `aws_shared_credentials_access_key_id|secret_access_key|session_token` under Name() `aws_shared_credentials` (:108), and :317 `git_credentials_password` under `git_credentials` (:283) — so a Catalog() built from Name() would not list ids that actually appear in output (see PRD-26). Keep IN 3.0.0 (renames are breaking) at low severity; the `twilio_account_sid` / `sentry_dsn` confidence downgrades are well-founded."
PRD-12,product-ideation,improvement,low,false,false,xs,high,confirmed,internal/cli/version.go,13,"`layerleak version` subcommand with commit, build date and Go version — IN 3.0.0 (xs)","Value: medium (bug reports and SARIF `tool.driver.version` need it; release verification in RELEASING.md compares versions). Effort xs: `debug.ReadBuildInfo()` already exposes `vcs.revision`, `vcs.time`, `vcs.modified` and `GoVersion` without any ldflags. Risk: none. Today only cobra's `--version` exists and it prints only the module version.",internal/cli/version.go:8-25 `resolveVersion` reads only `info.Main.Version`; internal/cli/root.go:42 `Version: effectiveVersion()`; no `version` subcommand registered (root.go:47 only `cmd.AddCommand(newScanCmd())`). README.md:70-72 describes `--version` semantics only.,"Add `newVersionCmd()` printing `layerleak <version> (commit <vcs.revision[:12]>[-dirty], built <vcs.time>, <GoVersion>, <GOOS>/<GOARCH>)` with `--format json` for machines; keep `--version` as an alias. Reuse the same struct for SARIF `tool.driver` and for `scanner.version` in result schema v2 (PRD-04).",version.go:8-25 `resolveVersion` uses only `info.Main.Version`; root.go:42 `Version: effectiveVersion()`; root.go:47 registers only `newScanCmd()`. README.md:70-74 describes `--version` only. xs and it feeds PRD-09's `tool.driver.version` and PRD-04's `scanner.version`; IN 3.0.0 agreed.
PRD-14,product-ideation,improvement,low,false,false,s,high,confirmed,internal/detectors/detectors.go,56,Custom YAML detector rules — OUT; `layerleak detectors list` catalog command — 3.1,"Custom rule DSLs (gitleaks-style TOML/YAML) are a large, permanent surface: regex safety (ReDoS on adversarial image content), precedence against the built-in set, entropy/policy interplay, and a compatibility promise on the rule format. The project's stated posture is 'correctness, redaction, bounded resource use ... before adding convenience' (CONTRIBUTING.md:3-5). Verdict OUT for 3.x; revisit only as an import of a widely used format. A read-only catalog command (`layerleak detectors list [--format json]`) is cheap once `Catalog()` exists (PRD-07) and gives users the transparency they actually ask for. Verdict 3.1, effort s.","internal/detectors/detectors.go:56-160 `Default()` is a hard-coded slice of 82 detector registrations; `Set` exposes only `Len()` and `Scan()` (:162-171), no enumeration or description API. CONTRIBUTING.md:3-5 'Contributions should preserve correctness, redaction, bounded resource use, OCI integrity, and predictable operation before adding convenience.'","Do not build a rule DSL. In 3.1 add `layerleak detectors list` backed by `detectors.Catalog()` (id, description, confidence, strategies, example redacted match) and generate the Pages 'detectors' table from it in verify.yml so docs cannot drift.","detectors.go:56-150 `Default()` is a hard-coded slice; `Set` exposes only `Len()` (:152) and `Scan()` (:156) — no enumeration. CONTRIBUTING.md:3-5 quoted correctly. Rule DSL OUT is the right call for a tool whose posture is bounded adversarial parsing. Catalog command 3.1 agreed, with the PRD-07/PRD-26 caveat that the catalog must be keyed on emitted ids."
PRD-15,product-ideation,improvement,low,false,false,xs,high,confirmed,internal/cli/logging.go,15,`--log-format text|json` for the CLI — 3.1,"The CLI always emits JSON slog lines to stderr, interleaved with the human progress renderer; on a terminal a `debug` run is hard to read. Value medium, effort xs, risk none. Verdict 3.1 (additive). Default stays `json` for CI log-safety; `auto` (text on TTY) is optional.","internal/cli/logging.go:15-17 `slog.New(slog.NewJSONHandler(os.Stderr, &slog.HandlerOptions{Level: parsed}))` with no alternative handler; config.go:65 only `LAYERLEAK_LOG_LEVEL` exists.",Add `--log-format json|text` (env `LAYERLEAK_LOG_FORMAT`) selecting `slog.NewTextHandler`; route the API through the same helper so both binaries share it.,"logging.go:15-17 `slog.NewJSONHandler(os.Stderr, ...)` is the only handler; config.go:65 `logLevelFromEnv(""LAYERLEAK_LOG_LEVEL"", ""info"")` and no LOG_FORMAT. xs, 3.1."
PRD-17,product-ideation,improvement,low,false,false,s,medium,confirmed,internal/api/handler.go,206,Prometheus /metrics — 3.2; OpenTelemetry tracing — OUT,"A `/metrics` endpoint (scan count by status, duration histogram, concurrent-slot saturation, storage errors) is a small, standard operational add for the API image and fits the existing bounded-ops posture. Value medium, effort s, risk low → 3.2. OpenTelemetry tracing adds a heavy dependency tree to a scratch image whose dependency-review policy and license gates are deliberately tight, for a service with one synchronous handler; value low today → OUT.","internal/api/handler.go:206-224 registered routes are health/livez/readyz plus five API routes; no metrics endpoint. go.mod lists five direct dependencies (cobra, lib/pq, go-digest, klauspost/compress, distribution/reference, x/term) — no telemetry libraries. .github/workflows/test.yml:33-49 dependency-review with `fail-on-severity: high` and a deny-list.",3.2: expose `/metrics` using the stdlib-only `expvar`-style text format or `prometheus/client_golang` (evaluate its transitive footprint first); bind it to a separate `LAYERLEAK_METRICS_ADDR` so it is not exposed with the API by default. Do not add OpenTelemetry.,"handler.go:206-224 registers health/livez/readyz and five /api/v1 routes, no metrics; go.mod lists cobra, lib/pq, go-digest, klauspost/compress, distribution/reference, x/term; test.yml:33-49 dependency-review `fail-on-severity: high` with the GPL/LGPL/AGPL deny list. /metrics 3.2, OTel OUT agreed."
PRD-18,product-ideation,improvement,low,false,false,xl,high,confirmed,internal/api/handler.go,320,"Async scan jobs/worker model, webhooks, scan scheduling, Helm chart — OUT of 3.0.0; async jobs only in 3.x if API demand appears","The API runs scans synchronously inside the request with a concurrency semaphore and a 30-minute timeout; `--all-tags` sweeps can exceed proxy idle timeouts. An async model (202 + job resource + polling) is the right long-term shape but requires a jobs table (migration 0005), a worker loop, cancellation and retention policy — an l-size subsystem the 2026-09-09 plan explicitly deferred ('adding a major ... service subsystem first would expand the compatibility and testing work'). Webhooks and scheduling presuppose async jobs; a Helm chart presupposes users running the API in Kubernetes, for which there is no evidence yet (docker-compose is the documented deployment). Verdict: async jobs 3.x conditional; webhooks, scheduling, Helm OUT.","internal/api/handler.go:320-336 `select { case h.scanSlots <- struct{}{}: ... default: 429 }` then `scanCtx, cancel := context.WithTimeout(request.Context(), h.options.ScanTimeout)` and a synchronous `h.scanner.ScanAndSave(...)`. README.md:252-253 `LAYERLEAK_API_SCAN_TIMEOUT 30m`, `LAYERLEAK_API_MAX_CONCURRENT_SCANS 1`. docs/plans/2026-09-09-release-readiness.md:18-21.","Record the decision in docs/plans as 'deferred pending demand'. If async is later built: `POST /api/v1/scan-jobs` → 202 `{job_id}`, `GET /api/v1/scan-jobs/{id}`, one in-process worker consuming a `scan_jobs` table with `FOR UPDATE SKIP LOCKED`; keep `POST /api/v1/scans` synchronous for compatibility.","handler.go:320-327 `select { case h.scanSlots <- struct{}{}: ... default: 429 }`, :329-336 `context.WithTimeout(request.Context(), h.options.ScanTimeout)` then synchronous `h.scanner.ScanAndSave`; README.md:252-253 30m / 1 concurrent; plan :17-21 defers 'a major ... service subsystem'. OUT/conditional placement agreed."
PRD-20,product-ideation,docs-drift,low,false,false,xs,high,confirmed,Dockerfile,40,Dockerfile sets LAYERLEAK_FINDINGS_DIR for an image that never writes findings files,"The image contains only the API, migrate, purge and healthcheck binaries; none of them calls the CLI's `writeResultArtifacts`, so `ENV LAYERLEAK_FINDINGS_DIR=/tmp/layerleak/findings` is dead configuration that suggests the API writes result files to /tmp. Clean it up alongside PRD-03.","Dockerfile:40 `ENV LAYERLEAK_FINDINGS_DIR=/tmp/layerleak/findings`; Dockerfile:20-23 builds cmd/api, cmd/migrate, cmd/purge, cmd/healthcheck only. `grep -rn 'writeResultArtifacts|FindingsDir' --include=*.go internal cmd | grep -v _test` shows the only users are internal/config/config.go:53,272 and internal/cli/scan.go:213 / internal/cli/results.go:181,286-287 — nothing under internal/api or cmd/.","Remove Dockerfile:40, docker-compose.yml:46 and the README API-table reference if any; keep .env.example:12 only if it is documented as CLI-only.","Dockerfile:40 `ENV LAYERLEAK_FINDINGS_DIR=/tmp/layerleak/findings`; only cmd/api, migrate, purge, healthcheck are built (:20-23); `FindingsDir` is consumed only by config.go:53,272 and cli (scan.go:213, results.go:181,286-287). Additionally docker-compose.yml:46 `LAYERLEAK_FINDINGS_DIR: ${LAYERLEAK_FINDINGS_DIR:-/tmp/layerleak/findings}` and .env.example:12 propagate the same dead setting to the API service."
PRD-22,product-ideation,test-gap,low,false,false,s,high,confirmed,internal/layers/state.go,120,"Fuzz coverage exists only for the reference parser and the verifying reader; add fuzz targets for the tar replay, detector set, bearer challenge and image-config parsers","For a tool whose threat model is adversarial image content, the parsers that consume untrusted bytes are the tar/whiteout replay, the image config JSON, the `Www-Authenticate` challenge parser and the detector regex set (ReDoS/allocation). Only two fuzz functions and two benchmarks exist. This is not release-blocking, but a 3.0.0 that advertises 'bounded and fail closed' should have fuzz targets running in CI (short budget) for those entry points. Effort s–m.","`grep -rn 'func Fuzz|func Benchmark' --include=*_test.go .` → internal/manifest/integrity_test.go:122 `FuzzVerifyingReader`, internal/manifest/reference_test.go:217 `FuzzParseReference`, internal/layers/state_test.go:693 `BenchmarkReplayDirectoryPrefixChurn`, internal/findings/findings_test.go:469 `BenchmarkDetailedNormalizerManyMatches`. Untrusted-input entry points without fuzz: internal/layers/state.go:120 `Replay`, internal/registry/client.go:366 `parseBearerChallenge`, internal/detectors/detectors.go:164 `Set.Scan`, image config decoding in internal/scanner/scan.go:931 `readConfigBody`.","Add `FuzzReplay` (random tar streams with whiteouts/hardlinks/symlinks under tight limits, asserting no panic and bounds respected), `FuzzParseBearerChallenge`, `FuzzDetectorSetScan` (assert wall-time per input below a threshold to catch ReDoS), `FuzzImageConfig`; run each for 30s in verify.yml on pull requests and nightly for longer. Add `BenchmarkDefaultSetScanCorpus` over internal/scanner/testdata to make detector additions measurable (plan follow-up #3).","`grep -rn 'func Fuzz|func Benchmark' --include=*_test.go .` → exactly FuzzVerifyingReader (manifest/integrity_test.go:122), FuzzParseReference (manifest/reference_test.go:217), BenchmarkReplayDirectoryPrefixChurn (layers/state_test.go:693), BenchmarkDetailedNormalizerManyMatches (findings/findings_test.go:469). Untrusted-input entry points `Replay` (state.go:120), `parseBearerChallenge` (client.go:591, not :366 as quoted), `Set.Scan` (detectors.go:156) and `readConfigBody` (scanner/scan.go:931) have no fuzz targets. 3.x/not blocking agreed."
PRD-25,product-ideation,improvement,low,false,false,s,high,verifier-added,Dockerfile,20,Publish a CLI container image alongside the API image — 3.1,"The scratch image contains only the API and its admin binaries, so there is no supported way to run the scanner in container-only CI (GitLab, Jenkins agents, Tekton) without a Go toolchain. A second build target that copies the module-root binary into a scratch image (same base, same non-root UID, same provenance/signing pipeline) is small and removes the dead `LAYERLEAK_FINDINGS_DIR` ambiguity PRD-20 identifies by giving the CLI its own image where that variable is meaningful.","Dockerfile:20-23 builds `./cmd/api`, `./cmd/migrate`, `./cmd/purge`, `./cmd/healthcheck` only; Dockerfile:48 `ENTRYPOINT [""/usr/local/bin/layerleak-api""]`; README.md:82-84 'The supported distribution paths are the module root above for the CLI and `ghcr.io/brumbelow/layerleak:<published-version>` for the API'.","3.1: add a `cli` stage/target (`--target cli`) producing `ghcr.io/brumbelow/layerleak-cli:<version>` with `ENTRYPOINT [""/usr/local/bin/layerleak""]`, `WORKDIR /work`, `ENV LAYERLEAK_FINDINGS_DIR=/work/findings`, built and signed by the same release job; record both digests in release-manifest.json.",
PRD-26,product-ideation,breaking-change-opportunity,low,false,true,xs,high,verifier-added,internal/detectors/structured.go,142,Detector Name() and emitted detector ids diverge for the structured AWS and git credential detectors — settle the id convention in 3.0.0,"PRD-07 and PRD-14 assume detector ids equal `Detector.Name()`. Two detectors emit sub-ids that never appear as a Name(), so a Name()-based catalog, SARIF rule list or rename table would omit ids that actually show up in `finding.detector_name`, the DB `detectors` array and the Pages docs. Because ids are becoming public API in 3.0.0 (SARIF rules, catalog), this must be decided now.","internal/detectors/structured.go:108 `return ""aws_shared_credentials""` but matches are emitted at :142 `Detector: ""aws_shared_credentials_access_key_id""`, :154 `""aws_shared_credentials_secret_access_key""`, :170 `""aws_shared_credentials_session_token""`; :283 `return ""git_credentials""` but :317 `Detector: ""git_credentials_password""`. `Detector` interface (detectors.go:41-44) exposes only `Name()` and `Scan()`.","Extend the interface with `IDs() []string` (default `[]string{Name()}`), make `Set.Catalog()` iterate emitted ids, and add a test that every id produced by the fixture corpus under internal/scanner/testdata is present in the catalog. Document the sub-ids in the PRD-07 rename table as intentional.",
REG-02,registry-manifest,bug,low,true,false,s,high,downgraded,internal/registry/client.go,765,"ListTags silently stops paginating on any Link header that is not exactly `<url>; rel=""next""`, returning a truncated tag list as success","nextLinkURL splits the raw header on `;` and requires parts[1] to EqualFold `rel=""next""`. A header with several relations (`<a>; rel=""next"", <b>; rel=""prev""`), an unquoted `rel=next` (allowed by RFC 8288), or parameters in a different order (`<a>; type=""application/json""; rel=""next""`) is treated as 'no next page' and ListTags returns nil error. Repository sweeps then report fewer tags than exist with a completed status, violating README's guarantee that incomplete coverage is never reported as a clean scan.","Probe on a copy: `LINK ""</v2/library/app/tags/list?n=2&last=2.0>; rel=\""next\"", </v2/library/app/tags/list?n=2>; rel=\""prev\"""" -> next="""" ok=false err=<nil>`; `LINK ""...; rel=next"" -> ok=false`; `LINK ""...; type=\""application/json\""; rel=\""next\"""" -> ok=false`; end-to-end `LISTTAGS tags=[""1.0"" ""2.0""] err=<nil>` although page 2 held ""3.0"". Code client.go:765-771: `parts := strings.Split(value, "";"") ... if len(parts) > 1 && !strings.EqualFold(strings.TrimSpace(parts[1]), `rel=""next""`) { return """", false, nil }`.","Fix as proposed (RFC 8288 tokenizer over Header.Values(""Link""), select rel containing `next`, return an error for an unparseable Link so jobs marks the sweep partial). Table tests for the four shapes plus a prev-only header.","Code behaviour confirmed by probe: `<a>; rel=""next"", <b>; rel=""prev""` -> ok=false, `rel=next` -> ok=false, `type=...; rel=""next""` -> ok=false, all with nil error, and only the first Link header is read (Header.Get at client.go:297). However the OCI distribution spec and distribution/distribution emit exactly `<url>; rel=""next""`, and the auditor's own open question admits no registry was shown to emit another shape; the repro is synthetic. The silent-truncation failure mode and the fix are valid, but with no evidence of a real registry triggering it this is not release blocking. release_blocking should be false."
REG-04,registry-manifest,reliability,low,false,false,s,high,downgraded,internal/registry/client.go,439,Retries are immediate with no backoff and ignore Retry-After (three back-to-back requests against a 429),executeRequest loops over requestAttempts with no sleep between attempts; isRetryableStatus retries 408/429/5xx immediately. Against Docker Hub rate limiting (429 with Retry-After) this burns the attempt budget within milliseconds and counts extra pulls against the limit; against a struggling registry it adds load at the worst time. 501/505 are also retried although they are never transient.,Probe with a transport always answering 429 + `Retry-After: 30` and RequestAttempts=3: `RETRY requests=3 err=registry request failed: status=429 Too Many Requests` (all three requests issued instantly). client.go:439-443: `if attempt+1 < c.requestAttempts && isRetryableStatus(response.StatusCode) { response.Body.Close(); lastErr = ...; continue }`; client.go:691-698 `default: return statusCode >= 500 && statusCode <= 599`.,"Add exponential backoff with jitter (e.g. 250ms base, doubling, capped) that respects Retry-After (seconds or HTTP-date, capped to a sane maximum) and aborts when ctx is done; exclude 501/505 from retryable statuses; surface the final 429 as a typed error so jobs/API can report `rate_limited`. Add tests asserting a delay occurs between attempts and that Retry-After is honoured/capped.","Confirmed: probe with RequestAttempts=3 against a 429+Retry-After shows 3 requests in 21.9µs; isRetryableStatus(501)=true, (505)=true. But the default RequestAttempts is 2 (client.go:117-120, README), so production impact is a single immediate retry; the cost is bounded. Worth fixing before 3.0.0 but not medium."
REG-06,registry-manifest,security,low,false,false,s,high,confirmed,internal/registry/client.go,360,"Redirect target URLs, including pre-signed CDN query credentials, are echoed verbatim into error messages that reach CLI stderr and CI logs","doRequest wraps *url.Error from http.Client.Do with `perform registry request: %w`; url.Error.Error() embeds the final (post-redirect) URL. Blob fetches on Docker Hub, GHCR, Quay and ECR redirect to S3/CloudFront/Azure pre-signed URLs whose query string (X-Amz-Credential, X-Amz-Signature, sig=...) is a short-lived bearer credential. A connect/TLS failure after the redirect prints that URL. Persisted records and API responses are sanitised (record.go:295-300 storedErrorMessage, handler.go:929-950 sanitizeResultErrors), but the CLI prints err.Error() to stderr (cli/root.go:24-28 via sanitizeProgressValue, which only strips control characters) and progress 'Error' messages, so CI logs capture it; the repository's own tests (TestURLValidationErrorsDoNotEchoUntrustedValues) show the intent to avoid echoing untrusted URLs.","Probe: `REDIRECT-ERR perform registry request: Get ""https://cdn.test/blobs/sha256:aaaa...?X-Amz-Credential=AKIA<redacted>&X-Amz-Signature=SIGNATURE-MARKER"": connection reset by peer`. client.go:358-361: `response, err := c.executeRequest(ctx, method, targetURL, accept, """"); if err != nil { return nil, fmt.Errorf(""perform registry request: %w"", err) }` (same pattern at 388, 401, 490).","In executeRequest/doHTTP unwrap *url.Error and re-wrap as a typed registry error whose message contains only scheme://host[:port]/path (drop query) or just the operation and host, keeping the underlying error via Unwrap for errors.Is checks. Add a test asserting that a redirect target's query string never appears in err.Error().","Probe: OpenBlob following a 302 to `https://cdn.test/blobs/x?X-Amz-Credential=AKIA<redacted>&X-Amz-Signature=SIGNATURE-MARKER` whose dial fails returns `perform registry request: Get ""https://cdn.test/blobs/x?X-Amz-Credential=...&X-Amz-Signature=SIGNATURE-MARKER"": connection reset by peer`. The live REG-01 run shows the CLI printing the full url.Error text both as a progress `Error:` line and on stderr; cli/progress.go:393-398 sanitizeProgressValue only collapses whitespace/control characters, so query strings survive."
REG-07,registry-manifest,bug,low,false,false,s,high,confirmed,internal/registry/client.go,601,WWW-Authenticate parsing splits on commas inside quoted values and reads only the first header,"parseBearerChallenge does `strings.Split(value, "","")` before stripping quotes, so `scope=""repository:app:pull,push""` becomes `repository:app:pull` and a realm such as `https://auth.test/token?x=1,2` is truncated to `?x=1`. Quoted-string escapes (`\""`) are not handled. doRequest uses `response.Header.Get(""Www-Authenticate"")`, so a registry that lists `Basic` first and `Bearer` second (or sends two challenges) is rejected as `unsupported registry auth challenge`. Impact today is mostly narrowed scopes and spurious failures against non-mainstream registries, but the parser is on the untrusted-input boundary.","Probe: `CHALLENGE ""Bearer realm=\""https://auth.test/token\"",service=\""registry.test\"",scope=\""repository:library/app:pull,push\"""" -> {Realm:https://auth.test/token Service:registry.test Scope:repository:library/app:pull}`; `CHALLENGE ""Bearer realm=\""https://auth.test/token?x=1,2\"""" -> {Realm:https://auth.test/token?x=1 ...}`. client.go:601 `pieces := strings.Split(value, "","")`; client.go:613 `rawValue = strings.TrimSpace(strings.Trim(rawValue, `""`))`; client.go:366 `parseBearerChallenge(response.Header.Get(""Www-Authenticate""))`.","Implement an RFC 7235 auth-param tokenizer (token / quoted-string with backslash escapes, comma-separated, whitespace tolerant) and iterate `response.Header.Values(""Www-Authenticate"")`, selecting the first Bearer challenge; reject realms that are not absolute https (already done downstream) and ignore unknown params such as error/error_description. Add table tests covering quoted commas, escaped quotes, multiple challenges, lowercase scheme, and missing realm.","Probe: `scope=""repository:library/app:pull,push""` parses to Scope `repository:library/app:pull`; `realm=""https://auth.test/token?x=1,2""` parses to `https://auth.test/token?x=1`; with headers `Basic ...` then `Bearer ...`, Header.Get returns the Basic one and parseBearerChallenge errors `unsupported registry auth challenge`. client.go:601 and 366 as cited."
REG-08,registry-manifest,bug,low,false,false,xs,high,confirmed,internal/manifest/reference.go,48,"registry-1.docker.io/<name> and mixed-case DOCKER.IO/<name> lose the library/ prefix, producing a canonical docker.io/<name> that does not exist","ParseReference feeds the raw string to distributionreference.ParseNormalizedNamed, which only adds `library/` when the domain is exactly `docker.io`/`index.docker.io`. layerleak then maps `registry-1.docker.io` and any-case `docker.io` to DockerHubRegistry in normalizeRegistry, so the result is Registry=docker.io, Repository=busybox. The scan requests /v2/busybox/manifests/... on Docker Hub (which only knows library/busybox) and the CanonicalString/persisted repository is `docker.io/busybox`, inconsistent with `docker.io/busybox` parsed directly (library/busybox).","Probe: `REF ""registry-1.docker.io/busybox"" -> registry=""docker.io"" repository=""busybox""`; `REF ""DOCKER.IO/busybox"" -> registry=""docker.io"" repository=""busybox""`; versus `REF ""docker.io/busybox"" -> repository=""library/busybox""`. reference.go:43 `named, err := distributionreference.ParseNormalizedNamed(value)`; reference.go:171-178 normalizeRegistry maps `""docker.io"", ""index.docker.io"", ""registry-1.docker.io""` to DockerHubRegistry.","Before calling ParseNormalizedNamed, lowercase the domain component and rewrite registry-1.docker.io/index.docker.io to docker.io (or, after parsing, when normalizeRegistry yields docker.io and the path has no '/', prepend `library/`). Add the three inputs above to TestParseReference.","Probe: `registry-1.docker.io/busybox` -> repository `busybox`, canonical `docker.io/busybox`; `DOCKER.IO/busybox` -> `busybox`; whereas `docker.io/busybox` and `index.docker.io/busybox` -> `library/busybox`. distribution/reference only applies the library/ rule when the domain is exactly docker.io/index.docker.io; layerleak's normalizeRegistry (reference.go:171-178) then collapses the alias after the fact. The existing test at reference_test.go:43 only covers `registry-1.docker.io/library/busybox` (explicit library/), so the gap is untested."
REG-09,registry-manifest,bug,low,true,false,xs,high,confirmed,internal/scanner/scan.go,1004,"Root manifest/index is JSON-parsed before its digest is verified, contradicting SECURITY.md's 'verified before parsing or scanning' claim","verifyRootDocument calls manifest.ParseDocument (two json.Unmarshal passes) and ValidateDocument first and only reaches VerifyDescriptorBytes at line 1050. For `image@sha256:...` references the expected digest is known up front, and for tag references the registry's Docker-Content-Digest is available before parsing, yet untrusted bytes are decoded first. Child manifests (scan.go:496-499) and config blobs (982 then 365) do verify before parsing, so the root document is the one inconsistency. Risk is bounded (body already limited by MaxManifestBytes) but the published security statement is currently false for this path.","scan.go:1004 `document, err := manifest.ParseDocument(response.MediaType, response.Body)` ... scan.go:1050 `if err := manifest.VerifyDescriptorBytes(rootDescriptor, response.Body, response.MediaType, false)`. SECURITY.md:64-65: `OCI content is verified against advertised sha256 or sha512 digests before parsing or scanning`.","Reorder as proposed but note VerifyDescriptorBytes also checks media type; at the pre-parse stage build the descriptor with MediaType = response.MediaType (or call ValidateDigest + size + DigestBytes directly) and perform the VerifyMediaType(document mediaType vs response.MediaType) check after parsing. Test: digest reference + invalid JSON body must yield descriptor_digest_mismatch, not invalid_manifest_document.","scan.go:1004 ParseDocument, 1014 ValidateDocument, 1022 VerifyMediaType all precede VerifyDescriptorBytes at 1050; child manifests (496-499) and config blobs (982 before 365) verify first, so the root is the inconsistency. SECURITY.md:64-65 states verification happens 'before parsing or scanning'. For tag references the only pre-parse digest is the untrusted Docker-Content-Digest header, so the guarantee is only meaningful for digest references, but the reorder is xs and makes the statement true; keeping release_blocking=true is consistent with rule 4 (doc false at release time) given the trivial fix or the alternative of amending SECURITY.md."
REG-10,registry-manifest,docs-drift,low,false,false,xs,high,confirmed,README.md,219,"README allowlist paragraph omits two behaviours: port-less entries never match explicit-port URLs, and allowlisting is what unlocks plain http for that host","README says entries accept 'an exact DNS hostname or IPv4 address, optionally with a port'. In code the match key is the URL's literal host plus its explicit port only (canonicalURLHost), so `localhost` does not cover `localhost:5000/foo` and `registry.internal:443` does not cover `https://registry.internal/`; users following the README will hit `non-public registry address 127.0.0.1 is not allowed`. Separately, NewClient enables `http://` endpoints and redirects only for allowlisted hosts (allowConfiguredHTTP, validateOutboundURL) and otherwise fails with `http registry endpoint ... must be explicitly allowlisted`; neither README (219-223, 216-217) nor web/docs/index.html:249-252 nor .env.example:35-41 mention that TLS is otherwise mandatory or that an allowlist entry also permits http. Accepted-syntax claims (schemes/paths/credentials/wildcards/unbracketed IPv6 rejected) match config.normalizeAllowedHost and were verified.","Probe: `ALLOWLIST localhost vs https://localhost:5000 -> non-public registry address 127.0.0.1 is not allowed`; `ALLOWLIST localhost:443 vs https://localhost -> non-public registry address 127.0.0.1 is not allowed`. client.go:1005-1014 canonicalURLHost: `if value.Port() == """" { return host }; return net.JoinHostPort(host, value.Port())`; client.go:106 `allowConfiguredHTTP := len(registryAllowlist) > 0 || len(authAllowlist) > 0`; client.go:895-897 `if parsed.Scheme == ""http"" && !c.hostAllowed(parsed, kind) { return fmt.Errorf(""http is allowed only for an explicitly allowlisted private %s host"", kind) }`. README.md:219-223 quoted text: 'Entries accept an exact DNS hostname or IPv4 address, optionally with a port, or bracketed IPv6 with a port.'","Either normalise ports in canonicalURLHost/normalizeHostAllowlist (treat missing port as 443 for https/80 for http so `localhost:443` and `localhost` are equivalent) and document 'host:port must match the port the scanner connects to', or keep exact semantics and add a sentence: 'An entry without a port matches only URLs without an explicit port; localhost:5000 must be listed as localhost:5000.' Add: 'Allowlisted hosts may also be reached over plain http (LAYERLEAK_REGISTRY_BASE_URL=http://...); all other destinations require TLS 1.2+ with a verifiable certificate.' Mirror in web/docs/index.html and .env.example.","canonicalURLHost (client.go:1005-1014) keys on literal host plus explicit port only, so `localhost` never matches `https://localhost:5000` and `host:443` never matches `https://host/`; validateOutboundURL 895-897 only permits http for allowlisted hosts. README:219-223 and .env.example:35-37 describe accepted syntax but neither mentions port-matching semantics or that allowlisting unlocks plain http. web/docs/index.html:249-253 likewise. The auditor's probe outputs are consistent with the code; I did not need to re-run them."
REG-11,registry-manifest,bug,low,false,false,s,high,confirmed,internal/manifest/integrity.go,155,"ValidateImageIndex rejects legal index entries (nested indexes, non-image artifact manifests), failing the whole scan","Every entry of index.manifests must satisfy IsManifestMediaType, so an OCI 1.1 index that contains a nested `application/vnd.oci.image.index.v1+json` child, a Docker manifest list child, or an artifact descriptor (Helm, SBOM referrers pushed into the index) fails validation as invalid_manifest_document/descriptor_media_type_mismatch before any platform is scanned. SelectDescriptors already knows how to skip non-scannable entries (IsScannableManifestDescriptor), so validation is stricter than selection.","Probe: `INDEX+nested-index ValidateImageIndex err=descriptor_media_type_mismatch for ""manifest[1]"": expected ""supported OCI media type"", got ""application/vnd.oci.image.index.v1+json""`; `INDEX+helm-artifact ... got ""application/vnd.cncf.helm.config.v1+json""`; `INDEX+docker-list ... got ""application/vnd.docker.distribution.manifest.list.v2+json""`. integrity.go:154-156: `for index, descriptor := range value.Manifests { if err := validateDescriptor(descriptor, IsManifestMediaType, ...)`.",In ValidateImageIndex validate digest/size/platform syntax for every entry but require a supported media type only for entries that IsScannableManifestDescriptor would select; optionally descend one level into nested indexes (bounded) or record a `manifest_skipped_unsupported_media_type` diagnostic. Add tests for nested-index and artifact entries.,"Probe: index with a nested `application/vnd.oci.image.index.v1+json` entry -> `descriptor_media_type_mismatch for ""manifest[1]""`; Helm config media type -> same. integrity.go:154-156 applies IsManifestMediaType to every entry and verifyRootDocument (scan.go:1014) runs it before SelectDescriptors, so the whole scan fails before any platform is selected. Nested indexes are rare in practice; low is right."
REG-13,registry-manifest,bug,low,false,false,xs,high,confirmed,internal/manifest/document.go,440,"Media-type comparison is case-inconsistent between document.go and integrity.go, and ParseDocument echoes the untrusted Content-Type header into its error","normalizeMediaType (used by IsIndexMediaType/IsManifestMediaType/IsLayerMediaType/LayerCompression) strips parameters but does not lowercase, whereas MediaTypeBase (used by VerifyMediaType/validation error text) lowercases via mime.ParseMediaType. Media types are case-insensitive per RFC 2045, so `Application/vnd.oci.image.manifest.v1+json` passes VerifyMediaType but fails IsManifestMediaType, producing contradictory verdicts on the same value. ParseDocument's default branch formats the raw header into the error (`unsupported manifest media type: %s`), contrary to the repository's no-echo convention; today the scanner wraps it as IntegrityError.Cause so it is reachable only via Unwrap, but a future `%v` print would leak header contents.","Probe: `MEDIATYPE IsManifestMediaType(""Application/vnd.oci.image.manifest.v1+json"")=false VerifyMediaType(lower, upper)=<nil>`; `SCHEMA1 ParseDocument err=unsupported manifest media type: application/vnd.docker.distribution.manifest.v1+prettyjws; MARKER`. document.go:440-449 normalizeMediaType has no ToLower; integrity.go:186-188 `return strings.ToLower(parsed)`; document.go:155 `return Document{}, fmt.Errorf(""unsupported manifest media type: %s"", mediaType)`.","Replace normalizeMediaType with MediaTypeBase (single canonicalisation), and change the ParseDocument error to a fixed message (or an IntegrityError with the quoted/bounded value via safeIntegrityField). Add a test that mixed-case media types are accepted consistently and that error text does not contain a marker from the header.","Probe: IsManifestMediaType(""Application/vnd.oci.image.manifest.v1+json"")=false while VerifyMediaType(lower, upper)=nil; ParseDocument default branch returns `unsupported manifest media type: application/vnd.docker.distribution.manifest.v1+prettyjws; MARKER` echoing the raw header. document.go:440-449 vs integrity.go:179-189 as cited. Practical impact is small because body mediaType fields are canonical, hence low."
REG-14,registry-manifest,security,low,false,false,xs,high,confirmed,internal/registry/client.go,1122,isNonPublicAddress classifies deprecated site-local fec0::/10 and IPv4-compatible ::/96 addresses as public,"The prefix table covers RFC 1918, CGNAT, TEST-NETs, 240/4, ULA, link-local, NAT64, 6to4, Teredo, documentation and benchmarking space, and IPv4-mapped addresses are unmapped, but the deprecated site-local range fec0::/10 (still routed in some legacy enterprise networks) and the IPv4-compatible range ::/96 (e.g. ::7f00:1) are not listed and pass IsGlobalUnicast. Practical exploitability is low (Linux does not translate ::/96 to IPv4 and fec0::/10 is rare) but both are non-public by definition and cheap to block.","Probe: `ADDR ::7f00:1 nonPublic=false`; `ADDR fec0::1 nonPublic=false` (while `::ffff:10.0.0.1`, `0.0.0.0`, `224.0.0.1`, `::`, `169.254.169.254`, `100.127.255.255` are correctly true). client.go:1122-1151 nonPublicAddressPrefixes lacks `fec0::/10` and `::/96`.","Append netip.MustParsePrefix(""fec0::/10"") and netip.MustParsePrefix(""::/96"") to nonPublicAddressPrefixes and extend TestNonPublicAddressClassification with `::7f00:1` and `fec0::1`.","Probe: isNonPublicAddress(::7f00:1)=false, (fec0::1)=false, while ::ffff:10.0.0.1, 255.255.255.255, 224.0.0.1 and :: are correctly true. netip.Addr.IsGlobalUnicast returns true for site-local and IPv4-compatible addresses, and neither prefix is in nonPublicAddressPrefixes (client.go:1122-1151)."
REG-15,registry-manifest,reliability,low,false,false,xs,medium,confirmed,internal/registry/client.go,252,Blob requests have no response-header deadline: a registry that accepts the connection but never answers holds the scan until the full BlobTimeout,"OpenBlob deliberately skips withRequestTimeout so the body stream is not cut, but nothing bounds the time to first byte: the per-request transport clone sets only a 30 s dial timeout (hard-coded, independent of LAYERLEAK_HTTP_TIMEOUT) and leaves ResponseHeaderTimeout at 0. A stalled or black-holed blob endpoint (or a redirect target that hangs) therefore consumes the entire LAYERLEAK_BLOB_TIMEOUT (default 10 m) per layer before failing, and the retry loop cannot help because the attempt never returns.","client.go:252 `response, err := c.doRequest(ctx, http.MethodGet, c.BlobURL(repository, digest), """", repository)` (no withRequestTimeout, by design); client.go:1074 `transport.DialContext = (&net.Dialer{Timeout: 30 * time.Second, KeepAlive: 30 * time.Second}).DialContext`; probe `BASE ... TLSHandshakeTimeout=10s ResponseHeaderTimeout=0s`.","Set transport.ResponseHeaderTimeout (and TLSHandshakeTimeout when the base leaves it 0) to c.requestTimeout when configured, and derive the dial timeout from it instead of a constant; keep the body stream bounded by the caller's BlobTimeout. Add a test with a transport that delays headers beyond RequestTimeout on a blob request and assert a timely failure.","OpenBlob (client.go:252) passes the caller ctx without withRequestTimeout; hardenHTTPClient clones the base transport (DefaultTransport: ResponseHeaderTimeout 0, TLSHandshakeTimeout 10s) and pinnedTransport only sets a hard-coded 30 s Dialer (1074). Nothing bounds time-to-first-byte except the scanner's BlobTimeout (scan.go:407-408, default 10m). Verified by code reading; the auditor's BASE probe output is consistent with Go's DefaultTransport values."
REG-16,registry-manifest,improvement,low,false,true,s,high,confirmed,internal/registry/client.go,414,"Registry HTTP failures are untyped strings, so a missing image (registry 404) is reported by the API as 502 scan_failed and cannot be distinguished from upstream outages or 429 rate limits","checkResponse returns `fmt.Errorf(""registry request failed: status=%d %s"", ...)` with no type or sentinel; fetchToken does the same for auth failures. Downstream, api/handler.go classifyScanError falls through to `default: return http.StatusBadGateway, ""scan_failed""`, and jobs.scanRepository can only record the string. Operators cannot tell 'tag does not exist' (client error) from 'registry down' (retryable), and the CLI cannot choose exit codes accordingly. No production code string-matches these messages (verified), so introducing a type is safe.","client.go:408-415 `return nil, fmt.Errorf(""registry request failed: status=%d %s"", response.StatusCode, http.StatusText(response.StatusCode))`; client.go:495 `return """", fmt.Errorf(""auth request failed: status=%d %s"", ...)`; internal/api/handler.go:741-742 `default: return http.StatusBadGateway, ""scan_failed"", ""the registry scan could not be completed""`.","Add `type StatusError struct{ Method, Host string; StatusCode int; Auth bool }` with Error()/Is helpers (e.g. IsNotFound, IsUnauthorized, IsRateLimited), return it from checkResponse/fetchToken, and map it in classifyScanError (404/401 on manifests → 404 or 422 `image_not_found`/`registry_unauthorized`, 429 → 429/503 `registry_rate_limited`, 5xx → 502). Use the same type in isRetryableStatus decisions and jobs TagResult status. Document the new API error codes in openapi.yaml as part of 3.0.0.",client.go:414 and 495 return plain fmt.Errorf strings; api/handler.go:744-745 maps anything unclassified to 502 scan_failed. Verified no production code string-matches these messages (grep for `registry request failed|status=%d|auth request failed` hits only client.go and a test). Introducing a typed error is safe; API error-code additions are a documented 3.0.0 change.
REG-17,registry-manifest,breaking-change-opportunity,low,false,true,s,high,confirmed,internal/registry/client.go,139,NewClient swallows configuration errors until the first request and endpoint overrides are not validated at startup; v3 should return errors from construction,"NewClient joins base/auth URL parse errors, allowlist errors, scheme/allowlist mismatches and transport problems into client.configErr and only returns it from doRequest. config.Load reads LAYERLEAK_REGISTRY_BASE_URL/AUTH_URL with envOrDefault and no validation, and scanservice builds a client per scan, so an API server with `LAYERLEAK_REGISTRY_BASE_URL=htps://...` or an http override without an allowlist starts healthy and fails every scan with 502. Options.AllowPrivateHosts is a test-only override exposed on the production struct (its doc string says so in the transport error). A major release is the natural moment to change the constructor signature.","client.go:139 `configErr: errors.Join(baseErr, authErr, registryAllowlistErr, authAllowlistErr)`; client.go:351-353 `if c.configErr != nil { return nil, c.configErr }`; client.go:1027 `fmt.Errorf(""custom registry transport requires explicit AllowPrivateHosts test override"")`; internal/config/config.go:245-246 `RegistryBaseURL: envOrDefault(""LAYERLEAK_REGISTRY_BASE_URL"", """"), RegistryAuthURL: envOrDefault(""LAYERLEAK_REGISTRY_AUTH_URL"", """")`.","Change to `NewClient(options Options) (*Client, error)`, validate LAYERLEAK_REGISTRY_BASE_URL/AUTH_URL (scheme, host, no query/userinfo, http only with allowlist) in config.Load so the API refuses to start or /readyz fails, move AllowPrivateHosts behind an unexported test hook (e.g. an internal option set only from _test.go), and replace ad-hoc limits.Kind(""auth_response_bytes"")/(""auth_token_cache_entries"") strings with exported constants. Update scanservice.registryClient to propagate the error.","client.go:139 joins construction errors into configErr, returned only at doRequest (351-353); config.go:245-246 reads LAYERLEAK_REGISTRY_BASE_URL/AUTH_URL with envOrDefault and no validation; scanservice/service.go:159-181 builds a client per scan and cannot propagate an error. Fix is appropriate for a major version."
REG-18,registry-manifest,ci,low,false,false,xs,high,confirmed,internal/registry/client.go,1075,"golangci-lint (default config) reports 8 issues in the area: unchecked Body.Close errors, deprecated DialTLS assignment, a tautological MaxInt64 comparison and a De Morgan simplification","CI runs only `go vet` and revive (verify.yml:56-57, revive.toml), so these are not caught. errcheck: client.go:187, 211, 299, 391 and client_test.go:164 ignore Body.Close() errors; staticcheck SA1019: client.go:1075 assigns the deprecated Transport.DialTLS; SA4003: limits.go:80 `if limit >= math.MaxInt64` can only be equality; QF1001: client.go:852 double negation. None change behaviour, but adopting golangci-lint before 3.0.0 is cheap and the deprecated field will eventually be removed.","`golangci-lint run ./internal/registry/... ./internal/manifest/... ./internal/limits/...` → `client.go:187:27: Error return value of response.Body.Close is not checked (errcheck)` (also 211, 299, 391, client_test.go:164), `limits.go:80:5: SA4003: no value of type int64 is greater than math.MaxInt64 (staticcheck)`, `client.go:852:33: QF1001: could apply De Morgan's law`, `client.go:1075:2: SA1019: transport.DialTLS has been deprecated since Go 1.14` — `8 issues: errcheck: 5, staticcheck: 3`.","As proposed, plus either wire revive into verify.yml or delete revive.toml when adopting golangci-lint (which can run revive as a linter).","Re-ran `golangci-lint run ./internal/registry/... ./internal/manifest/... ./internal/limits/...`: identical 8 issues (errcheck x5 incl. client_test.go:164, SA4003 limits.go:80, QF1001 client.go:852, SA1019 client.go:1075). One correction to the description: revive is not run in CI either; grep of .github/ for `revive|golangci` finds nothing and verify.yml:57 runs only `go vet ./...`, so revive.toml is currently dead configuration."
REG-20,registry-manifest,migration-edit,low,true,true,xs,high,confirmed,internal/registry/client.go,21,Two internal import lines in the registry package must move to the /v3 module path,"When go.mod becomes `module github.com/brumbelow/layerleak/v3`, the only in-area imports of the module's own packages are client.go lines 21-22 (`internal/limits`, `internal/manifest`) and client_test.go line 17 (`internal/manifest`). internal/manifest and internal/limits import only stdlib and third-party modules (distribution/reference, go-digest), so they need no edits beyond what gofmt/goimports would keep.","client.go:21-22 `""github.com/brumbelow/layerleak/internal/limits""` / `""github.com/brumbelow/layerleak/internal/manifest""`; client_test.go:17 `""github.com/brumbelow/layerleak/internal/manifest""`; reference.go:9-10 imports only `github.com/distribution/reference` and `github.com/opencontainers/go-digest`.",Rewrite the three import paths to `github.com/brumbelow/layerleak/v3/internal/...` in the same commit as the go.mod module line change (a repo-wide `gofmt -r`/sed for the prefix `github.com/brumbelow/layerleak/internal/` → `github.com/brumbelow/layerleak/v3/internal/` covers them); re-run `go build ./... && go test ./internal/registry/ ./internal/manifest/ ./internal/limits/`.,"grep `github.com/brumbelow/layerleak/` across internal/registry, internal/manifest, internal/limits returns exactly client.go:21, client.go:22 and client_test.go:17. Required for the /v3 move; release blocking as stated."
REG-21,registry-manifest,reliability,low,false,false,s,high,verifier-added,internal/registry/client.go,434,"Retry attempts share one RequestTimeout deadline, so a slow or black-holed first attempt never gets a retry (dial timeout 30 s == default LAYERLEAK_HTTP_TIMEOUT 30 s)","FetchManifest/ResolveManifest/ListTags/fetchToken wrap the whole call in withRequestTimeout (client.go:176-177, 203, 286, 468) and executeRequest loops inside that single context. isRetryableRequestError returns false as soon as ctx.Err() != nil (672-678), so any attempt that consumed the deadline (a stalled dial, TLS handshake or slow headers) is never retried; only attempts that fail fast are. With the hard-coded 30 s Dialer timeout (1074) equal to the default LAYERLEAK_HTTP_TIMEOUT of 30s, a black-holed registry address exhausts the request deadline on the first attempt and LAYERLEAK_REGISTRY_REQUEST_ATTEMPTS never has an effect for the most common transient failure. Not documented in README (it says only 'Attempts including the first request').","Scratchpad probe: transport that blocks until r.Context().Done() then returns a net timeout, RequestAttempts=3, RequestTimeout=30ms -> `DEADLINE-SHARED requests=1 err=... dial: i/o timeout`; transport that fails instantly with the same error -> `FAST-FAIL requests=3`. client.go:676-678: `if ctx != nil && ctx.Err() != nil { return false }`; client.go:1074: `net.Dialer{Timeout: 30 * time.Second, ...}`.","Apply the request timeout per attempt inside executeRequest (derive attemptCtx from the caller's ctx for each attempt) while keeping the caller's ctx as the overall cap, and make the dial timeout a fraction of the request timeout (or configurable) so a dial timeout can be retried; alternatively document that attempts share a single deadline. Add a test asserting a second attempt occurs after a first attempt that times out.",
REG-22,registry-manifest,improvement,low,false,false,xs,high,verifier-added,internal/registry/client.go,424,"No User-Agent header: registries see the generic Go default, so layerleak traffic cannot be identified or allowlisted in registry logs","executeRequest sets only Accept and Authorization; Go then sends `Go-http-client/1.1` (or `/2.0`). Registry operators and Docker Hub rate-limit dashboards cannot attribute requests to layerleak, some WAF policies throttle the generic Go UA, and the project cannot be contacted about abusive traffic. A 3.0.0 release is the natural moment to introduce `User-Agent: layerleak/<version>`.","`grep -rn ""User-Agent"" --include=*.go .` -> no matches. client.go:424-429: only `request.Header.Set(""Accept"", ...)` and `request.Header.Set(""Authorization"", ...)`.","Add Options.UserAgent (default `layerleak/<cli.Version>`), set it in executeRequest for registry and auth requests, and pass the version from cli/scanservice. Assert the header in an existing client test.",
REG-23,registry-manifest,improvement,low,false,false,m,high,verifier-added,internal/registry/client.go,488,No way to supply registry credentials: private images cannot be scanned at all (Basic auth on the token endpoint is unsupported),"fetchToken issues the token request anonymously and there is no Options field, env variable or flag for a username/password, bearer token or docker config.json credential helper. README:7 scopes the product to public images, which is consistent, but it is the single largest product gap for CI users who want to scan their own private images before pushing, and a major version is the moment to add it. Any implementation must keep the existing no-echo and allowlist invariants (credentials only sent to the validated realm/registry host, never logged).","client.go:488: `response, err := c.executeRequest(requestCtx, http.MethodGet, parsedRealm.String(), """", """")` (no Authorization on the token request); Options struct (client.go:32-46) has no credential fields; README.md:7: `It resolves public image`.","Add optional LAYERLEAK_REGISTRY_USERNAME/LAYERLEAK_REGISTRY_PASSWORD (or a --registry-credentials-file / docker config lookup keyed by registry host) that sets Basic auth on the token-endpoint request and, for registries without a token service, on registry requests to the configured base host only; strip on redirects like Bearer today; never persist or log; document in README and SECURITY.md threat model.",
REG-24,registry-manifest,docs-drift,low,false,false,xs,high,verifier-added,web/docs/index.html,243,Web docs tell users to set LAYERLEAK_REGISTRY_BASE_URL to force traffic 'through a proxy'; that is not a proxy mechanism and the real proxy path (HTTPS_PROXY) is broken,"The 'Registry overrides' bullet says the base/auth URL overrides are for 'forcing traffic through a proxy or alternate auth endpoint'. A base-URL override only changes the host that receives `/v2/<repo>/...` requests and still follows the registry's own WWW-Authenticate realm and blob redirects, so it cannot route Docker Hub traffic through a forward proxy; a user following this advice will point the scanner at a proxy host that returns 404 for /v2 paths. Meanwhile standard HTTPS_PROXY support, which README never mentions, fails per REG-01. At release the sentence is misleading.",web/docs/index.html:243-246: `<code>LAYERLEAK_REGISTRY_BASE_URL</code> and <code>LAYERLEAK_REGISTRY_AUTH_URL</code> are optional. Leave them unset unless forcing traffic through a proxy or alternate auth endpoint.`; `grep -n -i proxy README.md` -> no matches; client.go:163-173 builds /v2 paths on the base URL.,"Reword to 'unless pointing at a pull-through mirror or alternate registry/auth endpoint' and, once REG-01 is fixed, add a short 'Proxies' paragraph to README and the web docs stating that HTTPS_PROXY/NO_PROXY are honoured and that the proxy then performs egress control.",
DB-05,storage-migrations,reliability,low,false,false,xs,high,confirmed,internal/storage/storage.go,270,"PostgresConfig.withDefaults leaves MaxIdleConns at 0, so a bare config keeps no idle connections","withDefaults fills MaxOpenConns, lifetimes and timeouts but not MaxIdleConns. database/sql's SetMaxIdleConns(0) means 'retain no idle connections', so every statement outside an open transaction dials a new TCP/TLS connection and re-authenticates. The API, CLI and purge binaries happen to pass config.DatabaseMaxIdleConns (default 5), so production is unaffected, but any other caller (tests, future tooling, third-party embedding of the package) silently gets the worst pool behaviour, and TestPostgresConfigDefaults enshrines 0 as the expected default.",storage.go:270-287 withDefaults sets MaxOpenConns/ConnMaxLifetime/ConnMaxIdleTime/QueryTimeout/WriteTimeout only; postgres.go:43 `db.SetMaxIdleConns(config.MaxIdleConns)`. Probe TestProbeDefaultMaxIdleConns after three ListRepositories calls: `default pool after 3 queries: Open=0 Idle=0 InUse=0 MaxOpen=10`. storage_test.go:97 asserts `config.MaxIdleConns != 0` is a failure.,"In withDefaults set MaxIdleConns to min(2, MaxOpenConns) when it is 0 (or mirror config.go's default of 5 capped at MaxOpenConns), and update TestPostgresConfigDefaults. Alternatively document that MaxIdleConns=0 is intentional, but the current asymmetry with config.go (default 5) suggests it is not.","withDefaults (storage.go:270-287) never sets MaxIdleConns; postgres.go:43 passes it straight to SetMaxIdleConns, where <=0 means retain no idle connections. Probe with a bare PostgresConfig after three ListRepositories calls: `Open=0 Idle=0 MaxOpen=10 MaxIdleClosed=5`, i.e. every statement dialed and dropped a connection. storage_test.go:97 asserts MaxIdleConns==0. Production callers (api/run.go:37, cli/storage.go:19, cmd/purge/main.go:49) pass config.DatabaseMaxIdleConns (default 5), so impact is limited to other embedders."
DB-06,storage-migrations,reliability,low,false,false,s,high,confirmed,internal/storage/admin.go,59,"PurgeRawSecrets is one unbatched transaction bounded by the write timeout, blocks all writers meanwhile, and docs omit post-purge VACUUM/backup residue","The purge takes the exclusive advisory lock (blocking every SaveScan, which takes the shared lock) and runs two whole-table UPDATEs in a single transaction under withTimeout(ctx, writeTimeout) (2m default). On a large finding_occurrences table the UPDATE can exceed the deadline, roll back, and leave zero progress while having stalled writers for two minutes; the operator has no --dry-run to size the job (CountRawSecrets exists but is only used at API startup). Separately, an UPDATE does not remove raw material from dead tuples, WAL, replicas or backups until VACUUM and backup rotation; README:313 says the command 'clears' the columns and SECURITY.md mentions backups generically, but neither says VACUUM/rotate after purging.","admin.go:45 `ctx, cancel := withTimeout(ctx, s.writeTimeout)`; admin.go:55-66 exclusive `pg_advisory_xact_lock($1)` then `UPDATE findings SET value = '' WHERE value <> ''` and `UPDATE finding_occurrences SET raw_snippet = '' WHERE raw_snippet <> ''` in one tx; postgres.go:163 SaveScan takes `pg_advisory_xact_lock_shared($1)` on the same key. cmd/purge/main.go:27 offers only `--confirm`. README.md:312-313 'The purge command requires --confirm, serializes concurrent purge attempts, and clears only findings.value and finding_occurrences.raw_snippet'; no mention of VACUUM in README.md, SECURITY.md or docs/ (grep -i vacuum returned nothing).","Purge in id-range batches (e.g. 5,000 rows per transaction, each taking the exclusive lock briefly or keeping it session-level while committing per batch) with its own LAYERLEAK_PURGE_TIMEOUT, print running totals, and add `--dry-run` that prints CountRawSecrets. In README/SECURITY add: after purge run `VACUUM (FULL)`/pg_repack on findings and finding_occurrences (or accept autovacuum delay), rotate/expire backups and WAL archives that predate the purge, and repeat on replicas.","admin.go:45 bounds the purge by writeTimeout; :55 takes pg_advisory_xact_lock(key) exclusive while SaveScan takes the shared form on the same key (postgres.go:163); :59 and :63 are single whole-table UPDATEs in one transaction. cmd/purge/main.go:27 offers only --confirm. README.md:312-313 wording confirmed; grep -i vacuum over README.md, SECURITY.md and docs/ returns nothing."
DB-08,storage-migrations,compat,low,false,true,s,high,confirmed,internal/storage/migrate.go,1020,Exact-version readiness forbids rolling upgrades and app-only rollbacks; 3.0.0 should state the policy explicitly,"checkSchemaVersion requires the ledger to equal exactly [0001..0004]; RunMigrations rejects any unknown version. Consequences: once a future 0005 is applied, every older API replica becomes unready and an older migrate binary refuses to run, so upgrades must be 'migrate, then replace all replicas' with no overlap, and rolling back the application requires running the down migration first. This is defensible (and README/openapi say 'exact schema version 0004'), but it is undocumented as a policy and it is the kind of contract a major release should either commit to or relax (e.g. accept newer, unknown versions as long as required objects exist).","migrate.go:1020-1022 `if !slices.Equal(versions, expectedVersions) { return fmt.Errorf(""database schema ledger has versions %v, expected %v; run layerleak-migrate-up"", ...) }`; migrate.go:231-233 `return fmt.Errorf(""database contains unknown migration version %s"", version)`. Probe with a 0005 row: `checkSchemaVersion with 0005 present -> database schema ledger has versions [0001 0002 0003 0004 0005], expected [0001 0002 0003 0004]` and `RunMigrations(older binary) with 0005 present -> database contains unknown migration version 0005`. README.md:330 and web/docs/openapi.yaml:54 document the exact-version behaviour.","Decide for 3.0.0 and document in README (Storage) and RELEASING: either (a) keep strict pinning and write the upgrade runbook 'stop/scale-down API -> migrate -> deploy new API; to roll back the app, apply the down migration first', or (b) make readiness accept ledger versions greater than CurrentSchemaVersion as long as validateSchemaContract(CurrentSchemaVersion) passes, keeping RunMigrations strict. Either way add the test from DB-07 that pins the chosen behaviour.","Probe with a 0005 ledger row: checkSchemaVersion -> `database schema ledger has versions [0001 0002 0003 0004 0005], expected [0001 0002 0003 0004]; run layerleak-migrate-up`; RunMigrations -> `database contains unknown migration version 0005` (migrate.go:1020-1022 and :231-233). README.md:330 and openapi.yaml:54 document exact version 0004."
DB-09,storage-migrations,improvement,low,false,false,m,high,confirmed,cmd/migrate/main.go,22,Admin binaries lack status/dry-run/down/retention operations that a 3.0.0 operator toolset should have,"layerleak-migrate-up accepts no arguments: there is no `status` (print ledger vs files), no `--dry-run`, no `down` (the .down.sql files exist and are tested only as a full apply-then-rollback, and can only be run by hand with psql, bypassing the ledger), and no `--version`. layerleak-purge-raw-secrets has no `--dry-run` (see DB-06). There is no retention/prune command even though scan_runs.result_json stores a full redacted result per scan (several MB for a 10k-finding scan) and nothing ever deletes scan_runs, stale tags, or repositories.","cmd/migrate/main.go:23 `if len(os.Args) != 1 { return fmt.Errorf(""layerleak-migrate-up does not accept arguments"") }`; migrations/*.down.sql exist but grep 'down.sql' in internal/storage/migrate.go returns nothing (loader pattern is `\.up\.sql$`, migrate.go:24); cmd/purge/main.go:27 defines only `--confirm`; postgres.go:480-538 inserts a scan_runs row with `result_json` on every SaveScan; no DELETE FROM scan_runs anywhere in internal/storage.","Add subcommands or flags to the migrate binary: `status`, `--dry-run`, `down --to 000N` that runs the matching .down.sql inside a transaction and deletes ledger rows (or explicitly document that downs are psql-only), and `--version`. Add `--dry-run` to purge. Add a `layerleak-prune` (or `purge --scan-runs-older-than 90d`) command with an index on scan_runs(scanned_at) to bound table growth. Update README/RELEASING accordingly.","cmd/migrate/main.go:23 rejects any argument; migrationFilenamePattern (migrate.go:24) only matches .up.sql so downs are never loaded; cmd/purge/main.go:27 defines only --confirm; grep for `DELETE FROM scan_runs|repositories|manifests` in internal/ and cmd/ (non-test) returns nothing, so nothing ever prunes scan_runs.result_json."
DB-10,storage-migrations,reliability,low,false,false,s,medium,confirmed,internal/storage/migrate.go,584,Schema detection mixes search_path-resolved to_regclass() with current_schema()-scoped catalog queries,"tableExistsContext uses `to_regclass($1)`, which resolves through the full search_path, while columnExistsContext, requireSchemaColumns, requireSchemaConstraints, requireSchemaIndexes and indexExistsContext filter on `current_schema()` (the first existing schema in search_path). If the tables live in a later search_path entry (e.g. search_path=app,public with data in public), table existence passes but column checks fail, producing misleading 'partial legacy migration 0002 detected' / 'legacy schema is missing X' errors, and `CREATE TABLE schema_migrations` lands in the first schema rather than beside the data.",migrate.go:584 `SELECT to_regclass($1) IS NOT NULL`; migrate.go:596 `WHERE table_schema = current_schema()`; migrate.go:694 `WHERE namespace_row.nspname = current_schema()`; migrate.go:783 same; migrate.go:899 same; migrate.go:107 `CREATE TABLE schema_migrations (...)` unqualified.,"Resolve the target schema once (`SELECT current_schema()`) and use it everywhere: `to_regclass(format('%I.%I', schema, table))` for table/constraint existence, schema-qualified CREATE TABLE for the ledger, and the same schema in every catalog query; or switch all existence checks to pg_class/pg_namespace filtered on that schema. Also read the ledger with a schema-qualified name so a foreign schema_migrations on the search_path is ignored rather than misread. Add the two probe scenarios as integration tests.","Raised from medium to high confidence by two probes. (1) Migrated schema in layerleak_test, empty schema layerleak_first, DSN search_path=layerleak_first,layerleak_test: both NewPostgresStore(RequireSchema) and RunMigrations fail with `database schema ledger says 0004, but required schema objects are missing: database schema is missing repositories.id; restore the database or repair the migration`, a misleading diagnosis of a healthy database (to_regclass found the ledger via search_path, current_schema()-scoped catalog queries did not). (2) A golang-migrate-style `schema_migrations(version bigint, dirty boolean)` in a later search_path schema with no Layerleak tables yet: RunMigrations fails `read schema migration ledger: pq: column ""name"" does not exist (42703)` because tableExistsContext (migrate.go:584) resolved the foreign table and skipped CREATE TABLE (:106-117). Severity stays low because it needs a multi-schema search_path."
DB-11,storage-migrations,dependency,low,false,false,m,medium,confirmed,go.mod,7,lib/pq v1.12.3 is current and actively released; pgx/v5 is optional for 3.0.0 but is the natural vehicle for batching,"The module pins github.com/lib/pq v1.12.3, which is the latest upstream release (published 2026-04-03) and whose bundled README no longer carries the older 'maintenance mode, use pgx' notice, so there is no dependency-health reason to migrate now. A move to jackc/pgx/v5 (v5.11.0 available) would give CopyFrom/Batch for DB-02, native []string scanning (removing pq.Array/pq.StringArray), better cancellation semantics and pgxpool, at the cost of touching every file in the package (driver name, array helpers, error handling) and THIRD_PARTY_NOTICES.md. All SQL already uses $n placeholders and multi-statement migration files are executed without parameters, both of which pgx's stdlib adapter supports.","`go list -m -json github.com/lib/pq@latest` -> Version v1.12.3, Time 2026-04-03T15:45:16Z; `go list -m -versions github.com/lib/pq` ends at v1.12.3; `go list -m -versions github.com/jackc/pgx/v5` ends at v5.11.0; grep -i 'maintenance|pgx' in /root/go/pkg/mod/github.com/lib/pq@v1.12.3/README.md returned nothing; postgres.go:14 `""github.com/lib/pq""`, postgres.go:318 `pq.Array(tagNames)`, read_postgres.go:412 `var detectors pq.StringArray`; THIRD_PARTY_NOTICES.md:11 lists lib/pq v1.12.3.","Keep lib/pq for 3.0.0 unless DB-02 batching is implemented, in which case adopt pgx/v5 via github.com/jackc/pgx/v5/stdlib (sql.Open(""pgx"", ...)) plus pgx.CopyFrom/Batch for the bulk paths, replace pq.Array/pq.StringArray with native slices, update THIRD_PARTY_NOTICES.md and the license CSV job, and run the full integration suite. Either way run `go get -u` checks and govulncheck as part of the 3.0.0 preflight.","`go list -m -versions github.com/lib/pq` ends at v1.12.3 (go.mod:7 pins it) and `github.com/jackc/pgx/v5` ends at v5.11.0, matching the auditor. lib/pq usage is confined to postgres.go:14/318 (pq.Array) and read_postgres.go:13/412 (pq.StringArray)."
DB-12,storage-migrations,ci,low,false,false,s,high,confirmed,internal/storage/migrate.go,78,golangci-lint reports 13 unchecked Close() errors in storage/cmd and CI has no lint gate beyond gofmt/go vet,"Running golangci-lint v2.5.0 with default settings (no .golangci.yml in repo) reports errcheck violations for unchecked db.Close/connection.Close/rows.Close/store.Close/response.Body.Close in the area. None is a functional bug (rows.Close errors are surfaced via rows.Err, Close on a pool is best-effort), but CI only runs gofmt and go vet (revive.toml exists yet no workflow runs revive), so the codebase has no enforced linter and these will accumulate. Most projects either exclude Close from errcheck or handle it explicitly.","`golangci-lint run ./internal/storage/... ./cmd/...` -> `13 issues: * errcheck: 13`, including internal/storage/migrate.go:78 `defer db.Close()`, :86 `defer connection.Close()`, :209/:712/:798 `defer rows.Close()`, internal/storage/postgres.go:51,55 `db.Close()`, cmd/purge/main.go:59 `defer store.Close()`, cmd/healthcheck/main.go:59 `defer response.Body.Close()`. grep 'golangci|revive|staticcheck' .github/workflows/*.yml -> only codacy references; verify.yml:49 gofmt, :57 `go vet ./...`.","Same as proposed, plus set `issues.max-same-issues: 0` in .golangci.yml so CI reports the real count, and handle the 16 non-test sites explicitly (`defer func() { _ = rows.Close() }()` or `exclude-functions` for (*database/sql.Rows).Close, (*database/sql.DB).Close, (*database/sql.Conn).Close, (io.ReadCloser).Close).","The finding stands but the evidence undercounts: `golangci-lint run ./internal/storage/... ./cmd/...` prints 13 only because golangci-lint's default `max-same-issues: 3` truncates identical messages (cmd/purge/main.go:59 is reported when the package is linted alone, and the combined run hides it). With `--max-same-issues 0 --max-issues-per-linter 0` there are 61 errcheck hits: migrate.go 7, postgres.go 3, read_postgres.go 4, cmd/healthcheck/main.go 1, cmd/purge/main.go 1 (16 in non-test code) and 45 in storage_integration_test.go. No workflow runs golangci-lint or revive (grep over .github/workflows returns nothing); verify.yml runs gofmt and go vet only."
DB-14,storage-migrations,compat,low,false,false,xs,high,confirmed,internal/storage/storage.go,239,PostgresConfig.Validate rejects unix-socket and libpq key=value connection strings that lib/pq accepts,"Validate requires a URL with a non-empty host and a postgres/postgresql scheme. lib/pq supports `postgres:///dbname?host=/var/run/postgresql` (host in the query string, used by Cloud SQL Auth Proxy sockets and socket-only hardened deployments) and libpq keyword strings (`host=... dbname=...`), both of which this check rejects before the driver sees them. Since RunMigrations, the API, the CLI and purge all go through Validate, such deployments cannot use Layerleak at all. A major release is the right time to fix the accepted DSN grammar.","storage.go:239-241 `if strings.TrimSpace(parsed.Hostname()) == """" { return fmt.Errorf(""database url host is required"") }`; storage.go:234-238 scheme switch rejects non-URL strings with 'database url must use postgres scheme'; storage_test.go:36 asserts `postgres:///layerleak` is rejected; lib/pq README (module cache) shows `sql.Open(""postgres"", ""host=localhost dbname=pqgo"")` as the primary form.","Accept an empty URL host when the query string contains `host=` (socket path or hostname), and either accept libpq keyword strings (skip URL parsing when the value contains no `://`, validating only that it is non-empty and does not echo on error) or document explicitly that only URL form is supported. Keep the 'never echo the DSN' property (TestPostgresConfigValidateDoesNotEchoMalformedDatabaseURL) and add cases for both new forms.","storage.go:234-241 rejects any non-URL string ('database url must use postgres scheme') and any URL with an empty Hostname(); storage_test.go:36 pins `postgres:///layerleak` as invalid. lib/pq accepts both `postgres:///db?host=/var/run/postgresql` (query-string host, socket path) and libpq keyword strings. Because RunMigrations (migrate.go:54), NewPostgresStore (postgres.go:34) and therefore the API, CLI and purge all go through Validate, socket-only deployments are locked out."
DB-15,storage-migrations,breaking-change-opportunity,low,false,true,m,high,confirmed,internal/storage/read_postgres.go,139,OFFSET pagination recomputes the full GROUP BY per page; 3.0.0 could add keyset cursors on the existing unique orderings,"ListRepositoryFindings joins repositories -> repository_manifests -> findings -> finding_occurrences, aggregates every occurrence for the repository, applies HAVING, sorts and only then applies LIMIT/OFFSET, so each page costs O(total occurrences for the repository) and deep pages get slower; ListRepositoryScans and ListRepositories have the same OFFSET shape. The ORDER BY clauses already terminate in unique keys ((last_seen_at, id), (registry, repository)), which is exactly what keyset (`after`) pagination needs. Changing the public pagination contract is a major-version change, so 3.0.0 is the opportunity.","read_postgres.go:139-165 `... GROUP BY f.id HAVING CASE $5 ... ORDER BY f.last_seen_at DESC, f.id DESC LIMIT $6 OFFSET $7`; read_postgres.go:39 `ORDER BY last_seen_at DESC, repository ASC, registry ASC LIMIT $1 OFFSET $2`; read_postgres.go:102 `ORDER BY sr.scanned_at DESC, sr.id DESC LIMIT $3 OFFSET $4`. Probe TestProbeFindingsPaginationTies confirmed the orderings are total (stable pages for 7 tied rows).","Add optional cursor parameters (`after_last_seen`, `after_id` or an opaque base64 cursor) to the three list endpoints and corresponding ReadStore methods that translate to `WHERE (f.last_seen_at, f.id) < ($a, $b)`; keep limit/offset for one major cycle or drop it in 3.0.0 with a documented deprecation. For findings, consider a materialised per-finding aggregate (occurrence_count, actionable_count, suppressed_count, detectors) maintained in SaveScan to avoid the per-page GROUP BY.","read_postgres.go:139-165 aggregates every occurrence for the repository before HAVING/ORDER BY/LIMIT $6 OFFSET $7; :39 and :102 are the same OFFSET shape. Orderings end in unique keys ((last_seen_at, id), (scanned_at, id), (repository, registry) which is UNIQUE), so keyset cursors are feasible."
DB-16,storage-migrations,improvement,low,false,false,s,medium,confirmed,migrations/0003_scan_runs.up.sql,30,Several indexes match no query and the repository listing has none; a 0005 migration could right-size them,"No read path filters on scan_runs.status, manifests platform columns, finding_occurrences (source_type,file_path,layer_digest), findings.fingerprint alone, repository_manifests.root_digest or tags(repository_id,manifest_digest), yet each has a btree that every SaveScan must maintain (finding_occurrences alone carries four btrees including the 15-column unique). finding_occurrences_finding_idx (finding_id) is a strict prefix of finding_occurrences_disposition_idx (finding_id, disposition, last_seen_at DESC) and therefore redundant. Conversely ListRepositories orders by last_seen_at DESC, repository, registry with no supporting index (fine while repositories is small). Adding a 0005 migration would also require updating CurrentSchemaVersion, README:330, openapi.yaml:54 and RELEASING:249.","migrations/0003_scan_runs.up.sql:30 `CREATE INDEX scan_runs_status_scanned_idx ON scan_runs (status, scanned_at DESC)` vs read_postgres.go (no `status =` predicate anywhere); 0001_initial.up.sql:21,35,53,67,113 create manifests_platform_idx, repository_manifests_root_digest_idx, tags_repository_manifest_idx, findings_fingerprint_idx, finding_occurrences_source_idx, none referenced by predicates in read_postgres.go/postgres.go; 0001:110 `finding_occurrences_finding_idx (finding_id)` and 0004:264 `finding_occurrences_disposition_idx (finding_id, disposition, last_seen_at DESC)`; read_postgres.go:39 ORDER BY on repositories has no index (0001 defines only the UNIQUE (registry, repository)).","If 3.0.0 ships a schema change anyway, add 0005 that drops finding_occurrences_finding_idx and the unused single-purpose indexes (keep any the maintainer relies on for ad-hoc ops queries, e.g. findings_fingerprint_idx for cross-repository secret lookups, which is a plausible future API feature) and adds repositories(last_seen_at DESC, repository, registry); update schemaIndexRequirements, CurrentSchemaVersion/currentMigrationCount, and the 0004 references in README, openapi.yaml, RELEASING and CHANGELOG. Otherwise defer and just record the rationale.","No predicate in read_postgres.go or postgres.go uses scan_runs.status, manifests platform columns, (source_type,file_path,layer_digest), fingerprint alone, repository_manifests.root_digest or tags(repository_id,manifest_digest); the FK cascades are covered by PK prefixes or scan_runs_repository_scanned_idx. One addition: finding_occurrences_finding_idx (0001:110) is a prefix of both finding_occurrences_disposition_idx (0004:264) and the 15-column finding_occurrences_identity_key, so finding_occurrences carries three finding_id-leading btrees plus the PK. Any 0005 also has to update schemaIndexRequirements (migrate.go:496-507) or readiness will reject the dropped indexes."
DB-18,storage-migrations,breaking-change-opportunity,low,false,true,m,high,verifier-added,internal/storage/read_postgres.go,29,"tags and manifests are write-only tables: no API or CLI path reads them, and stale tags are never removed","SaveScan maintains repositories, manifests (with platform columns and last_scan_status/error), repository_manifests (root_digest) and tags on every scan, but ReadStore (storage.go:77-83) exposes nothing from manifests or tags and read_postgres.go never selects or joins them (repository_manifests is only used as a join key). replaceTagMappings deletes only tags present in the current scan (postgres.go:313-318), so a tag removed from the registry stays in `tags` indefinitely, pointing at an old digest, and nothing ever reads that state to notice. A major release should either expose this data (tags, platforms, per-manifest status) through the API/CLI with a reconciliation step for full-repository scans, or stop maintaining the unused columns/indexes.",grep 'FROM tags|FROM manifests|JOIN tags|JOIN manifests' over internal/ and cmd/ non-test Go files -> only postgres.go:314 (DELETE FROM tags) and :341 (NOT EXISTS subquery); storage.go:77-83 ReadStore has ListRepositories/ListRepositoryScans/ListRepositoryFindings/GetScanRun/GetFinding only; postgres.go:313-318 `DELETE FROM tags WHERE repository_id = $1 AND tag = ANY($2) AND last_seen_at <= $3` limits deletion to tags in the current scan.,"For 3.0.0 decide: (a) add GET /repositories/{registry}/{repository}/tags and /manifests (ReadStore methods over tags, manifests, repository_manifests), and in repository-mode scans delete tags not returned by the enumeration (the scan already knows TagsEnumerated); or (b) document tags/manifests as operator-only tables and drop their unused indexes in the same 0005 as DB-16. Either way add tests that read back what SaveScan writes to these tables.",
DB-19,storage-migrations,reliability,low,false,false,xs,medium,verifier-added,internal/api/handler.go,329,"API persists a completed scan under the HTTP request context, so a client disconnect discards the finished scan","handleScan derives scanCtx from request.Context() with ScanTimeout and passes it to ScanAndSave, which forwards the same ctx to store.SaveScan (service.go:149). net/http cancels request.Context() when the client goes away, so a client that times out or disconnects after the (expensive) scan has finished cancels the SaveScan transaction: database/sql rolls it back and no scan_run is recorded even though the work was done. The save phase should be shielded from client cancellation (bounded only by the write timeout).","internal/api/handler.go:329 `scanCtx, cancel := context.WithTimeout(request.Context(), h.options.ScanTimeout)`; :331 `outcome, err := h.scanner.ScanAndSave(scanCtx, ...)`; internal/scanservice/service.go:149 `scanRunID, storeErr := s.store.SaveScan(ctx, record)`; grep for context.WithoutCancel in internal/api and internal/scanservice -> none; postgres.go:152 SaveScan adds only writeTimeout on top of the caller's ctx.","In scanservice.ScanAndSave run the save phase with `saveCtx, cancel := context.WithTimeout(context.WithoutCancel(ctx), writeTimeout)` (or let SaveScan accept an explicit detach flag) so a scan that completed is persisted even if the HTTP client disconnected; keep the request context for the scan phase. Add a handler test that cancels the request context after the stub scanner returns and asserts SaveScan was still called.",
RUN-03,toolchain-run,bug,low,false,false,xs,high,unverified,internal/limits/limits.go,80,Staticcheck SA4003/SA1019 and ineffassign/wastedassign hits are real (if minor) code defects,"Default-linter hits with a real code smell: limits.go:80 `if limit >= math.MaxInt64` (no int64 exceeds MaxInt64; should be `==`), layers/state.go:822 `contentClass := ContentClassText` is dead (both branches reassign), findings.go:452 and :546 `location := """"` dead assignment, state.go:367 and state_test.go:942 use deprecated `tar.TypeRegA`, client.go:1075 assigns deprecated `transport.DialTLS` (needed to clear it, so keep but annotate), client.go:852 De Morgan simplification.","`internal/limits/limits.go:80:5: SA4003: no value of type int64 is greater than math.MaxInt64 (staticcheck)`; `internal/layers/state.go:822:2: ineffectual assignment to contentClass (ineffassign)`; `internal/layers/state.go:367:21: SA1019: tar.TypeRegA has been deprecated since Go 1.11`; `internal/findings/findings.go:452:2: assigned to location, but reassigned without using the value (wastedassign)`",Change to `limit == math.MaxInt64`; declare `var contentClass ContentClass` / `var location string`; drop `tar.TypeRegA` cases (TypeRegA == TypeReg since Go 1.11 is handled by tar.Reader which normalises it); add `//nolint:staticcheck // clearing deprecated field` on the DialTLS = nil line.,
RUN-04,toolchain-run,reliability,low,false,false,s,high,unverified,internal/layers/state.go,960,22 unchecked Close/Remove/Finish error returns (errcheck),"errcheck flags 22 sites. Most are `defer x.Close()` of read-only bodies/rows, which is tolerable, but a few are in non-defer paths where an error is informative: state.go:960 `gzipReader.Close()` (non-defer), registry/client.go:211 and :391 `response.Body.Close()` in retry paths, cli/scan.go:107 `defer progress.Finish()` (may be swallowing a write error on the progress stream), storage/postgres.go:51,55 `db.Close()` on a failed open.",`internal/layers/state.go:960:20: Error return value of gzipReader.Close is not checked (errcheck)`; `internal/cli/scan.go:107:25: Error return value of progress.Finish is not checked`; `internal/storage/migrate.go:78:16: Error return value of db.Close is not checked`,Decide a policy in .golangci.yml (exclude `(io.Closer).Close` in defers via errcheck exclude-functions) and explicitly handle or `_ =` the non-defer sites; log Close errors in storage/migrate paths where a failed close can mean a failed write.,
RUN-06,toolchain-run,test-gap,low,false,false,xs,high,unverified,internal/findings/findings_test.go,1,One test accounts for ~70% of unit-suite wall time (4.1s; 22s under -race),"TestDetailedNormalizerBoundsLargeMetadataProvenanceWithManyMatches takes 4.12s in -short mode; internal/findings takes 22.0s under -race versus ~1s for every other package. Total -short wall time is 6s, -race 43s, so this one test is the critical path of CI's race job.",`--- PASS: TestDetailedNormalizerBoundsLargeMetadataProvenanceWithManyMatches (4.12s)`; race run: `ok github.com/brumbelow/layerleak/internal/findings 22.009s`,"Reduce the synthetic match count/provenance size to the smallest value that still exercises the bound, or guard the large variant with `if testing.Short() { t.Skip() }` and keep it in the full CI job.",
RUN-07,toolchain-run,improvement,low,false,false,s,high,unverified,Dockerfile,20,Container binaries carry no version: Dockerfile builds without -X and nothing but the CLI reads cli.Version,"The Dockerfile builds four binaries with `-ldflags=""-s -w""` only; `cli.Version` (root.go:36, 'set via -ldflags') is never set, and only internal/cli/root.go:42 reads effectiveVersion(). A source-checkout container build has Main.Version `(devel)`, so even the CLI logic would print `dev`. The api/migrate/purge/healthcheck binaries have no --version at all, so a running 3.0.0 container cannot report what it is. The checkout CLI build reports `layerleak version v0.0.0-20260909174625-c2ddd4583b2f+dirty`, which README.md:69-72 documents as expected.","Dockerfile:20 `go build -mod=readonly -trimpath -ldflags=""-s -w"" -o /out/layerleak-api ./cmd/api`; `grep -rn 'effectiveVersion()|cli.Version'` -> only internal/cli/root.go:42; `go version -m` on checkout build: `mod github.com/brumbelow/layerleak v0.0.0-20260909174625-c2ddd4583b2f+dirty`, `vcs.modified=true`.",Add `ARG LAYERLEAK_VERSION` to the Dockerfile and pass `-X github.com/brumbelow/layerleak/v3/internal/cli.Version=$LAYERLEAK_VERSION` (and a shared internal/version package consumed by cmd/* so `layerleak-api --version` and the API /healthz or a version header report it); set the build-arg from the tag in container-release.yml.,
RUN-08,toolchain-run,ci,low,false,false,xs,high,unverified,.gitignore,40,"__pycache__ is not gitignored, so running the Python tests dirties the tree and taints VCS build info","After the Python unit tests run, `git status --short` shows `?? scripts/__pycache__/` and `?? scripts/tests/__pycache__/` (they were already present when this audit began, so the 'clean working tree' premise was slightly off). Go stamps `vcs.modified=true` whenever untracked files exist, which is why the checkout build prints `+dirty`; a release build run on a machine that executed `python3 -m unittest` first would mis-stamp as dirty.",`git status --short` -> `?? scripts/__pycache__/` `?? scripts/tests/__pycache__/`; `.gitignore` has no `__pycache__` or `*.pyc` entry; `go version -m` -> `build vcs.modified=true`,Add `__pycache__/` and `*.pyc` to .gitignore (and `scripts/tests/node_modules/` is already covered by `node_modules/`).,
RUN-09,toolchain-run,dependency,low,false,false,xs,high,unverified,go.mod,5,Six dependency updates available; govulncheck clean,"`go list -m -u all`: klauspost/compress v1.19.2 -> v1.20.1, golang.org/x/sys v0.47.0 -> v0.48.0, golang.org/x/term v0.45.0 -> v0.46.0, spf13/pflag v1.0.9 -> v1.0.10, cpuguy83/go-md2man v2.0.6 -> v2.0.7, go.yaml.in/yaml/v3 v3.0.4 -> v3.0.5. govulncheck (x/vuln v1.8.0, which auto-switched the toolchain to go1.26.8 because it requires go >= 1.26) reports no vulnerabilities; CI's pin to govulncheck v1.7.0 (verify.yml:377) is therefore the right choice while go.mod stays at 1.25.13. go.mod also has four separate `require` blocks, which `go mod tidy` tolerates but is untidy for a 3.0.0 go.mod rewrite.","`github.com/klauspost/compress v1.19.2 [v1.20.1]`, `golang.org/x/sys v0.47.0 [v0.48.0]`, `golang.org/x/term v0.45.0 [v0.46.0]`; `go: golang.org/x/vuln@v1.8.0 requires go >= 1.26.0; switching to go1.26.8`; govulncheck: `No vulnerabilities found.`","Bump the direct deps (compress is the only one with runtime relevance: gzip/zstd layer decoding) as part of the /v3 go.mod rewrite, collapse to one direct and one indirect require block, and keep govulncheck pinned to a version compatible with the go.mod toolchain line.",
API-22,api,ci,info,false,false,xs,high,confirmed,internal/api/run.go,47,golangci-lint errcheck: unchecked Close() in run.go and healthcheck,"Running golangci-lint v2.5.0 with defaults reports two errcheck hits in this area. CI does not run golangci-lint, so this is hygiene only, but a 3.0.0 that adds a lint gate would trip on them.","golangci-lint run ./internal/api/... ./cmd/api/... ./cmd/healthcheck/...:
cmd/healthcheck/main.go:59:27: Error return value of `response.Body.Close` is not checked (errcheck)
internal/api/run.go:47:19: Error return value of `store.Close` is not checked (errcheck)",`defer func() { _ = response.Body.Close() }()` and log `store.Close()` errors via slog in Run(); consider adding a .golangci.yml and a lint step to verify.yml.,Re-ran golangci-lint v2.5.0: exactly the two errcheck hits at cmd/healthcheck/main.go:59 and internal/api/run.go:47; go vet and go test ./internal/api ./cmd/... pass.
CFG-18,config-container-deps,docs-drift,info,false,false,xs,high,confirmed,THIRD_PARTY_NOTICES.md,9,"THIRD_PARTY_NOTICES.md omits mousetrap, which cobra links into Windows CLI builds","The notice states it covers ""the compiled CLI"" and lists eight modules. github.com/inconshreveable/mousetrap v1.1.0 (Apache-2.0) is a go.mod indirect requirement pulled by cobra and compiled into windows/* builds of the CLI (cobra's command_win.go). The CI license inventory runs on linux only, so `go-licenses report` never lists it and the CSV attached to releases is also linux-scoped. Listed versions otherwise match go.mod exactly.","go.mod:18 `github.com/inconshreveable/mousetrap v1.1.0 // indirect`; THIRD_PARTY_NOTICES.md:9-16 lists reference, compress, pq, go-digest, cobra, pflag, x/sys, x/term only; THIRD_PARTY_NOTICES.md:3-4 `The compiled CLI and container also include code from the projects below`","Add `| github.com/inconshreveable/mousetrap | v1.1.0 | Apache-2.0 |` with a note ""(Windows CLI builds only)"", or state explicitly that the inventory covers linux builds. Optionally run go-licenses with GOOS=windows once in verify.yml to generate a complete inventory.",$GOMODCACHE/github.com/spf13/cobra@v1.10.2/command_win.go:25 imports github.com/inconshreveable/mousetrap; go.mod:18 lists it as indirect; THIRD_PARTY_NOTICES.md:9-16 omits it while :3 claims to cover 'the compiled CLI'. verify.yml:164-166 runs go-licenses on linux only.
CFG-19,config-container-deps,improvement,info,false,false,s,medium,downgraded,Dockerfile,5,"Dockerfile polish: builder on Debian oldstable, HEALTHCHECK conflates liveness with DB readiness, /tmp sticky bit may not survive COPY","(a) Docker Hub offers golang:1.27.1-trixie; the build stays on bookworm (oldstable), so the copied /etc/ssl/certs/ca-certificates.crt tracks Debian 12's ca-certificates package. (b) HEALTHCHECK runs layerleak-healthcheck which probes /readyz (database ping + schema); under plain Docker/Compose a database outage marks the API container unhealthy even though the process is fine, and Kubernetes ignores HEALTHCHECK entirely; README:394-395 documents the behaviour but not the implication. (c) `install -d -m 1777 /out/rootfs/tmp` followed by `COPY --from=build --chown=10001:10001 /out/rootfs/tmp /tmp` copies directory contents, not the directory; BuildKit creates the destination with default mode, so the 1777 sticky bit is likely lost (compose masks this with a tmpfs mount; `docker run` without --tmpfs would not). Could not verify (c) here because no Docker daemon is running.","Dockerfile:5 `golang:1.27.1-bookworm@sha256:...`; Docker Hub tags -> '1.27.1-trixie' available; Dockerfile:24 `install -d -m 1777 /out/rootfs/tmp`, :33 `COPY --from=build --chown=10001:10001 /out/rootfs/tmp /tmp`; Dockerfile:45-46 `HEALTHCHECK ... CMD [""/usr/local/bin/layerleak-healthcheck""]`; cmd/healthcheck/main.go:45 requests `/readyz`",(a) move to golang:1.27.x-trixie when convenient. (b) add one README sentence that the Docker HEALTHCHECK is a readiness probe and Kubernetes users should wire /livez and /readyz themselves. (c) drop the tar/ADD rewrite; at most add `docker run --rm --entrypoint /usr/local/bin/layerleak-healthcheck` style stat verification to scripts/verify-container-platform.py if the maintainer wants a regression guard.,"(a) confirmed: Docker Hub lists golang:1.27.1-trixie. (b) confirmed but already documented: cmd/healthcheck/main.go:45 requests /readyz; README.md:394-395 says so. (c) is most likely wrong: BuildKit's COPY uses tonistiigi/fsutil; copy/copy.go `copyDirectoryOnly` creates a missing destination with `os.Mkdir(dst, stat.Mode())` (source mode including ModeSticky), and copy.go:554 calls `copyFileInfo(fi, parentDir.srcPath, parentDir.dstPath)` for the parent directory, whose copy_unix.go implementation does `os.Chmod(name, m)` with the source mode (and then applies --chown). So the 1777 sticky bit on /tmp is preserved regardless of umask. Cannot be executed here (no daemon), but the implementation evidence contradicts 'likely lost'."
CFG-21,config-container-deps,breaking-change-opportunity,info,false,false,m,medium,confirmed,internal/storage/postgres.go,14,Consider pgx/v5 (database/sql stdlib mode) for the Postgres driver; lib/pq is actively released again so this is optional,"The task brief describes lib/pq as maintenance-only. The evidence is more nuanced: lib/pq v1.12.3 was released 2026-04-03 (six releases since v1.11.1) and its README at this version no longer carries the ""maintenance mode, use pgx"" banner. Usage is narrow (two sql.Open(""postgres"") calls, pq.Array once, pq.StringArray once), so swapping to `github.com/jackc/pgx/v5/stdlib` (v5.11.0, 2026-09-07) would be a small change that gains context-aware cancellation on all paths, structured *pgconn.PgError codes, PGSERVICEFILE/PGPASSFILE support and better prepared-statement/TLS handling. Since 3.0.0 already changes the module path, it is the cheapest time to do it, but it is not required for release.","internal/storage/postgres.go:14 `""github.com/lib/pq""`, :38 `sql.Open(""postgres"", ...)`, :318 `pq.Array(tagNames)`; internal/storage/read_postgres.go:412 `var detectors pq.StringArray`; internal/storage/migrate.go:74 `sql.Open(""postgres"", databaseURL)`; `go list -m -json github.com/lib/pq@latest` -> Version v1.12.3, Time 2026-04-03; pgx/v5@latest -> v5.11.0 2026-09-07","If adopted: replace the blank import with `_ ""github.com/jackc/pgx/v5/stdlib""`, `sql.Open(""pgx"", url)`, pq.Array -> `pgtype.FlatArray[string]` or pass `[]string` directly (pgx stdlib handles text[] natively), update THIRD_PARTY_NOTICES.md and the license CSV, and re-run the postgres integration suite. Otherwise record the decision to stay on lib/pq in CHANGELOG so the question is closed for 3.x.","internal/storage/postgres.go:14 imports lib/pq, :38 sql.Open(""postgres""); migrate.go:74 sql.Open(""postgres""); read_postgres.go:412 pq.StringArray; `go list -m -u all` shows no newer lib/pq than v1.12.3; grep of the lib/pq@v1.12.3 README for 'maintenance' or 'pgx' returns nothing, confirming the banner is gone. Correctly flagged as optional."
GAP-Q01,critic,gap,info,,,,,critic-added,,,"Contradiction on 3.0.0 API scope: API-12 (async scan-job model with migration 0005) and API-13 (opt-in bearer auth) are recommended for 3.0.0 inside /api/v1, while PRD-16 schedules bearer auth for 3.1 and PRD-18 marks async jobs OUT of 3.0.0 (only if demand appears). DB-08 (exact-version readiness) and the README/CHANGELOG '0004' wording depend on whether 0005 ships.","The decision changes CurrentSchemaVersion, README:330, openapi.yaml:54, RELEASING:249, the CHANGELOG and the migration ledger tests; starting the RC without it risks a second RC.",,"Maintainer decision before the rc.1 branch: pick one list; if 0005 ships, grep -rn '0004' README.md RELEASING.md web/docs/openapi.yaml CHANGELOG.md internal/storage/migrate.go and update all hits together.",
GAP-Q02,critic,gap,info,,,,,critic-added,,,Contradiction on result_schema_version: MIG-22 says result_schema_version=1 and record_schema_version=1 must NOT change; PRD-04 says bump result_schema_version to 2 with a published JSON Schema; API-14 says omitting the empty platform object requires v2; CLI-21 and DOC-13 leave it open; CLI-24 wants the omitempty fix.,"The wire contract text in CHANGELOG, README, UPGRADING and openapi.yaml, the web/testdata fixtures and TestDocumentedScanResponsesMatchHandler all encode this number; an inconsistent decision will fail validate_docs in the release workflow.",,"Decide v1-frozen vs v2; then run `grep -rn 'result_schema_version\|record_schema_version' --include='*.go' --include='*.json' --include='*.yaml' --include='*.md' .` and ensure every occurrence, fixture and test agrees; run scripts/validate_docs.py and `go test ./internal/api -run TestDocumentedScanResponsesMatchHandler`.",
GAP-Q03,critic,gap,info,,,,,critic-added,,,"Contradiction on the v1 deprecation pointer: PRD-27 recommends a final v1 tag marking the root module `// Deprecated:`; MIG-20 recommends README wording plus the pkg.go.dev banner now and an optional v1.0.1 later; but MIG-05/REL-01/CFG-22 move every release regex, tag glob and ruleset to v3-only, and the tag ruleset covers only v1.* today. A v1.0.1 tag could not pass the protected workflow after the v3 rewrite.","If the maintainer wants the deprecation pointer, the workflow needs a v1 lane (or the tag must be cut before the regex rewrite, which violates RELEASING's RC/soak policy); if not, PRD-27 should be dropped and README must explain that root-path @latest stays v1.0.0.",,"Decide; if yes, add a lightweight 'deprecation-pointer' workflow lane or cut the v1.0.1 tag from a v1 branch before the regex rewrite and extend the ruleset to both patterns; verify with `go list -m -versions github.com/brumbelow/layerleak` after publication.",
GAP-Q04,critic,gap,info,,,,,critic-added,,,Contradiction on foreign/Windows-layer platforms: LAY-01 proposes excluding windows/foreign-layer platforms from default selection (like attestations) or reporting them as failed-unsupported partials; REG-03 asks skip-with-diagnostic vs fetching the layer from the registry blob endpoint; REG-12 proposes an OS-only selector/default-linux selection. Each changes exit codes and partial semantics for `layerleak scan golang:latest` differently.,This is the highest-impact behaviour change for everyday scans of official images and must be described in CHANGELOG/compat notes; three different fixes cannot all ship.,,"Pick one policy (recommended: skip foreign-layer manifests with a `platform_skipped` diagnostic and add `--platform linux` OS-only selection), then add scanner/document tests for golang:1.25-style indexes and confirm the README 'incomplete coverage is never a clean scan' sentence is still true for the chosen semantics.",
GAP-Q05,critic,gap,info,,,,,critic-added,,,"Fingerprint semantics are pulled in opposite directions: DET-09 proposes a per-database keyed HMAC, while PRD-13 (baseline/ignore file by fingerprint) and PRD-09 (SARIF partialFingerprints) require fingerprints that are stable across installs and CI runners; DB identity UNIQUE(manifest_digest, fingerprint) was not analysed by anyone (see GAP-06).",An HMAC with a per-database key makes baseline files non-portable and SARIF deduplication in GitHub code scanning unstable across runners; the alternative keeps the offline-oracle weakness DET-09 describes.,,"Decide the contract in writing (recommend: keep sha256 of the raw value but stop publishing it for low-entropy/short values, or publish a truncated hash); then grep -rn 'fingerprint' internal/findings internal/storage migrations web/docs/openapi.yaml and document it in README and openapi.",
GAP-Q06,critic,gap,info,,,,,critic-added,,,"Prebuilt CLI binaries: REL-18 wants signed/attested CLI binaries added to the release workflow (medium), PRD-11 schedules them for 3.1, DOC-19/DOC open question needs the decision for README install, SECURITY verification and THIRD_PARTY_NOTICES (CFG-18/DOC-21 mousetrap only matters if Windows binaries ship), and GAP-04 depends on it.",README/SECURITY text and the release-manifest schema differ depending on the answer; shipping docs that promise or omit binaries incorrectly would be false at release time.,,"Decide the OS/arch matrix (or 'go install and container only' for 3.0.0) and write it into README install, SECURITY supported artifacts and RELEASING before rc.1.",
GAP-Q07,critic,gap,info,,,,,critic-added,,,Exit-code contract: PRD-06 adds exit code 3 and a --fail-on policy; the CLI open question proposes 130 for SIGINT; README:136-147 states codes 0/1/2 are 'stable for automation'; web/docs and the OpenAPI/CLI docs would need the same table. No single finding reconciles these.,Exit codes are the CI integration surface; a 3.0.0 is the only moment to change them and all docs must change together.,,"Decide the final table; grep -n 'exit code\|Exit codes' README.md web/docs/index.html CONTRIBUTING.md and verify internal/cli/scan.go, exit.go and scan_test.go against it.",
GAP-Q08,critic,gap,info,,,,,critic-added,,,CLI distribution in containers: CFG-14 proposes adding the layerleak CLI (and a scan profile) to the existing API image; PRD-25 proposes a separate CLI image in 3.1. Also CFG-13/DOC-25/PRD-20 (dead LAYERLEAK_FINDINGS_DIR in the image) only stays 'dead' if the CLI is not added to the image.,"Determines whether LAYERLEAK_FINDINGS_DIR is removed from Dockerfile/compose or becomes meaningful, and which image users are told to pull.",,Decide; then edit Dockerfile:40 and docker-compose.yml:52 consistently and update README's deployment section.,
GAP-Q09,critic,gap,info,,,,,critic-added,,,Health probe semantics: CFG-19 says the Docker HEALTHCHECK conflates liveness with DB readiness; the API area asks whether to switch to /livez; the DOC area verified README documents /readyz as current behaviour.,"Changing the probe changes README, Dockerfile, compose depends_on semantics and the healthcheck binary's hard-coded /readyz path.",,"Decide; if changing, update cmd/healthcheck/main.go:45, Dockerfile HEALTHCHECK comment, README:416-421 and web/docs together.",
GAP-Q10,critic,gap,info,,,,,critic-added,,,"Go toolchain floor: CFG-01 recommends go 1.26.0 in go.mod plus toolchain go1.27.1; REL-08 flags CI on EOL 1.25.13; README badge 'Go 1.25.13+', CONTRIBUTING and web/docs state the old minimum. The go directive change must land in the same PR as the /v3 module-path rewrite or verify.yml's module-identity gate and go-version-file will disagree mid-stream.",The import-path rewrite PR is the natural single change; doing it in two PRs creates an intermediate commit that fails the module-identity gate (MIG-03/PRD-23).,,"Plan one PR: go.mod (module + go directive), 141 imports, verify.yml:40, container-release.yml:111, docs; run `go build ./... && go vet ./... && go mod tidy -diff` on the branch before pushing.",
GAP-Q11,critic,gap,info,,,,,critic-added,,,"Nothing in this audit built the Dockerfile, ran docker compose, or executed the HEALTHCHECK in the scratch image (no Docker daemon). The /tmp sticky-bit question (CFG open question), compose migrate profile gating (CFG-10), stop grace (GAP-02) and the API container smoke are all unexercised locally.",The release workflow's first-ever run (REL-07) would be the first time these paths execute; a failure there costs an RC cycle.,,"On a machine with Docker: `docker buildx build --load -t layerleak:dev .`, `LAYERLEAK_DB_PASSWORD=x docker compose --profile tools up -d db migrate && docker compose up -d api`, `docker inspect --format '{{.State.Health.Status}}'`, `docker exec ... stat -c %a /tmp` (expect 1777), then `docker compose stop` and confirm the API logs a clean shutdown within the grace period.",
GAP-Q12,critic,gap,info,,,,,critic-added,,,"No end-to-end scan against a real registry succeeded during the audit (RUN-01/REG-01 proxy issue), so scan wall-time, memory high-water mark per concurrent scan (LAY-04 513 MiB transient + 1 GiB retained, no GOMEMLIMIT or compose memory limit), and the DET-14 throughput figure were never measured on a real image.","3.0.0 is described as production-ready for an API that runs 30-minute scans; without a baseline, the LAY/DET performance fixes cannot be validated and compose has no memory limits to recommend.",,From an unproxied host: `/usr/bin/time -v layerleak scan alpine:3.20 --format json --progress plain` and `layerleak scan golang:1.25 --platform linux/amd64`; record wall time and max RSS; then set GOMEMLIMIT and a compose memory limit accordingly.,
GAP-Q13,critic,gap,info,,,,,critic-added,,,Release-day procedural items that no code change covers and that are easy to forget: add refs/tags/v3.* to the tag ruleset before the first RC (MIG-18/REL-06); confirm the required status checks on main include 'Full verification / OpenAPI and static documentation' (REL-25 open question); delete the untracked scripts/__pycache__ directories before tagging so the build is not '+dirty' (RUN-08); confirm the GitHub owner casing in the Fulcio SAN for the cosign identity (DOC open question); confirm cosign >= 3.0 is required to verify bundle-format signatures (REL open question).,Any of these can fail the first-ever execution of the protected release pipeline or leave documentation false after publication.,,"Add them as a pre-RC checklist section in RELEASING.md and tick each item in the rc.1 release PR description; verify with `gh api repos/Brumbelow/layerleak/rulesets`, `git status --porcelain` (empty), and `cosign verify` with cosign 2.x and 3.x against the rc.1 digest.",
GAP-Q14,critic,gap,info,,,,,critic-added,,,"docs/plans follow-up priorities (CLI binaries, local OCI-layout input, deterministic benchmarks/property tests, deriving release-note baselines from the previous stable) are each picked up (PRD-11/REL-18, PRD-10, LAY-19/PRD-22, MIG-07/REL-04), but the plan itself is still presented as the live plan; DOC-20 recommends moving it to docs/history while MIG-24 only calls it drift.",A reader landing on docs/plans after 3.0.0 would follow a v1.1 procedure.,,"Move docs/plans and docs/release-readiness-2026-09-09.md to docs/history/ with a 'superseded by 3.0.0' header (or delete) in the same PR as the CHANGELOG restructure, and add a new docs/plans/2026-09-30-v3-release.md derived from this audit.",
DOC-16,docs-web,improvement,info,false,false,xs,high,confirmed,web/assets/site.js,16,site.js reveal/IntersectionObserver logic is dead: [data-reveal] and .is-visible have identical styles,"web/assets/site.js:16-46 observes every `[data-reveal]` element and adds `is-visible`, but web/assets/styles.css:1020-1028 defines `[data-reveal] { opacity: 1; transform: none; }` and `[data-reveal].is-visible { opacity: 1; transform: none; }`, so the class toggle has no visual effect. Thirty lines of JS plus a reduced-motion override (styles.css:1164-1167) maintain an animation that no longer exists; the 2026-09-09 alert ledger shows this area was already touched for lint reasons.",web/assets/styles.css:1020-1028: '[data-reveal] {\n  opacity: 1;\n  transform: none;\n}\n\n[data-reveal].is-visible {\n  opacity: 1;\n  transform: none;\n}',"Either delete the observer block from site.js, the `data-reveal` attributes from the three HTML files and the two CSS rules, or restore an actual fade (`[data-reveal]{opacity:0;transform:translateY(8px)}` gated behind `@media (prefers-reduced-motion: no-preference)` so no-JS and reduced-motion users still see content). Deleting is the smaller, safer change for a release.",styles.css:1020-1028 defines identical `opacity: 1; transform: none` for `[data-reveal]` and `[data-reveal].is-visible`; site.js:16-46 observes and toggles the class with no visual effect. Deleting is the safer release change.
DOC-23,docs-web,breaking-change-opportunity,info,false,false,xs,high,confirmed,scripts/layerleak-migrate-up.sh,1,scripts/layerleak-migrate-up.sh is an unreferenced go-run wrapper that contradicts the 'native binary' story; Contributor Covenant is at 2.0 while 2.1 is current,"scripts/layerleak-migrate-up.sh wraps `go run ${repository_dir}/cmd/migrate`; no document, workflow, Dockerfile or compose file references it (repo-wide grep returns nothing), and README/CHANGELOG describe the shell-free native `layerleak-migrate-up` binary as the supported path. Leftover scripts confuse readers about which entrypoint is canonical. Separately, CODE_OF_CONDUCT.md:117-119 adapts Contributor Covenant 2.0; 2.1 (2021) is the current text and adds the caste/color protections most projects now carry.","scripts/layerleak-migrate-up.sh:11: 'exec go run ""${repository_dir}/cmd/migrate""'; grep -rn 'layerleak-migrate-up.sh' . -> no matches; CODE_OF_CONDUCT.md:117-118: 'adapted from the Contributor Covenant, version 2.0'",Delete scripts/layerleak-migrate-up.sh (README.md:279-280 already documents `go run ./cmd/migrate` for checkouts) or document it in CONTRIBUTING if it is meant to stay. Update CODE_OF_CONDUCT.md to Contributor Covenant 2.1 text and link.,"scripts/layerleak-migrate-up.sh:11 `exec go run ""${repository_dir}/cmd/migrate""`; repo-wide grep for the script name returns nothing; CODE_OF_CONDUCT.md:117-119 cites Contributor Covenant 2.0."
DOC-25,docs-web,docs-drift,info,false,false,xs,medium,verifier-added,Dockerfile,39,Dockerfile sets LAYERLEAK_FINDINGS_DIR=/tmp/layerleak/findings in the image but README documents only the API_ADDR image default; the variable is unused by the API binary,"Dockerfile:38-39 sets two image-level environment defaults: `ENV LAYERLEAK_API_ADDR=0.0.0.0:8080` and `ENV LAYERLEAK_FINDINGS_DIR=/tmp/layerleak/findings`. README.md:251 documents the first ('image default is 0.0.0.0:8080') but the LAYERLEAK_FINDINGS_DIR row (README.md:206) says only 'auto'. The only consumer of cfg.FindingsDir is the CLI (internal/cli/scan.go:213 -> writeResultArtifacts); layerleak-api, layerleak-migrate-up, layerleak-purge-raw-secrets and layerleak-healthcheck never write local result files, so the ENV is inert in the shipped image. Either the image default should be documented (and the tmpfs mount in docker-compose.yml justified by it) or the dead ENV removed so operators do not look for result files under /tmp/layerleak/findings.","Dockerfile:38-39: 'ENV LAYERLEAK_API_ADDR=0.0.0.0:8080\nENV LAYERLEAK_FINDINGS_DIR=/tmp/layerleak/findings'; `grep -rn FindingsDir internal cmd` (non-test) -> only internal/config/config.go:53,:272 and internal/cli/scan.go:213 / internal/cli/results.go:181,:287; README.md:206: '| `LAYERLEAK_FINDINGS_DIR` | auto | Saved result directory. |'","Remove `ENV LAYERLEAK_FINDINGS_DIR=/tmp/layerleak/findings` from the Dockerfile (no bundled binary uses it), or if it is kept for a future in-image CLI, add 'image default is /tmp/layerleak/findings' to the README/web config rows the same way API_ADDR is annotated.",
LAY-08,layers-scanner,compat,info,false,false,s,medium,downgraded,internal/layers/state.go,416,"Trailing bytes after a gzip/zstd stream fail the layer even though the digest verified, because the decompressed stream is drained past the tar end-of-archive","After tar.Reader returns io.EOF the engine copies the remainder of the *decompressed* reader to io.Discard. compress/gzip in multistream mode then tries to parse another member header; any padding or garbage after the gzip trailer yields gzip.ErrHeader, and klauspost returns a magic mismatch for zstd. containerd/moby only drain the compressed blob (for digest computation) and never read the decompressed stream past the archive, so such blobs pull and run fine but fail in Layerleak with `drain layer: gzip: invalid header`, failing the platform.","Probe appending 512 zero bytes or 'trailing-garbage' to a valid gzip layer: `err=apply layer sha256:trail: drain layer: gzip: invalid header files=[] layersCompleted=0` for both cases. Code: state.go:416-417 `if _, err := io.Copy(io.Discard, limitedReader); err != nil { return fmt.Errorf(""drain layer: %w"", err) }` followed by the raw-blob drain at :419.","Keep the current fail-closed behavior. Optionally map this error at state.go:416-417 to a dedicated diagnostic code (e.g. `layer_trailing_data`) instead of the generic manifest_failed so operators can distinguish it, and add the three fixtures (concatenated members pass; trailing zeros/garbage fail with that code).","Behavior reproduced (`drain layer: gzip: invalid header` for 512 zero bytes and for garbage; concatenated gzip members work), but the compat premise is wrong. containerd's core/diff/apply/apply.go reads trailing data from the DECOMPRESSED stream after archive.Apply (`// Read any trailing data` / `io.Copy(io.Discard, rc)`) and returns the error, so such a blob fails to unpack under containerd too; moby's layer_store applyTar also drains the decompressed stream (it ignores the error). Layerleak's fail-closed behavior is therefore containerd parity, and the recommended 'stop at tar EOF for containerd parity' change would move AWAY from parity and could hide a payload appended after the archive."
MIG-21,migration-inventory,migration-edit,info,false,false,xs,high,confirmed,go.mod,1,Recommended mechanical rewrite procedure and validated gotcha list,"(f) A tool such as marwan-at-work/mod (`mod upgrade --mod-name=github.com/brumbelow/layerleak --version=3`) or icholy/gomajor (`gomajor path github.com/brumbelow/layerleak/v3`) works, but the repo has no cross-module consumers and only import lines reference the path, so plain `go mod edit` + sed is simpler and auditable. Gotchas checked in a scratch copy: test files are covered by the same sed; go.sum is byte-identical (no self-dependency); gofmt import grouping unchanged; `go mod tidy -diff` clean; cmd/scanner dev entrypoint compiles; Dockerfile uses relative package paths (`./cmd/api` etc.) so it is unaffected; `go install .` and `go install .../v3@ver` both produce a binary named `layerleak`; Codacy (revive/tslint) and CodeQL autobuild do not reference the module path; docs/reviews CSV and web/index.html contain only GitHub URLs (unchanged).","Scratch run: `go mod edit -module github.com/brumbelow/layerleak/v3` + sed -> `module: github.com/brumbelow/layerleak/v3`, `remaining old imports: 0`, `gofmt -l: []`, BUILD_OK, VET_OK, TIDY_OK, `all modules verified`, GOSUM_UNCHANGED, `ls bin` -> `layerleak`, `ok github.com/brumbelow/layerleak/v3/internal/cli`, `ok github.com/brumbelow/layerleak/v3/internal/api`.","Single commit sequence: (1) `go mod edit -module github.com/brumbelow/layerleak/v3`; (2) the sed from MIG-02; (3) `gofmt -l .` must be empty; (4) `go build ./... && go vet ./... && go mod tidy -diff && go test -short ./... -count=1`; (5) apply MIG-03..MIG-18 edits in the same PR so CI (verify.yml:40) stays green; (6) `grep -rn 'brumbelow/layerleak' --include='*.go' --include='*.yml' --include='*.md' --include='*.html' --include='*.py' .` and confirm the only remaining non-/v3 hits are GitHub URLs, ghcr.io image names and the CHANGELOG/README sentences that intentionally describe the frozen root path.","Reproduced the full sequence in the scratch copy (go mod edit + sed, gofmt empty, build/vet/tidy -diff/go.sum unchanged, `go install .` -> `layerleak`). The 'grep for remaining non-/v3 hits' step should also exclude internal/api/handler_test.go:419/430 repository fixtures and the ghcr.io image name."
REG-25,registry-manifest,ci,info,false,false,xs,high,verifier-added,.gitignore,1,".gitignore lacks __pycache__/, so running the release scripts' Python tests dirties the working tree","The working tree was clean at c2ddd45, but after another audit step ran `python3 -m unittest` for scripts/, `git status` now shows untracked `scripts/__pycache__/` and `scripts/tests/__pycache__/`. A release preflight that checks for a clean tree, or a contributor running the tests before committing, will trip on these. Outside the registry area but observed while verifying the tree was untouched.","`git status --short` -> `?? scripts/__pycache__/` and `?? scripts/tests/__pycache__/`; `grep -n ""pycache\|\.pyc"" .gitignore` -> no output.",Add `__pycache__/` and `*.pyc` to .gitignore.,
DB-20,storage-migrations,improvement,info,false,false,xs,high,verifier-added,migrations/0004_storage_hardening.up.sql,193,"0004 adds constraints NOT VALID and VALIDATEs them in the same transaction, which gives none of the lock relief that pattern exists for","The NOT VALID + separate VALIDATE CONSTRAINT idiom reduces locking only when VALIDATE runs in a later transaction (it then needs SHARE UPDATE EXCLUSIVE instead of ACCESS EXCLUSIVE). Here every ADD CONSTRAINT ... NOT VALID (lines 193-239) and every VALIDATE (241-259) execute inside the single transaction applyMigration opens for the whole file (migrate.go:258-265), so the ACCESS EXCLUSIVE locks taken by the ALTER TABLEs are held until commit regardless and the full-table validation scans run under them. The split is harmless but misleading, and it matters for the lock-queue problem in DB-03 and for how future large-table migrations are written.","0004_storage_hardening.up.sql:194 `ADD CONSTRAINT repositories_registry_not_blank CHECK (BTRIM(registry) <> '') NOT VALID` ... :241 `ALTER TABLE repositories VALIDATE CONSTRAINT repositories_registry_not_blank;` in the same file; migrate.go:265 `tx.ExecContext(ctx, migration.SQL)` executes the file as one transaction.","Leave 0004 unchanged (its checksum is frozen, see DB-17) but add a comment-free note in RELEASING/CONTRIBUTING: for future migrations that must validate constraints on large tables, put the VALIDATE CONSTRAINT statements in a separate numbered migration file so they run in their own transaction under the weaker lock; alternatively drop the NOT VALID/VALIDATE split in new migrations when both halves would share a transaction.",
RUN-10,toolchain-run,improvement,info,false,false,s,high,unverified,internal/manifest/integrity.go,85,"Wide lint pass: remaining true positives are style-only (perfsprint, intrange, gocritic, thelper, exhaustive defaults)","Wide pass (36 linters, --default none) reported 176 issues. False positives: depguard 50 (default deny-list), revive 50 (all exported/package-comments, which revive.toml disables; running revive with the repo's enabled rules via a scratch config yields 0 issues), bodyclose 1 (OpenBlob returns the body to the caller), exhaustive 9 (every switch has a default), gosec 9 (G101 on string constants/test tokens, G302 on chmod 0700 of a directory, G304 reading migration files by design, test-only G306/G402), noctx 6 (integration tests), contextcheck 3 (deferred rollback intentionally uses a fresh context). Remaining style items: perfsprint 8 (fmt.Sprintf(""%d"") -> strconv), intrange 3, gocritic 6 (ifElseChain, assignOp at state.go:440, appendAssign at scanner/scan.go:436 and migrate.go:943), thelper 3 (testing.TB param named t), errorlint 1 (state.go:232 `err == io.EOF` from tar.Reader.Next, safe today).",`176 issues: * bodyclose: 1 * contextcheck: 3 * depguard: 50 * errcheck: 22 * errorlint: 1 * exhaustive: 9 * gocritic: 6 * gosec: 9 * ineffassign: 1 * intrange: 3 * noctx: 6 * perfsprint: 8 * revive: 50 * staticcheck: 2 * thelper: 3 * wastedassign: 2`; revive with repo rules via scratch config: `0 issues.`,"Fold the style fixes into the lint-cleanup commit (RUN-02/03); do not enable depguard/exhaustive/gosec-G101 in the new .golangci.yml, or configure them to match the repo's conventions.",
DOC-12,docs-web,refuted,,,,,,refuted,,,"Cosign/gh identities use 'Brumbelow' capitalization while every other reference (module, GHCR, Pages, workflow guard) is lowercase; exact-match identity must be confirmed on the first RC",,,,"The open question is answered: `gh api repos/brumbelow/layerleak` returns full_name 'Brumbelow/layerleak' and owner.login 'Brumbelow'. GITHUB_REPOSITORY and the OIDC job_workflow_ref (hence the Fulcio SAN) use the repository's canonical casing, so the documented `--certificate-identity 'https://github.com/Brumbelow/layerleak/.github/workflows/container-release.yml@refs/heads/main'` (README.md:447, SECURITY.md:111, RELEASING.md:317) already matches what the workflow itself verifies with `${GITHUB_REPOSITORY}` (container-release.yml:706, :1208). The lowercase forms in go.mod, GHCR and the Pages origin are required by Go/OCI/Pages and are not evidence of a mismatch. No documentation change is needed; confirming the SAN on the first RC is a harmless checklist item but not a defect."
