alert,rule,file,initial_line,disposition,dismissal_reason,rationale,evidence
https://github.com/Brumbelow/layerleak/security/code-scanning/1001,ESLint8_security_detect-object-injection,web/assets/demo.js,80,dismissal,false positive,"The frames lookup uses a private numeric replay index: runDemo calls stepFrame(0), stepFrame computes next = index + 1, and only schedules stepFrame(next) when next < state.data.frames.length. No URL, event field, fixture key, or user-controlled property name supplies index. The same-origin bundled JSON fixture supplies an array; this read does not write properties or invoke the indexed value. The synthetic browser replay test checks both frame transitions and replay reset.",web/assets/demo.js; scripts/tests/test_demo.cjs; DEMO_BROWSER_PATH=/usr/bin/google-chrome npm test --prefix scripts/tests (5 passing browser tests)
https://github.com/Brumbelow/layerleak/security/code-scanning/1002,ESLint8_xss_no-mixed-html,web/assets/demo.js,82,source fix,Remove HTML interpretation of fixture status text.,Status rendering now creates a strong label with textContent and appends status using a text node. The fixture status is no longer concatenated into an HTML sink. A real-browser test confirms harmless markup-shaped status text remains literal and Status: stays inside strong.,web/assets/demo.js; scripts/tests/test_demo.cjs; DEMO_BROWSER_PATH=/usr/bin/google-chrome npm test --prefix scripts/tests (5 passing browser tests)
https://github.com/Brumbelow/layerleak/security/code-scanning/1003,ESLint8_no-unsanitized_property,web/assets/demo.js,82,source fix,Remove dynamic innerHTML status assignment.,"All demo status updates use renderStatus, which replaces children with a strong label and a text node; no status update assigns innerHTML. Literal-text and fixture-load-failure browser tests cover both successful replay and the error state.",web/assets/demo.js; scripts/tests/test_demo.cjs; DEMO_BROWSER_PATH=/usr/bin/google-chrome npm test --prefix scripts/tests (5 passing browser tests)
https://github.com/Brumbelow/layerleak/security/code-scanning/1004,ESLint8_security_detect-object-injection,web/assets/demo.js,191,source fix,Give fixture table names an own-property lookup boundary.,"Fixture tables are converted to a Map using Object.entries when loaded, and renderTable uses Map.get. Only own enumerable JSON table entries are available, so a missing table name cannot resolve an inherited object property. The browser test verifies that a missing constructor table produces the existing Unknown table state.",web/assets/demo.js; scripts/tests/test_demo.cjs; DEMO_BROWSER_PATH=/usr/bin/google-chrome npm test --prefix scripts/tests (5 passing browser tests)
https://github.com/Brumbelow/layerleak/security/code-scanning/1005,ESLint8_security_detect-object-injection,web/assets/demo.js,216,source fix,Give fixture row column names an own-property lookup boundary.,"Each rendered row is converted to a Map using Object.entries, and columns are read through Map.get. Missing inherited names render as the normal empty-cell marker while an explicitly supplied constructor field renders its own value. Browser checks also preserve null, absent, blank, boolean, numeric, object and literal-text cell formatting.",web/assets/demo.js; scripts/tests/test_demo.cjs; DEMO_BROWSER_PATH=/usr/bin/google-chrome npm test --prefix scripts/tests (5 passing browser tests)
https://github.com/Brumbelow/layerleak/security/code-scanning/1201,Lizard_ccn-minor,internal/storage/migrate.go,52,dismissal,won't fix,"RunMigrations: accepted cyclomatic complexity debt. The sequence validates the complete migration set before connecting, owns one database connection and advisory lock, loads/adopts the ledger, validates checksums, applies pending files and verifies schema. Per-file application is already delegated. Retaining resource lifetime and migration ordering in one top-level routine is reasonable; existing migration tests cover sequence rejection, checksum/idempotence and legacy adoption.",internal/storage/migrate.go:RunMigrations; internal/storage/migrate_test.go:TestRunMigrationsRejectsNonContiguousSetBeforeConnecting; internal/storage/storage_integration_test.go:TestRunMigrationsTracksChecksumsAndIsIdempotent
https://github.com/Brumbelow/layerleak/security/code-scanning/1202,Lizard_ccn-minor,internal/storage/migrate.go,509,dismissal,won't fix,"inspectLegacySchema: accepted cyclomatic complexity debt. The routine recognizes the four supported legacy schema stages from base tables, metadata columns, scan_runs and hardening markers, then validates the complete selected contract before adoption. Keeping the ordered stage checks together exposes partial-migration rejection. Existing integration tests cover incomplete legacy schemas and directly applied version-four adoption.",internal/storage/migrate.go:inspectLegacySchema; internal/storage/migrate.go:validateSchemaContract; internal/storage/storage_integration_test.go:TestRunMigrationsRejectsIncompleteLegacySchema; internal/storage/storage_integration_test.go:TestRunMigrationsAdoptsSchemaAppliedDirectlyThroughVersionFour
https://github.com/Brumbelow/layerleak/security/code-scanning/1203,Lizard_ccn-minor,internal/storage/migrate.go,638,dismissal,won't fix,"hasStorageHardeningMarker: accepted cyclomatic complexity debt. This is a short staged presence probe for a version-four column, constraints and indexes, propagating query errors at each stage. Its result selects which full contract inspectLegacySchema must validate; marker presence alone does not establish validity. Keep the version exclusions and early return in one routine. Existing version-four adoption coverage exercises that caller path.",internal/storage/migrate.go:hasStorageHardeningMarker; internal/storage/migrate.go:inspectLegacySchema; internal/storage/storage_integration_test.go:TestRunMigrationsAdoptsSchemaAppliedDirectlyThroughVersionFour
https://github.com/Brumbelow/layerleak/security/code-scanning/1204,Lizard_ccn-minor,internal/storage/migrate.go,680,dismissal,won't fix,"requireSchemaColumns: accepted cyclomatic complexity debt. The routine keeps the catalog query, per-table column snapshot and versioned type/nullability/default requirements together. Its branches are explicit failure diagnostics for the schema contract; requirements and default comparison already have separate representations/helpers. Existing column-drift integration cases check missing identity default, wrong type and unexpected nullability. Retain this cohesive validation flow.",internal/storage/migrate.go:requireSchemaColumns; internal/storage/migrate.go:schemaColumnDefaultMatches; internal/storage/storage_integration_test.go:TestPostgresStoreRequireSchemaRejectsColumnDefinitionDrift
https://github.com/Brumbelow/layerleak/security/code-scanning/1205,Lizard_ccn-minor,internal/storage/migrate.go,777,dismissal,won't fix,"requireSchemaConstraints: accepted cyclomatic complexity debt. The routine matches named or definition-based requirements for the requested schema version, then checks validation state and normalized definition. These distinctions must remain visible because a constraint name alone is insufficient. Existing drift integration cases cover missing unique/foreign-key constraints and a same-name wrong check. Retain the catalog-to-contract comparison as one flow.",internal/storage/migrate.go:requireSchemaConstraints; internal/storage/migrate.go:normalizeSchemaDefinition; internal/storage/storage_integration_test.go:TestPostgresStoreRequireSchemaRejectsConstraintDrift
https://github.com/Brumbelow/layerleak/security/code-scanning/1206,Lizard_ccn-minor,internal/storage/migrate.go,877,dismissal,won't fix,"requireSchemaIndexes: accepted cyclomatic complexity debt. The catalog snapshot captures ordered keys, access method, uniqueness, validity/readiness/liveness, predicates and included columns before comparing versioned requirements. Keeping these checks together makes the accepted index definition explicit; column-order comparison is already delegated. Existing integration cases reject same-name wrong indexes and check ordering/invalid indexes. Retain this schema validation unit.",internal/storage/migrate.go:requireSchemaIndexes; internal/storage/migrate.go:schemaIndexColumnsMatch; internal/storage/storage_integration_test.go:TestPostgresStoreRequireSchemaRejectsSameNameWrongIndex; internal/storage/storage_integration_test.go:TestPostgresStoreRequireSchemaValidatesIndexOrdering
https://github.com/Brumbelow/layerleak/security/code-scanning/1207,Lizard_ccn-minor,web/assets/demo.js,1,source fix,Reduce the required-element guard complexity without changing its behavior.,"The nine required elements are checked by requiredElements.every(Boolean), replacing the repeated OR expression. Lizard 1.23.0 reports outer IIFE CCN 3 and NLOC 41, below CCN 10 and NLOC 50 limits; all demo and browser-test functions pass those thresholds.",web/assets/demo.js; scripts/tests/test_demo.cjs; /tmp/layerleak-web-check/bin/lizard web/assets/demo.js scripts/tests/test_demo.cjs -C 10 -T nloc=50 --warnings_only; DEMO_BROWSER_PATH=/usr/bin/google-chrome npm test --prefix scripts/tests (5 passing browser tests)
https://github.com/Brumbelow/layerleak/security/code-scanning/1208,Lizard_ccn-minor,internal/scanservice/service_test.go,237,dismissal,won't fix,"Accepting the table callback complexity in TestScanAndSaveAppliesRawFindingPolicy. Cases cover default-off, explicit opt-in and byte-limit rejection using the same input. It checks incomplete status/diagnostics where required, exactly one persisted run, and raw fields in both returned and stored findings. Keeping those paired checks in one runner prevents the two representations from drifting.",internal/scanservice/service_test.go:TestScanAndSaveAppliesRawFindingPolicy/table callback
https://github.com/Brumbelow/layerleak/security/code-scanning/1209,Lizard_ccn-minor,internal/api/run.go,19,dismissal,won't fix,"api.Run: accepted cyclomatic complexity debt. This top-level startup routine owns config/logger/store creation, schema requirement, historical raw-material warning, server options, signal handling and graceful shutdown. Keeping the store and server lifetimes together is reasonable; business logic already resides in handler/service packages. Existing run_test checks logger configuration only, so this acceptance is based on lifecycle/source review and does not claim full startup/shutdown test coverage.",internal/api/run.go:Run; internal/api/run.go:newDefaultLogger; internal/api/run_test.go:TestNewDefaultLoggerHonorsConfiguredLevel
https://github.com/Brumbelow/layerleak/security/code-scanning/1210,Lizard_ccn-minor,internal/storage/storage_integration_test.go,441,dismissal,won't fix,"Accepting this upsert/provenance test's complexity. It saves the same record twice at different times and checks one finding/two occurrences, empty raw value/snippet by default, actionable disposition, empty reason and a positive line number. These independent database assertions confirm upsert identity and retained provenance without raw retention, so they remain explicit.",internal/storage/storage_integration_test.go:TestPostgresStoreSaveScanUpsertsAndRetainsProvenance
https://github.com/Brumbelow/layerleak/security/code-scanning/1211,Lizard_ccn-minor,internal/storage/storage_integration_test.go,925,dismissal,won't fix,"Accepting this aggregation/filter test's complexity. One of two saved occurrences is marked example; the actionable query must return one finding with two total, one actionable and one suppressed occurrence plus the expected detector. The suppressed query must also return that finding. These assertions intentionally compare both views of the same grouped data.",internal/storage/storage_integration_test.go:TestPostgresStoreListRepositoryFindingsAggregatesAndFiltersDispositions
https://github.com/Brumbelow/layerleak/security/code-scanning/1212,Lizard_ccn-minor,internal/storage/storage_integration_test.go,975,dismissal,won't fix,"Accepting this occurrence-detail test's complexity. It migrates the test database, saves the shared two-occurrence record, obtains the finding ID through the list API, then checks GetFinding returns that ID, two occurrences and populated context/source location. The branches are setup error handling and direct relational read postconditions; no metric-only extraction is needed.",internal/storage/storage_integration_test.go:TestPostgresStoreGetFindingLoadsOccurrenceDetail
https://github.com/Brumbelow/layerleak/security/code-scanning/1213,Lizard_ccn-minor,internal/cli/scan.go,42,dismissal,won't fix,"newScanCmdWithStore RunE closure: accepted cyclomatic complexity debt. This command lifecycle validates flags before scanning, owns timeout/progress/store cleanup, invokes the service, publishes artifacts and preserves scan/save/publication/output error precedence. Its long flow keeps cancellation and durable-output ordering visible; scope parsing, publication and summary rendering are already separate helpers. Existing reliability tests assert retained output after save/progress failure and no publication after cancellation. Keep this orchestration while separately simplifying renderSummary.",internal/cli/scan.go:newScanCmdWithStore; internal/cli/reliability_test.go:TestScanCommandPreservesOutputAfterSaveFailure; internal/cli/reliability_test.go:TestScanCommandPreservesOutputAfterProgressFailure; internal/cli/reliability_test.go:TestScanCommandCancellationDuringSaveStillSkipsPublication
https://github.com/Brumbelow/layerleak/security/code-scanning/1214,Lizard_ccn-minor,internal/cli/scan.go,356,source fix,,"Replaced duplicated summary writes with ordered rows and a checked emission loop, with separate table rendering and status helpers. Existing output is preserved by exact reference/repository summaries, conditional-field tests and writer-error tests. Lizard 1.23.0 measures renderSummary complexity 5 (was 37); every added production helper is at most 9.",internal/cli/summary_test.go
https://github.com/Brumbelow/layerleak/security/code-scanning/1215,Lizard_ccn-minor,internal/jobs/scan.go,195,dismissal,won't fix,"scanSingleReference: accepted cyclomatic complexity debt. The length is largely explicit scanner-to-job result mapping. The remaining branches distinguish completed, partial and failed targets and preserve fatal/limit errors before finalization. Keeping these counters and status/error decisions together avoids obscuring partial-result semantics. Existing CLI single-reference and partial-limit tests exercise this jobs path; the repository sweep has a separate routine.",internal/jobs/scan.go:scanSingleReference; internal/jobs/scan.go:scanTarget; internal/cli/scan_test.go:TestScanCommandBareReferenceDefaultsToLatestWithoutTagEnumeration; internal/cli/scan_test.go:TestScanCommandWritesPartialResultsOnConfiguredLimitError
https://github.com/Brumbelow/layerleak/security/code-scanning/1216,Lizard_ccn-minor,internal/jobs/scan.go,274,dismissal,won't fix,"scanRepository: accepted cyclomatic complexity debt. The routine owns tag enumeration/resolution, digest grouping, target order and shared scan budgets, then aggregates partial results while preserving fatal/limit errors. Keeping the shared counters and early exits visible is reasonable; scanTarget and finalization already isolate lower-level work. Existing jobs tests cover digest deduplication, completed-target preservation on limits and raw/finding budgets across targets.",internal/jobs/scan.go:scanRepository; internal/jobs/scan.go:scanTarget; internal/jobs/scan_test.go:TestScanRepositoryEnumeratesTagsAndDeduplicatesDigests; internal/jobs/scan_test.go:TestScanRepositoryAbortsOnLimitErrorAndPreservesCompletedTargets; internal/jobs/scan_test.go:TestScanRepositoryAppliesRawFindingByteLimitAcrossTargets
https://github.com/Brumbelow/layerleak/security/code-scanning/1217,Lizard_ccn-minor,internal/manifest/reference.go,24,dismissal,won't fix,"ParseReference: accepted cyclomatic complexity debt. The routine rejects unsupported surrounding syntax, delegates distribution-reference parsing, normalizes registry aliases and validates extracted registry/digest before returning the reference fields. Keeping normalization and validation in one entry point prevents callers from assembling inconsistent identities. Existing malformed-reference and IPv6 tests cover the accepted/rejected syntax; identifier helpers keep default-tag semantics outside this parser.",internal/manifest/reference.go:ParseReference; internal/manifest/reference_test.go:TestParseReferenceRejectsMalformedValues; internal/manifest/reference_test.go:TestParseReferenceAcceptsIPv6Registry
https://github.com/Brumbelow/layerleak/security/code-scanning/1218,Lizard_ccn-minor,internal/manifest/reference.go,180,dismissal,won't fix,"validateRegistry: accepted cyclomatic complexity debt. The branches distinguish bracketed IP:port, host:port and plain hostname before validating port and DNS-label grammar. This single registry-authority contract belongs together and remains separate from outbound network policy. Existing malformed-reference cases check bad ports/hosts and the IPv6 test covers accepted bracketed authority. Keep the grammar explicit rather than distribute its rejection cases.",internal/manifest/reference.go:validateRegistry; internal/manifest/reference.go:ParseReference; internal/manifest/reference_test.go:TestParseReferenceRejectsMalformedValues; internal/manifest/reference_test.go:TestParseReferenceAcceptsIPv6Registry
https://github.com/Brumbelow/layerleak/security/code-scanning/1219,Lizard_ccn-minor,internal/detectors/structured.go,110,dismissal,won't fix,"awsSharedCredentialsDetector.Scan: accepted cyclomatic complexity debt. The routine keeps profile-level secret presence separate from per-key validation/confidence and deterministic match ordering. Access IDs, secret keys and session tokens have different validators and labels, so keeping their explicit cases together makes those differences visible. Existing paired/unpaired profile tests check confidence and structured-match deduplication. Preserve this dispatch while handling the separate parseINIKeyValue span issue under alert 1220.",internal/detectors/structured.go:awsSharedCredentialsDetector.Scan; internal/detectors/structured.go:parseAWSSharedCredentialsEntries; internal/detectors/detectors_test.go:TestAWSSharedCredentialsDetectorPromotesPairedProfile; internal/detectors/detectors_test.go:TestAWSSharedCredentialsDetectorKeepsUnpairedAccessKeyMedium
https://github.com/Brumbelow/layerleak/security/code-scanning/1220,Lizard_ccn-minor,internal/detectors/structured.go,245,source fix,,"Corrected value trimming so quoted and unquoted padding preserves byte offsets: line[start:end] equals the returned value, including Unicode whitespace. Five span regressions failed before the change and now pass; empty/comment behavior remains covered. Lizard 1.23.0 measures parseINIKeyValue complexity 9 (was 11), so this metric is also resolved.",internal/detectors/ini_test.go
https://github.com/Brumbelow/layerleak/security/code-scanning/1221,Lizard_ccn-minor,internal/detectors/structured.go,295,dismissal,won't fix,"gitCredentialsDetector.Scan: accepted cyclomatic complexity debt. The routine gates on .git-credentials, parses each line as a URL, validates credential shape and locates the literal password span before emitting a structured match. Keep parsing and offset construction adjacent so the emitted value can be checked against content. Existing TestGitCredentialsDetectorExtractsPassword covers the literal-password path. Percent-encoded forms are not covered by that test; this metric disposition does not claim complete URL-form coverage.",internal/detectors/structured.go:gitCredentialsDetector.Scan; internal/detectors/detectors.go:looksLikeBasicAuthURL; internal/detectors/detectors_test.go:TestGitCredentialsDetectorExtractsPassword
https://github.com/Brumbelow/layerleak/security/code-scanning/1223,Lizard_ccn-minor,internal/cli/results.go,242,dismissal,won't fix,"sanitizePathToken: accepted cyclomatic complexity debt. The compact rune switch preserves ASCII letters/digits/dash/underscore, substitutes known separators and drops everything else before trimming edge dashes. Those alternatives define one filename alphabet and are clearer kept together. buildResultFileName supplies a fallback when sanitization is empty; existing result-publication tests exercise repository-derived names and concurrent output creation.",internal/cli/results.go:sanitizePathToken; internal/cli/results.go:buildResultFileName; internal/cli/results_test.go:TestWriteResultArtifactsUsesConfiguredDirectory; internal/cli/results_test.go:TestWriteResultArtifactsPublishesConcurrentResultsWithoutCollisions
https://github.com/Brumbelow/layerleak/security/code-scanning/1224,Lizard_ccn-minor,internal/config/config.go,64,dismissal,won't fix,"config.Load: accepted cyclomatic complexity debt. Length and branches arise from explicit typed environment-name/default/field mappings plus immediate parse errors. Numeric, duration, boolean and host parsing are already helpers; retaining typed assignments makes positive versus zero-disable limits and the idle/open pool relationship visible. Existing default, zero-resource-limit, invalid-value and pool-relation tests cover those distinctions. Avoid replacing this mapping with reflection or a generic untyped loader merely to reduce metrics.",internal/config/config.go:Load; internal/config/config_test.go:TestLoadDefaults; internal/config/config_test.go:TestLoadAllowsZeroResourceLimits; internal/config/config_test.go:TestLoadRejectsIdleConnectionsAboveOpenConnections
https://github.com/Brumbelow/layerleak/security/code-scanning/1225,Lizard_ccn-minor,internal/config/config.go,343,dismissal,won't fix,"normalizeAllowedHost: accepted cyclomatic complexity debt. The branches deliberately separate bracketed IP:port, hostname:port and bare hostname, rejecting URL components, unbracketed IPv6 and invalid ports. Keeping this syntax dispatch together preserves exact host/port allowlist semantics. TestLoadRejectsInvalidPrivateHostAllowlist covers malformed labels, URL syntax and port bounds; valid host-list parsing is covered separately. Retain the compact grammar flow.",internal/config/config.go:normalizeAllowedHost; internal/config/config.go:hostListFromEnv; internal/config/config_test.go:TestLoadRejectsInvalidPrivateHostAllowlist; internal/config/config_test.go:TestLoadParsesPrivateHostAllowlists
https://github.com/Brumbelow/layerleak/security/code-scanning/1226,Lizard_ccn-minor,internal/config/config.go,388,dismissal,won't fix,"validateHostname: accepted cyclomatic complexity debt. The validator checks IP literals, total and per-label lengths, empty labels, edge hyphens and allowed ASCII characters with field-specific errors. These are one hostname grammar, not separate operations that benefit from extraction. Existing invalid-private-host tests cover underscores, empty labels and hyphen edges through config.Load. Retain the explicit checks; length extremes are source-inspected, not claimed exhaustively tested here.",internal/config/config.go:validateHostname; internal/config/config.go:normalizeAllowedHost; internal/config/config_test.go:TestLoadRejectsInvalidPrivateHostAllowlist
https://github.com/Brumbelow/layerleak/security/code-scanning/1227,Lizard_ccn-minor,internal/scanner/scan_test.go,29,dismissal,won't fix,"Accepting the multi-architecture test's complexity. Assertions cover manifest-limit failure, successful two-manifest counts, all expected metadata/final/deleted-file source types, raw environment detail and final progress totals. The loops and checks validate multiple outputs of the same image fixture; preserving them together helps catch cross-component regressions.",internal/scanner/scan_test.go:TestScanMultiArchImage
https://github.com/Brumbelow/layerleak/security/code-scanning/1228,Lizard_ccn-minor,internal/scanner/scan_test.go,103,dismissal,won't fix,"Accepting the mock transport complexity in TestScanMultiArchImage. It routes auth, the root index, amd64/arm64 manifests, both configs and three layer blobs. The surrounding test depends on those distinct bodies to exercise metadata sources, deleted/overwritten layer content and multiple platforms. Explicit endpoint cases keep this integration fixture understandable.",internal/scanner/scan_test.go:TestScanMultiArchImage/transport
https://github.com/Brumbelow/layerleak/security/code-scanning/1229,Lizard_ccn-minor,internal/scanner/scan_test.go,900,dismissal,won't fix,"Accepting the limit subtest's complexity in TestDetectionBudgetBoundsRawFindingRetention. With a one-byte raw budget, it preserves one redacted finding, clears raw fields, marks the budget stopped/exceeded without retained bytes, checks diagnostic code/limit/observed, and rejects subsequent scanning. Those postconditions make the exact limit transition observable.",internal/scanner/scan_test.go:TestDetectionBudgetBoundsRawFindingRetention/limit
https://github.com/Brumbelow/layerleak/security/code-scanning/1230,Lizard_ccn-minor,internal/scanner/scan_test.go,935,dismissal,won't fix,"Accepting the subtest callback complexity in TestDetectionBudgetRedactsDifferentSecretInFilePathWithoutEmittingFinding. Short and long paths hold a different secret from the content; checks preserve only the content fingerprint, redact public path/source fields, keep the retained count at one, and use a hash of redacted provenance for long paths. These are complementary checks of one provenance-only secret scenario.",internal/scanner/scan_test.go:TestDetectionBudgetRedactsDifferentSecretInFilePathWithoutEmittingFinding/table callback
https://github.com/Brumbelow/layerleak/security/code-scanning/1231,Lizard_ccn-minor,internal/scanservice/record.go,302,dismissal,won't fix,"scanRunStatus: accepted cyclomatic complexity debt. The compact decision tree gives explicit completed/partial/failed status precedence and falls back to completed-manifest and error counters. The compound condition represents the separate sources of incomplete coverage, rather than independent processing stages suitable for extraction. Keeping it centralized lets BuildScanRecord use one status policy; the existing record test checks partial status propagation.",internal/scanservice/record.go:scanRunStatus; internal/scanservice/record.go:BuildScanRecord; internal/scanservice/record_test.go:TestBuildScanRecordSanitizesErrorsAndPersistsPartialStatus
https://github.com/Brumbelow/layerleak/security/code-scanning/1232,Lizard_ccn-minor,internal/detectors/detectors.go,272,dismissal,won't fix,"pathRegexDetector.Scan: accepted cyclomatic complexity debt. The routine first gates on expected path, then assigns structured priority to an explicit finite list of file-format detectors before invoking shared regex matching. The detector-name alternatives dominate its complexity count. Keeping that precedence list visible is reasonable; existing file-specific detector and overlap-deduplication tests exercise path gating and priority-sensitive matching.",internal/detectors/detectors.go:pathRegexDetector.Scan; internal/detectors/detectors.go:scanRegexMatches; internal/detectors/detectors_test.go:TestFileSpecificDetectorsRequireExpectedPath; internal/detectors/detectors_test.go:TestDefaultSetDeduplicatesOverlappingGithubDetectors
https://github.com/Brumbelow/layerleak/security/code-scanning/1233,Lizard_ccn-minor,internal/detectors/detectors.go,314,dismissal,won't fix,"keyValueDetector.Scan: accepted cyclomatic complexity debt. The routine gates on a sensitive key, walks line-relative matches, verifies spans/assignment context and applies a detector-specific validator before translating to absolute offsets. These checks jointly decide whether one candidate is a valid assigned value. Keep them together; existing context-sensitive AWS/service-token tests exercise the adapters and avoid accepting unconstrained matching text.",internal/detectors/detectors.go:keyValueDetector.Scan; internal/detectors/detectors.go:hasAssignedValuePrefix; internal/detectors/detectors_test.go:TestAWSSecretAccessKeyRequiresContext; internal/detectors/detectors_test.go:TestContextualServiceTokensRequireServiceContext
https://github.com/Brumbelow/layerleak/security/code-scanning/1234,Lizard_ccn-minor,internal/detectors/detectors.go,565,dismissal,won't fix,"looksLikeBasicAuthURL: accepted cyclomatic complexity debt. The short validator checks printable text, HTTP(S), parsed userinfo with nonempty username/password and printable host/credentials. These predicates form one URL credential-shape check used by both generic and git-credential detection. Keeping them explicit is reasonable. Existing nonprintable and placeholder URL tests cover key rejection paths; retain this validation boundary.",internal/detectors/detectors.go:looksLikeBasicAuthURL; internal/detectors/structured.go:gitCredentialsDetector.Scan; internal/detectors/detectors_test.go:TestBasicAuthURLRejectsNonPrintableMatches; internal/detectors/detectors_test.go:TestDefaultSetDiscardsPlaceholderBasicAuthURL
https://github.com/Brumbelow/layerleak/security/code-scanning/1235,Lizard_ccn-minor,internal/detectors/detectors.go,734,dismissal,won't fix,"hasStrongEntropyShape: accepted cyclomatic complexity debt. The routine classifies character categories once, counts relevant classes, and applies length/separator rules to distinguish likely secrets from word-like identifiers. Those alternatives are the detector heuristic itself. Keep the policy explicit rather than spreading thresholds through helpers; existing wordy-candidate and assignment-context tests exercise the surrounding entropy decision.",internal/detectors/detectors.go:hasStrongEntropyShape; internal/detectors/structured.go:looksLikeAssignedSensitiveValue; internal/detectors/detectors_test.go:TestKeywordEntropySuppressesWordyCandidates; internal/detectors/detectors_test.go:TestKeywordEntropyRequiresAssignmentContext
https://github.com/Brumbelow/layerleak/security/code-scanning/1236,Lizard_ccn-minor,internal/findings/findings_test.go,294,dismissal,won't fix,"Accepting this normalizer test's complexity. A 4,000-match fixture and long multilingual metadata key check byte bounds, valid UTF-8 and a digest suffix, then validate each finding's key/source location. A changed long key must produce different provenance. The loops and predicates are needed to check both per-match bounds and distinction after truncation.",internal/findings/findings_test.go:TestDetailedNormalizerBoundsLargeMetadataProvenanceWithManyMatches
https://github.com/Brumbelow/layerleak/security/code-scanning/1237,Lizard_ccn-minor,internal/registry/client.go,265,dismissal,won't fix,"Client.ListTags: accepted cyclomatic complexity debt. The loop manages one pagination state: seen URLs, deduplicated tags, per-page deadline/body limit, tag syntax, total tag limit and no-progress detection. Keeping those checks adjacent makes the next-page advance and retained partial tags explicit. Existing pagination tests cover cycles, no-new-tag pages and partial results on limits. Retain this bounded enumeration state machine.",internal/registry/client.go:Client.ListTags; internal/registry/client_test.go:TestListTagsFollowsPagination; internal/registry/client_test.go:TestListTagsRejectsPaginationCycle; internal/registry/client_test.go:TestListTagsReturnsPartialTagsWhenLimitExceeded
https://github.com/Brumbelow/layerleak/security/code-scanning/1238,Lizard_ccn-minor,internal/registry/client.go,347,dismissal,won't fix,"Client.doRequest: accepted cyclomatic complexity debt. The routine owns the initial request, unauthorized challenge/body closure, validated auth realm, cached token retry and single forced refresh after a second 401. executeRequest already isolates transport retries. Keeping challenge/cache refresh transitions together avoids obscuring retry limits and response ownership. TestFetchManifestRefreshesExpiredCachedToken explicitly checks two token and two authorized requests.",internal/registry/client.go:Client.doRequest; internal/registry/client.go:Client.executeRequest; internal/registry/client_test.go:TestFetchManifestRefreshesExpiredCachedToken
https://github.com/Brumbelow/layerleak/security/code-scanning/1239,Lizard_ccn-minor,internal/registry/client.go,450,dismissal,won't fix,"Client.fetchToken: accepted cyclomatic complexity debt. The routine ties cache admission, auth-realm query construction and revalidation, auth request context, bounded response decoding and cache insertion into one token acquisition flow. Retain those policy checks beside acquisition; extracting only error branches would hide resource and admission order. Existing tests check auth response byte limits and token refresh, while separate cache tests exercise entry/byte caps.",internal/registry/client.go:Client.fetchToken; internal/registry/client_test.go:TestClientBoundsAuthTokenResponse; internal/registry/client_test.go:TestFetchManifestRefreshesExpiredCachedToken; internal/registry/client_test.go:TestClientFailsClosedWhenTokenCacheEntryLimitIsReached
https://github.com/Brumbelow/layerleak/security/code-scanning/1240,Lizard_ccn-minor,internal/registry/client.go,835,dismissal,won't fix,"parseEndpointURL: accepted cyclomatic complexity debt. The early returns encode the endpoint grammar: absolute host, no userinfo/fragment, valid hostname/port and allowed scheme. This is intentionally separate from outbound address resolution and configured-query restrictions. Keep the small grammar validator readable as one unit; URL-validation tests exercise safe error text and HTTP-only-for-allowlisted-host behavior through its callers.",internal/registry/client.go:parseEndpointURL; internal/registry/client.go:Client.validateOutboundURL; internal/registry/client_test.go:TestURLValidationErrorsDoNotEchoUntrustedValues; internal/registry/client_test.go:TestClientAllowsHTTPOnlyForExactPrivateHost
https://github.com/Brumbelow/layerleak/security/code-scanning/1241,Lizard_ccn-minor,internal/registry/client.go,984,dismissal,won't fix,"validAllowedHostname: accepted cyclomatic complexity debt. The compact predicate distinguishes IP literals from DNS labels and checks total/label lengths, hyphen edges and ASCII characters. Its compound conditions express a single hostname grammar used by endpoints and host allowlists. Retain this centralized predicate; existing endpoint/private-host tests exercise its callers. This rationale does not claim those tests enumerate every boundary.",internal/registry/client.go:validAllowedHostname; internal/registry/client.go:parseEndpointURL; internal/registry/client.go:normalizeHostAllowlist; internal/registry/client_test.go:TestClientUsesSeparateExactPrivateHostAllowlists
https://github.com/Brumbelow/layerleak/security/code-scanning/1242,Lizard_ccn-minor,internal/registry/client.go,1016,dismissal,won't fix,"Client.hardenHTTPClient: accepted cyclomatic complexity debt. The routine validates transport type/TLS verification, clones caller state, establishes minimum TLS/header bounds and installs the pinned transport. Keeping those steps together makes the ownership and policy transition explicit. TestRegistryTransportRequiresTLS12 asserts TLS 1.0 is raised, TLS 1.3 retained and caller configuration cloned; the header-cap test covers that separate limit. Retain this setup unit.",internal/registry/client.go:Client.hardenHTTPClient; internal/registry/client_test.go:TestRegistryTransportRequiresTLS12; internal/registry/client_test.go:TestDefaultTransportCapsRegistryResponseHeaders
https://github.com/Brumbelow/layerleak/security/code-scanning/1243,Lizard_ccn-minor,internal/api/handler.go,272,dismissal,won't fix,"Handler.handleScan: accepted cyclomatic complexity debt. The endpoint keeps media-type/body-size/single-JSON validation before reference/platform validation, scan-slot admission and deadline-bound ScanAndSave. The slot release and response/error mapping remain visibly tied to the request. Existing tests cover capacity rejection, oversize bodies and partial-result responses. Retain this request lifecycle rather than spreading validation/admission order across unrelated helpers.",internal/api/handler.go:Handler.handleScan; internal/api/handler_test.go:TestHandleScanRejectsWhenConcurrencyIsExhausted; internal/api/handler_test.go:TestHandleScanRejectsOversizeBody; internal/api/handler_test.go:TestHandleScanReturnsPartialResultOnLimitError
https://github.com/Brumbelow/layerleak/security/code-scanning/1244,Lizard_ccn-minor,internal/api/handler.go,866,dismissal,won't fix,"validRequestID: accepted cyclomatic complexity debt. This short validator trims once, caps IDs at 128 bytes and applies an explicit ASCII allowlist before the value reaches headers/log correlation. The boolean character ranges inflate the metric but directly express the accepted alphabet. Keep the predicate transparent; middleware supplies a generated ID on rejection and TestRequestIDIsReturnedInHeaderAndError checks accepted-ID propagation. That test is not exhaustive invalid-character coverage.",internal/api/handler.go:validRequestID; internal/api/handler.go:Handler.middleware; internal/api/handler_test.go:TestRequestIDIsReturnedInHeaderAndError
https://github.com/Brumbelow/layerleak/security/code-scanning/1245,Lizard_ccn-minor,internal/scanner/scan.go,138,dismissal,won't fix,"scanner.Scan: accepted cyclomatic complexity debt. The routine owns root verification, manifest selection, the scan-wide detection budget and result/progress aggregation. Error branches deliberately preserve cancellation/integrity/limit failures while retaining completed platform results; finalizeResult is already extracted. Keeping the shared budget and completion counters visible is reasonable. TestScanMaxFindingsStopsBeforeNextPlatformAtExactBoundary checks both partial counts and that the next manifest is never requested.",internal/scanner/scan.go:Scan; internal/scanner/scan.go:finalizeResult; internal/scanner/scan_test.go:TestScanMaxFindingsStopsBeforeNextPlatformAtExactBoundary
https://github.com/Brumbelow/layerleak/security/code-scanning/1246,Lizard_ccn-minor,internal/scanner/scan.go,331,dismissal,won't fix,"scanManifestWithBudget: accepted cyclomatic complexity debt. This is the per-manifest sequence from descriptor/config verification through metadata scanning, verified layer replay and coverage classification. The budget snapshot/delta and layer callback cleanup belong to that lifecycle; lower-level fetch/verification work is already factored. Keep the order explicit so findings and incomplete coverage survive layer failures. Existing tests check preservation of metadata on layer limits and independent blob deadlines.",internal/scanner/scan.go:scanManifestWithBudget; internal/scanner/scan.go:fetchConfigBody; internal/scanner/scan_test.go:TestScanPreservesMetadataFindingsWhenLayerLimitsExceeded; internal/scanner/scan_test.go:TestScanPreservesBlobDeadlineWhenParentContextIsLive
https://github.com/Brumbelow/layerleak/security/code-scanning/1247,Lizard_ccn-minor,internal/scanner/scan.go,546,dismissal,won't fix,"detectionBudget.scan: accepted cyclomatic complexity debt. The method enforces cancellation, retained-finding count and raw-byte allowance around detector execution and exact-span normalization. Keeping retained/raw counters and stop flags next to each accepted match prevents divergent accounting. Existing TestDetectionBudgetBoundsRawFindingRetention checks default-off, opt-in and over-budget behavior, including retaining a redacted finding and stopping later work. Retain this single budget decision point.",internal/scanner/scan.go:detectionBudget.scan; internal/findings/findings.go:DetailedNormalizer.NormalizeWithRaw; internal/scanner/scan_test.go:TestDetectionBudgetBoundsRawFindingRetention
https://github.com/Brumbelow/layerleak/security/code-scanning/1248,Lizard_ccn-minor,internal/scanner/scan.go,1003,dismissal,won't fix,"verifyRootDocument: accepted cyclomatic complexity debt. The routine establishes one root identity: parse/validate document, verify media type, reconcile requested and response digest, derive a digest only when absent, then verify bytes. Its branches represent the supported identity sources and distinct integrity errors. Keep them in one auditable sequence; scanner calls it before resolving any platform, and the existing descriptor/document tests cover mismatches and invalid documents.",internal/scanner/scan.go:verifyRootDocument; internal/scanner/scan.go:Scan; internal/manifest/integrity_test.go:TestVerifyDescriptorBytesRejectsMismatches; internal/manifest/integrity_test.go:TestValidateDocumentErrorsAreIntegrityErrors
https://github.com/Brumbelow/layerleak/security/code-scanning/1249,Lizard_ccn-minor,internal/cli/scan_test.go,45,dismissal,won't fix,"Accepting this CLI test's assertion complexity. It checks exit-code typing/value, JSON-only stdout, stderr progress, no raw token in stdout or saved output, and redacted fields in generated files. Each conditional has a specific failure message for an output contract of the same command. Retaining these assertions is intentional.",internal/cli/scan_test.go:TestScanCommandJSONOutputAndExitCode
https://github.com/Brumbelow/layerleak/security/code-scanning/1250,Lizard_ccn-minor,internal/cli/scan_test.go,194,dismissal,won't fix,"Accepting this CLI test's assertion complexity. It verifies the limit-error exit, saved redacted output and --allow-partial findings exit against one two-platform fixture. Error/type checks and output/file assertions each guard a separate result of that scenario. The length and CCN reflect observable command behavior; hiding them behind generic assertions would not improve the test.",internal/cli/scan_test.go:TestScanCommandWritesPartialResultsOnConfiguredLimitError
https://github.com/Brumbelow/layerleak/security/code-scanning/1251,Lizard_ccn-minor,internal/config/config_test.go,9,dismissal,won't fix,"Accepting the default test's assertion complexity. After clearing overrides and calling Load once, its flat checks independently pin API timeouts/binding, registry policy, raw-secret opt-in, resource budgets and database settings. The CCN largely counts those field comparisons. Keeping literal expected values explicit provides a useful defaults inventory; no branching production logic is introduced here.",internal/config/config_test.go:TestLoadDefaults
https://github.com/Brumbelow/layerleak/security/code-scanning/1252,Lizard_ccn-minor,internal/config/config_test.go,248,dismissal,won't fix,"Accepting the complexity of this zero-resource-limit test. It sets fourteen resource limit environment variables to zero and verifies all corresponding fields stay zero after Load, rather than reverting to defaults. The long OR expression is a flat comparison of independently configurable limits; preserving explicit coverage is more valuable than lowering CCN by concealing those checks.",internal/config/config_test.go:TestLoadAllowsZeroResourceLimits
https://github.com/Brumbelow/layerleak/security/code-scanning/1253,Lizard_ccn-minor,internal/scanservice/record_test.go,14,dismissal,won't fix,"Accepting the assertion complexity of this nested-record test. Checks cover redaction of operational errors in JSON and relational records, expected fallback messages, partial tag/manifest status, source-result immutability and errors.Is/errors.As behavior. All originate from the same sentinel-bearing result, so keeping the representation checks together exposes omissions across persistence boundaries.",internal/scanservice/record_test.go:TestBuildScanRecordSanitizesErrorsAndPersistsPartialStatus
https://github.com/Brumbelow/layerleak/security/code-scanning/1254,Lizard_ccn-minor,internal/storage/storage.go,220,dismissal,won't fix,"PostgresConfig.Validate: accepted cyclomatic complexity debt. The early returns describe one configuration contract after defaults: URL/query syntax, PostgreSQL scheme/host/database, pool relationships and positive timeouts. Keeping those field-specific diagnostics together is reasonable and avoids a generic validator hiding default semantics. Existing tests cover malformed URLs without echoing credentials and invalid pool/timeout settings.",internal/storage/storage.go:PostgresConfig.Validate; internal/storage/storage.go:PostgresConfig.withDefaults; internal/storage/storage_test.go:TestPostgresConfigValidateDoesNotEchoMalformedDatabaseURL; internal/storage/storage_test.go:TestPostgresConfigValidateRejectsInvalidPoolAndTimeoutSettings
https://github.com/Brumbelow/layerleak/security/code-scanning/1255,Lizard_ccn-minor,internal/storage/storage.go,289,dismissal,won't fix,"validateScanRecord: accepted cyclomatic complexity debt. This pre-transaction validator keeps the required identifiers, JSON/timestamp checks, nonnegative counters, tag/manifest statuses and finding keys in one inspectable schema contract. Counter validation is already table-driven. Further extraction would scatter the conditions SaveScan must reject before BeginTx. TestValidateScanRecord includes malformed JSON, invalid statuses, a negative counter and missing fingerprint.",internal/storage/storage.go:validateScanRecord; internal/storage/postgres.go:PostgresStore.SaveScan; internal/storage/storage_test.go:TestValidateScanRecord
https://github.com/Brumbelow/layerleak/security/code-scanning/1256,Lizard_ccn-minor,internal/layers/state_test.go,365,dismissal,won't fix,"Accepting the classification test's complexity. Five file fixtures cover text, NUL-bearing binaries, a shared object and low-printable content. The loop checks artifact existence, exact class, scannability and whether content was retained. These independent checks ensure rejected binary bodies are dropped while text remains available; extracting assertions would only relocate this useful comparison.",internal/layers/state_test.go:TestReplayClassifiesRegularFilesBeforeScanning
https://github.com/Brumbelow/layerleak/security/code-scanning/1257,Lizard_ccn-minor,internal/layers/state_test.go,814,dismissal,won't fix,"Accepting this test's complexity. One replay distinguishes text, binary and oversize entries and compares layer/file counts plus expanded/retained byte accounting; a second invocation cancels during layer opening and requires context.Canceled. The boolean terms are explicit coverage fields and error checks, not deeply nested test orchestration. This small combined replay contract remains readable.",internal/layers/state_test.go:TestReplayReportsCoverageAndCancellation
https://github.com/Brumbelow/layerleak/security/code-scanning/1258,Lizard_ccn-minor,internal/storage/postgres.go,145,dismissal,won't fix,"PostgresStore.SaveScan: accepted cyclomatic complexity debt. Validation, transaction lifetime, purge/repository advisory locks, repository/manifest/tag/finding writes and scan-run insertion intentionally precede a single Commit with deferred Rollback. The individual upserts are already helpers. Retain this orchestration to keep atomic write ordering visible. Existing persistence integration tests cover scan history, provenance and raw retention; this disposition does not claim new database execution.",internal/storage/postgres.go:PostgresStore.SaveScan; internal/storage/storage_integration_test.go:TestPostgresStoreSaveScanPersistsScanRunHistory; internal/storage/storage_integration_test.go:TestPostgresStoreSaveScanUpsertsAndRetainsProvenance
https://github.com/Brumbelow/layerleak/security/code-scanning/1259,Lizard_ccn-minor,internal/storage/postgres.go,590,dismissal,won't fix,"upsertManifestRecord: accepted cyclomatic complexity debt. The branches implement one merge policy: ignore empty digests, merge provenance, prefer scanned over partial over failed, and preserve an applicable error. Keeping the status and error decisions together avoids inconsistent updates to the same manifest record. Existing helper tests check scanned-versus-failed in both arrival orders, partial-over-failed and provenance merging.",internal/storage/postgres.go:upsertManifestRecord; internal/storage/postgres.go:collectManifestRecords; internal/storage/helpers_test.go:TestUpsertManifestRecordPrefersPartialOverFailed; internal/storage/helpers_test.go:TestUpsertManifestRecordKeepsScannedWhenFailedArrives
https://github.com/Brumbelow/layerleak/security/code-scanning/1260,Lizard_ccn-minor,internal/jobs/scan_test.go,21,dismissal,won't fix,"Accepting this test's assertion complexity. The three-tag/two-digest fixture is checked through enumeration/resolution totals, completed target counts, sorted tag groups, nonempty findings, cleared raw fields and completed progress. These are direct postconditions of the same repository sweep; keeping them explicit is preferable to moving assertions solely to lower CCN.",internal/jobs/scan_test.go:TestScanRepositoryEnumeratesTagsAndDeduplicatesDigests
https://github.com/Brumbelow/layerleak/security/code-scanning/1261,Lizard_ccn-minor,internal/jobs/scan_test.go,31,dismissal,won't fix,"Accepting the mock transport complexity in TestScanRepositoryEnumeratesTagsAndDeduplicatesDigests. The branches distinguish auth, two paginated tag requests, three tag HEAD requests and two digest/config pairs. These distinctions are the inputs needed to check three tags collapse into two targets with sorted tag groups; a single generic response would lose that contract.",internal/jobs/scan_test.go:TestScanRepositoryEnumeratesTagsAndDeduplicatesDigests/transport
https://github.com/Brumbelow/layerleak/security/code-scanning/1262,Lizard_ccn-minor,internal/jobs/scan_test.go,288,dismissal,won't fix,"Accepting the mock transport's complexity in TestScanRepositoryAbortsOnLimitErrorAndPreservesCompletedTargets. Auth and path/method branches provide two distinct configs through two tag/digest mappings. The second config crosses 128 bytes, and the test checks preserved completed-target findings. Extracting this small protocol fixture merely relocates the branches without simplifying the scenario.",internal/jobs/scan_test.go:TestScanRepositoryAbortsOnLimitErrorAndPreservesCompletedTargets/transport
https://github.com/Brumbelow/layerleak/security/code-scanning/1263,Lizard_ccn-minor,internal/jobs/scan_test.go,385,dismissal,won't fix,"Accepting the mock transport's complexity in TestScanRepositoryAbortsOnLayerLimitAndPreservesCompletedTargets. It models auth, two tag HEAD resolutions, two manifests/configs and the second target's layer endpoint. That endpoint graph supplies the completed-first/limited-second scenario checked immediately afterward; keeping it explicit makes the partial-result fixture auditable.",internal/jobs/scan_test.go:TestScanRepositoryAbortsOnLayerLimitAndPreservesCompletedTargets/transport
https://github.com/Brumbelow/layerleak/security/code-scanning/1264,Lizard_ccn-minor,internal/jobs/scan_test.go,552,dismissal,won't fix,"Accepting the complexity of the mock transport inside TestScanRepositoryAppliesMaxFindingsAcrossTargets. Its path/method cases expose both tags, manifests, configs and the second layer while counting requests. The surrounding test asserts the second target's GET endpoints remain unused after MaxFindings=1. The endpoint branches are necessary observable fixture behavior, not untested application decisions.",internal/jobs/scan_test.go:TestScanRepositoryAppliesMaxFindingsAcrossTargets/transport
https://github.com/Brumbelow/layerleak/security/code-scanning/1265,Lizard_ccn-minor,internal/jobs/scan_test.go,616,dismissal,won't fix,"Accepting the assertion complexity of this cross-target raw-byte test. Branches check incomplete/partial status and target counts, locate each manifest's finding, compare retained versus cleared raw fields, sum bytes and inspect the diagnostic limit/observed values. These independent postconditions verify one aggregate budget transition; removing or hiding them to lower CCN would weaken reviewability.",internal/jobs/scan_test.go:TestScanRepositoryAppliesRawFindingByteLimitAcrossTargets
https://github.com/Brumbelow/layerleak/security/code-scanning/1266,Lizard_ccn-minor,internal/manifest/document.go,116,dismissal,won't fix,"ParseDocument: accepted cyclomatic complexity debt. The routine probes JSON shape, distinguishes index from image manifest, decodes the selected representation and fills absent media type from the response. Keeping that two-format dispatch centralized is reasonable; ValidateDocument and byte/media integrity checks remain separate caller requirements. Existing TestParseDocumentIndex exercises index decoding and scanner.Scan invokes verifyRootDocument before using the document.",internal/manifest/document.go:ParseDocument; internal/scanner/scan.go:verifyRootDocument; internal/manifest/document_test.go:TestParseDocumentIndex; internal/manifest/integrity_test.go:TestValidateDocumentErrorsAreIntegrityErrors
https://github.com/Brumbelow/layerleak/security/code-scanning/1267,Lizard_ccn-minor,internal/scanservice/service.go,88,dismissal,won't fix,"Service.ScanAndSave: accepted cyclomatic complexity debt. This is the service boundary that maps configuration into jobs.Scan, applies raw-secret retention policy, checks cancellation before persistence, builds the record, and preserves separate scan/save errors. Keeping the before-save hook and cancellation checks in the same orchestration flow avoids obscuring when persistence is allowed. Existing tests assert raw policy and zero persistence calls for cancelled contexts.",internal/scanservice/service.go:Service.ScanAndSave; internal/scanservice/service_test.go:TestScanAndSaveAppliesRawFindingPolicy; internal/scanservice/service_test.go:TestScanAndSaveDoesNotPersistWithCanceledContext
https://github.com/Brumbelow/layerleak/security/code-scanning/1268,Lizard_ccn-minor,internal/cli/progress.go,291,dismissal,won't fix,"currentTargetLabel: accepted cyclomatic complexity debt. The ordered early returns choose the most informative available combination of tag, reference, platform and digest, falling back to waiting. This is a short display-precedence table; turning it into separate helpers would hide the order. The existing progress renderer status-block test exercises a populated tag/platform/digest state. Retain the explicit fallback chain without claiming exhaustive combination coverage.",internal/cli/progress.go:currentTargetLabel; internal/cli/progress_test.go:TestProgressRendererRendersLogoAndStatusBlock
https://github.com/Brumbelow/layerleak/security/code-scanning/1269,Lizard_ccn-minor,internal/layers/state.go,181,dismissal,won't fix,"State.applyLayer: accepted cyclomatic complexity debt. The routine keeps the working-state clone, archive entry dispatch, pending whiteouts, byte/entry/retention accounting, final digest verification, and single commit point together. Splitting its mutable replay state solely for the threshold would obscure rollback and lower-layer-only deletion ordering. Existing TestReplayRollsBackFailedLayer and TestReplayWhiteoutsOnlyRemoveLowerLayerEntries assert those boundaries. Keep this state machine intact.",internal/layers/state.go:State.applyLayer; internal/layers/state_test.go:TestReplayRollsBackFailedLayer; internal/layers/state_test.go:TestReplayWhiteoutsOnlyRemoveLowerLayerEntries
https://github.com/Brumbelow/layerleak/security/code-scanning/1270,Lizard_ccn-minor,internal/layers/state.go,1044,dismissal,won't fix,"layerLimitReader.Read: accepted cyclomatic complexity debt. The branches distinguish zero-length reads, per-layer and aggregate remaining bytes, the one-byte overflow probe, and the corresponding typed limit errors. These checks must share readBytes and previousBytes accounting; keeping the arithmetic next to the read makes that contract inspectable. Existing replay aggregate-byte tests assert that a failed upper layer does not replace lower-layer results.",internal/layers/state.go:layerLimitReader.Read; internal/layers/state.go:State.applyLayer; internal/layers/state_test.go:TestReplayEnforcesAggregateLimitsTransactionally
https://github.com/Brumbelow/layerleak/security/code-scanning/1271,Lizard_file-nloc-medium,internal/storage/migrate.go,1,dismissal,won't fix,"internal/storage/migrate.go: accepted file length debt. This file implements the migration ledger/lock lifecycle, legacy adoption and catalog validation; the declarative schema requirements already live separately. Those operations share the same version contract and database query interfaces. A file-only split would relocate cohesive private helpers without reducing the contract complexity. Existing tests separately cover file checksums, legacy adoption and schema drift.",internal/storage/migrate.go:RunMigrations; internal/storage/migrate.go:inspectLegacySchema; internal/storage/migrate.go:validateSchemaContract; internal/storage/migrate_test.go:TestValidateAppliedMigrationsRejectsChecksumChangeAndGap; internal/storage/storage_integration_test.go:TestPostgresStoreRequireSchemaRejectsConstraintDrift
https://github.com/Brumbelow/layerleak/security/code-scanning/1272,Lizard_nloc-medium,internal/storage/migrate.go,52,dismissal,won't fix,"RunMigrations: accepted function length debt. The sequence validates the complete migration set before connecting, owns one database connection and advisory lock, loads/adopts the ledger, validates checksums, applies pending files and verifies schema. Per-file application is already delegated. Retaining resource lifetime and migration ordering in one top-level routine is reasonable; existing migration tests cover sequence rejection, checksum/idempotence and legacy adoption.",internal/storage/migrate.go:RunMigrations; internal/storage/migrate_test.go:TestRunMigrationsRejectsNonContiguousSetBeforeConnecting; internal/storage/storage_integration_test.go:TestRunMigrationsTracksChecksumsAndIsIdempotent
https://github.com/Brumbelow/layerleak/security/code-scanning/1273,Lizard_nloc-medium,internal/storage/migrate.go,509,dismissal,won't fix,"inspectLegacySchema: accepted function length debt. The routine recognizes the four supported legacy schema stages from base tables, metadata columns, scan_runs and hardening markers, then validates the complete selected contract before adoption. Keeping the ordered stage checks together exposes partial-migration rejection. Existing integration tests cover incomplete legacy schemas and directly applied version-four adoption.",internal/storage/migrate.go:inspectLegacySchema; internal/storage/migrate.go:validateSchemaContract; internal/storage/storage_integration_test.go:TestRunMigrationsRejectsIncompleteLegacySchema; internal/storage/storage_integration_test.go:TestRunMigrationsAdoptsSchemaAppliedDirectlyThroughVersionFour
https://github.com/Brumbelow/layerleak/security/code-scanning/1274,Lizard_nloc-medium,internal/storage/migrate.go,680,dismissal,won't fix,"requireSchemaColumns: accepted function length debt. The routine keeps the catalog query, per-table column snapshot and versioned type/nullability/default requirements together. Its branches are explicit failure diagnostics for the schema contract; requirements and default comparison already have separate representations/helpers. Existing column-drift integration cases check missing identity default, wrong type and unexpected nullability. Retain this cohesive validation flow.",internal/storage/migrate.go:requireSchemaColumns; internal/storage/migrate.go:schemaColumnDefaultMatches; internal/storage/storage_integration_test.go:TestPostgresStoreRequireSchemaRejectsColumnDefinitionDrift
https://github.com/Brumbelow/layerleak/security/code-scanning/1275,Lizard_nloc-medium,internal/storage/migrate.go,777,dismissal,won't fix,"requireSchemaConstraints: accepted function length debt. The routine matches named or definition-based requirements for the requested schema version, then checks validation state and normalized definition. These distinctions must remain visible because a constraint name alone is insufficient. Existing drift integration cases cover missing unique/foreign-key constraints and a same-name wrong check. Retain the catalog-to-contract comparison as one flow.",internal/storage/migrate.go:requireSchemaConstraints; internal/storage/migrate.go:normalizeSchemaDefinition; internal/storage/storage_integration_test.go:TestPostgresStoreRequireSchemaRejectsConstraintDrift
https://github.com/Brumbelow/layerleak/security/code-scanning/1276,Lizard_nloc-medium,internal/storage/migrate.go,877,dismissal,won't fix,"requireSchemaIndexes: accepted function length debt. The catalog snapshot captures ordered keys, access method, uniqueness, validity/readiness/liveness, predicates and included columns before comparing versioned requirements. Keeping these checks together makes the accepted index definition explicit; column-order comparison is already delegated. Existing integration cases reject same-name wrong indexes and check ordering/invalid indexes. Retain this schema validation unit.",internal/storage/migrate.go:requireSchemaIndexes; internal/storage/migrate.go:schemaIndexColumnsMatch; internal/storage/storage_integration_test.go:TestPostgresStoreRequireSchemaRejectsSameNameWrongIndex; internal/storage/storage_integration_test.go:TestPostgresStoreRequireSchemaValidatesIndexOrdering
https://github.com/Brumbelow/layerleak/security/code-scanning/1277,Lizard_nloc-medium,internal/scanservice/service_test.go,25,dismissal,won't fix,"Accepting the service scenario's length. A two-platform mock image exceeds the second config's 128-byte limit; ScanAndSave must return the typed limit error while producing scan ID 1 and exactly one stored record containing partial findings for library/app. Keeping service configuration, the recording store and output checks adjacent documents persistence on scan failure.",internal/scanservice/service_test.go:TestScanAndSavePersistsPartialResultOnLimitError
https://github.com/Brumbelow/layerleak/security/code-scanning/1278,Lizard_nloc-medium,internal/cli/storage_test.go,43,dismissal,won't fix,"Accepting this multi-architecture mapping scenario's length. One latest tag/root digest expands to amd64 and arm64 manifests with detailed findings. Assertions preserve the scan timestamp, one target, two manifests and two latest tag mappings carrying the root and a platform digest. The full input/output relationship is useful in one test.",internal/cli/storage_test.go:TestBuildScanRecordMapsMultiArchTagToPlatformManifests
https://github.com/Brumbelow/layerleak/security/code-scanning/1279,Lizard_nloc-medium,internal/cli/storage_test.go,107,dismissal,won't fix,"Accepting this repository tag-group mapping scenario's length. latest and 2.0 share one target while 1.0 belongs to a second target; conversion must produce two targets and three sorted tag records. The nested input is the behavior under test, so keeping tag results, targets and output checks together is clearer than extracting opaque fixture fragments.",internal/cli/storage_test.go:TestBuildScanRecordMapsRepositoryTagGroups
https://github.com/Brumbelow/layerleak/security/code-scanning/1280,Lizard_nloc-medium,internal/cli/storage_test.go,205,dismissal,won't fix,Accepting the fixture-heavy length of this source-location test. Two detailed findings deliberately share token/fingerprint/manifest but use z.env and a.env. BuildScanRecord must preserve both and sort their file paths. Keeping both explicit records together makes the one differing provenance dimension obvious and guards against over-deduplication.,internal/cli/storage_test.go:TestBuildScanRecordPreservesDistinctSourceLocations
https://github.com/Brumbelow/layerleak/security/code-scanning/1281,Lizard_nloc-medium,internal/api/run.go,19,dismissal,won't fix,"api.Run: accepted function length debt. This top-level startup routine owns config/logger/store creation, schema requirement, historical raw-material warning, server options, signal handling and graceful shutdown. Keeping the store and server lifetimes together is reasonable; business logic already resides in handler/service packages. Existing run_test checks logger configuration only, so this acceptance is based on lifecycle/source review and does not claim full startup/shutdown test coverage.",internal/api/run.go:Run; internal/api/run.go:newDefaultLogger; internal/api/run_test.go:TestNewDefaultLoggerHonorsConfiguredLevel
https://github.com/Brumbelow/layerleak/security/code-scanning/1282,Lizard_nloc-medium,internal/detectionpolicy/policy_test.go,8,dismissal,won't fix,"Accepting the DiscardReason table length. It covers empty/whitespace values, literal and base64 placeholders, placeholder URL credentials, and a credential with a placeholder prefix that must remain accepted. Each named input is paired with its exact reason and uses one assertion loop. Splitting this compact behavioral matrix just to meet a line threshold would reduce comparability.",internal/detectionpolicy/policy_test.go:TestDiscardReason
https://github.com/Brumbelow/layerleak/security/code-scanning/1283,Lizard_nloc-medium,internal/detectionpolicy/policy_test.go,101,dismissal,won't fix,"Accepting the ExampleReason table length. The cases compare actionable values, strong test/example paths, known dummy values and placeholder markers, then contrast weak path/reserved-host signals alone with paired signals. One runner compares the exact reason code. Contiguous inputs and expected reasons document precedence and the two-weak-signal requirement clearly.",internal/detectionpolicy/policy_test.go:TestExampleReason
https://github.com/Brumbelow/layerleak/security/code-scanning/1284,Lizard_file-nloc-medium,internal/storage/storage_integration_test.go,1,dismissal,won't fix,"Accepting this integration suite's file size. Named cases distinguish migration apply/rollback and idempotency, schema drift, scan upserts/raw policy, tag replacement and read aggregation/detail. The shared ScanRecord and database setup deliberately connect those persistence contracts, and integrationDatabaseURL scopes them to layerleak_test. A filename split would not reduce the substantive SQL/setup needed by the tests.",internal/storage/storage_integration_test.go:TestMigrationFilesApplyAndRollback; internal/storage/storage_integration_test.go:TestRunMigrationsTracksChecksumsAndIsIdempotent; internal/storage/storage_integration_test.go:TestPostgresStoreSaveScanUpsertsAndRetainsProvenance; internal/storage/storage_integration_test.go:integrationDatabaseURL
https://github.com/Brumbelow/layerleak/security/code-scanning/1285,Lizard_nloc-medium,internal/storage/storage_integration_test.go,298,dismissal,won't fix,"Accepting this schema-check scenario's length. SQL creates two occurrences that conflict under the proposed unique index, intentionally fails CREATE UNIQUE INDEX CONCURRENTLY, reads indisvalid/indisready, and requires the schema checker to reject that actual invalid index. The SQL and positive state inspection belong together; a mocked error would weaken this integration assertion.",internal/storage/storage_integration_test.go:TestPostgresStoreRequireSchemaRejectsInvalidIndex
https://github.com/Brumbelow/layerleak/security/code-scanning/1286,Lizard_nloc-medium,internal/storage/storage_integration_test.go,725,dismissal,won't fix,Accepting this tag-replacement scenario's length. The second scan moves latest to a new root/platform manifest and updates its finding references before both saves. Assertions require exactly one tag mapping and the new manifest digest. The explicit before/after records make stale-mapping replacement clear; hiding the nested fixture solely for NLOC would obscure that relationship.,internal/storage/storage_integration_test.go:TestPostgresStoreSaveScanReplacesTouchedTagMappings
https://github.com/Brumbelow/layerleak/security/code-scanning/1287,Lizard_nloc-medium,internal/storage/storage_integration_test.go,1194,dismissal,won't fix,"Accepting the length of integrationScanRecord. This is a declarative fixture returning a redacted JSON snapshot, a tag/root/platform mapping and two detailed occurrences with the same fingerprint at env and label locations. Upsert, occurrence-detail and raw-retention tests intentionally reuse that relational shape. Keeping these correlated values in one fixture makes their relationships visible.",internal/storage/storage_integration_test.go:integrationScanRecord
https://github.com/Brumbelow/layerleak/security/code-scanning/1288,Lizard_nloc-medium,internal/cli/scan.go,42,dismissal,won't fix,"newScanCmdWithStore RunE closure: accepted function length debt. This command lifecycle validates flags before scanning, owns timeout/progress/store cleanup, invokes the service, publishes artifacts and preserves scan/save/publication/output error precedence. Its long flow keeps cancellation and durable-output ordering visible; scope parsing, publication and summary rendering are already separate helpers. Existing reliability tests assert retained output after save/progress failure and no publication after cancellation. Keep this orchestration while separately simplifying renderSummary.",internal/cli/scan.go:newScanCmdWithStore; internal/cli/reliability_test.go:TestScanCommandPreservesOutputAfterSaveFailure; internal/cli/reliability_test.go:TestScanCommandPreservesOutputAfterProgressFailure; internal/cli/reliability_test.go:TestScanCommandCancellationDuringSaveStillSkipsPublication
https://github.com/Brumbelow/layerleak/security/code-scanning/1289,Lizard_nloc-medium,internal/cli/scan.go,356,source fix,,"Replaced repeated scalar summary Fprintf/error blocks with ordered rows and one checked writer loop. Exact labels, ordering, optional rows, sanitization, target/platform tables and Flush behavior remain covered by literal-output and writer-failure tests. Lizard 1.23.0 measures renderSummary at 15 noncomment lines, below the 50-line threshold.",internal/cli/summary_test.go
https://github.com/Brumbelow/layerleak/security/code-scanning/1290,Lizard_nloc-medium,internal/cli/progress_test.go,17,dismissal,won't fix,"Accepting this rendering scenario's length. Much of it is the exact expected logo and an explicit progress update with repository, tag/target counts, findings, reference and platform. It runs Start, UpdateFromJob and Finish, then checks the logo and status/progress patterns. Keeping the visual fixture beside the emitted-status expectations helps review renderer changes.",internal/cli/progress_test.go:TestProgressRendererRendersLogoAndStatusBlock
https://github.com/Brumbelow/layerleak/security/code-scanning/1291,Lizard_file-nloc-medium,internal/api/handler_test.go,1,dismissal,won't fix,"Accepting the handler test file's size. Named cases cover request validation, scan/partial/error responses, timeout and concurrency, repository pagination/filter forwarding, detail reads and sanitized snapshots. For example, concurrency asserts 429/Retry-After and incomplete-result handling checks both response and captured logs. Shared scanner/store stubs make the HTTP-to-service contract explicit.",internal/api/handler_test.go:TestHandleScanRejectsWhenConcurrencyIsExhausted; internal/api/handler_test.go:TestHandleScanMapsIncompleteResult; internal/api/handler_test.go:TestHandleListRepositoryFindingsSupportsDispositionFilter
https://github.com/Brumbelow/layerleak/security/code-scanning/1292,Lizard_file-nloc-medium,internal/jobs/scan.go,1,dismissal,won't fix,"internal/jobs/scan.go: accepted file length debt. The file is the job layer joining single-reference and all-tags modes to common result/progress aggregation. It delegates image internals to scanner and network details to registry. Keeping its mode-specific orchestration with shared completion/error helpers is reasonable; a file split would not reduce shared-counter complexity. Existing repository tests cover digest grouping, partial failures and cross-target finding budgets.",internal/jobs/scan.go:scanSingleReference; internal/jobs/scan.go:scanRepository; internal/jobs/scan.go:finalizeResult; internal/jobs/scan_test.go:TestScanRepositoryEnumeratesTagsAndDeduplicatesDigests; internal/jobs/scan_test.go:TestScanRepositoryAppliesMaxFindingsAcrossTargets
https://github.com/Brumbelow/layerleak/security/code-scanning/1293,Lizard_nloc-medium,internal/jobs/scan.go,195,dismissal,won't fix,"scanSingleReference: accepted function length debt. The length is largely explicit scanner-to-job result mapping. The remaining branches distinguish completed, partial and failed targets and preserve fatal/limit errors before finalization. Keeping these counters and status/error decisions together avoids obscuring partial-result semantics. Existing CLI single-reference and partial-limit tests exercise this jobs path; the repository sweep has a separate routine.",internal/jobs/scan.go:scanSingleReference; internal/jobs/scan.go:scanTarget; internal/cli/scan_test.go:TestScanCommandBareReferenceDefaultsToLatestWithoutTagEnumeration; internal/cli/scan_test.go:TestScanCommandWritesPartialResultsOnConfiguredLimitError
https://github.com/Brumbelow/layerleak/security/code-scanning/1294,Lizard_nloc-medium,internal/jobs/scan.go,274,dismissal,won't fix,"scanRepository: accepted function length debt. The routine owns tag enumeration/resolution, digest grouping, target order and shared scan budgets, then aggregates partial results while preserving fatal/limit errors. Keeping the shared counters and early exits visible is reasonable; scanTarget and finalization already isolate lower-level work. Existing jobs tests cover digest deduplication, completed-target preservation on limits and raw/finding budgets across targets.",internal/jobs/scan.go:scanRepository; internal/jobs/scan.go:scanTarget; internal/jobs/scan_test.go:TestScanRepositoryEnumeratesTagsAndDeduplicatesDigests; internal/jobs/scan_test.go:TestScanRepositoryAbortsOnLimitErrorAndPreservesCompletedTargets; internal/jobs/scan_test.go:TestScanRepositoryAppliesRawFindingByteLimitAcrossTargets
https://github.com/Brumbelow/layerleak/security/code-scanning/1295,Lizard_nloc-medium,internal/detectors/structured.go,110,dismissal,won't fix,"awsSharedCredentialsDetector.Scan: accepted function length debt. The routine keeps profile-level secret presence separate from per-key validation/confidence and deterministic match ordering. Access IDs, secret keys and session tokens have different validators and labels, so keeping their explicit cases together makes those differences visible. Existing paired/unpaired profile tests check confidence and structured-match deduplication. Preserve this dispatch while handling the separate parseINIKeyValue span issue under alert 1220.",internal/detectors/structured.go:awsSharedCredentialsDetector.Scan; internal/detectors/structured.go:parseAWSSharedCredentialsEntries; internal/detectors/detectors_test.go:TestAWSSharedCredentialsDetectorPromotesPairedProfile; internal/detectors/detectors_test.go:TestAWSSharedCredentialsDetectorKeepsUnpairedAccessKeyMedium
https://github.com/Brumbelow/layerleak/security/code-scanning/1297,Lizard_nloc-medium,internal/config/config.go,64,dismissal,won't fix,"config.Load: accepted function length debt. Length and branches arise from explicit typed environment-name/default/field mappings plus immediate parse errors. Numeric, duration, boolean and host parsing are already helpers; retaining typed assignments makes positive versus zero-disable limits and the idle/open pool relationship visible. Existing default, zero-resource-limit, invalid-value and pool-relation tests cover those distinctions. Avoid replacing this mapping with reflection or a generic untyped loader merely to reduce metrics.",internal/config/config.go:Load; internal/config/config_test.go:TestLoadDefaults; internal/config/config_test.go:TestLoadAllowsZeroResourceLimits; internal/config/config_test.go:TestLoadRejectsIdleConnectionsAboveOpenConnections
https://github.com/Brumbelow/layerleak/security/code-scanning/1298,Lizard_file-nloc-medium,internal/scanner/scan_test.go,1,dismissal,won't fix,"Accepting the scanner suite's file size. Tests are already separated into multi-platform scanning, artifact eligibility, limit/error preservation, context deadlines, finding budgets and provenance handling. The multi-platform fixture and budget tests need common descriptor/layer helpers, while named tests distinguish each boundary. Splitting the file solely for NLOC would not simplify the contracts being exercised.",internal/scanner/scan_test.go:TestScanMultiArchImage; internal/scanner/scan_test.go:TestScanPreservesBlobDeadlineWhenParentContextIsLive; internal/scanner/scan_test.go:TestDetectionBudgetBoundsRawFindingRetention
https://github.com/Brumbelow/layerleak/security/code-scanning/1299,Lizard_nloc-medium,internal/scanner/scan_test.go,29,dismissal,won't fix,"Accepting this multi-architecture scenario's length. The fixture includes amd64/arm64 configs and layers, overwritten/deleted files and an attestation descriptor. It checks the manifest-count limit, two completed image manifests, metadata/final/deleted-file source categories, retained raw detail and final progress totals. Keeping the combined image and cross-component assertions visible is useful integration coverage.",internal/scanner/scan_test.go:TestScanMultiArchImage
https://github.com/Brumbelow/layerleak/security/code-scanning/1300,Lizard_nloc-medium,internal/scanner/scan_test.go,640,dismissal,won't fix,"Accepting this timeout scenario's length. A two-platform image completes the first manifest; the second layer waits for its request context to expire with BlobTimeout=10ms. Assertions require DeadlineExceeded while the parent remains live, plus one completed/one failed manifest and a failed platform result. The explicit fixture and context checks establish which deadline owns the failure.",internal/scanner/scan_test.go:TestScanPreservesBlobDeadlineWhenParentContextIsLive
https://github.com/Brumbelow/layerleak/security/code-scanning/1301,Lizard_file-nloc-medium,internal/registry/client_test.go,1,dismissal,won't fix,"Accepting the registry-client test file's size. Its named scenarios include bearer-auth exchange, body timeout ownership, paginated tag deduplication/partial results, retry limits and bounded token caching. Pagination tests preserve the first page on a second-page limit, while cache tests check counters and no authentication request after saturation. Local transport/response fixtures keep these protocol contracts inspectable.",internal/registry/client_test.go:TestListTagsFollowsPagination; internal/registry/client_test.go:TestListTagsReturnsPartialTagsWhenTagResponseLimitExceededMidPagination; internal/registry/client_test.go:TestClientFailsClosedWhenTokenCacheEntryLimitIsReached
https://github.com/Brumbelow/layerleak/security/code-scanning/1302,Lizard_nloc-medium,internal/scanservice/record.go,16,dismissal,won't fix,"BuildScanRecord: accepted function length debt. Most length is explicit public-result-to-storage field mapping plus target/manifest provenance assembly. RedactedResult is applied before serializing the snapshot, while detailed findings retain their separately controlled path. Keeping these adjacent makes the serialization boundary and requested/root/manifest digest fallback visible. TestBuildScanRecordSanitizesErrorsAndPersistsPartialStatus asserts sanitized errors, partial relational status and no mutation of the source result.",internal/scanservice/record.go:BuildScanRecord; internal/scanservice/record.go:RedactedResult; internal/scanservice/record_test.go:TestBuildScanRecordSanitizesErrorsAndPersistsPartialStatus
https://github.com/Brumbelow/layerleak/security/code-scanning/1303,Lizard_file-nloc-medium,internal/detectors/detectors.go,1,dismissal,won't fix,"internal/detectors/detectors.go: accepted file length debt. The file combines the default declarative rule catalog with generic regex/key/path adapters and shared validators; structured credential parsers already reside in structured.go. Keeping registrations with their reusable matching policy is reasonable. Existing tests cover path gating, context/entropy filtering and overlapping-rule deduplication. Moving registrations to another file would reduce this metric without simplifying rule behavior.",internal/detectors/detectors.go:Default; internal/detectors/detectors.go:Set.Scan; internal/detectors/detectors_test.go:TestFileSpecificDetectorsRequireExpectedPath; internal/detectors/detectors_test.go:TestDefaultSetDeduplicatesOverlappingGithubDetectors
https://github.com/Brumbelow/layerleak/security/code-scanning/1304,Lizard_nloc-medium,internal/detectors/detectors.go,56,dismissal,won't fix,"detectors.Default: accepted function length debt. This is a declarative list of detector constructors, regexes, capture groups, confidence and validators; most reported length is the rule catalog, not branching orchestration. Keeping each rule specification together makes changes and exact token shapes reviewable. Constructors and structured detectors already live behind helpers/types. Existing native-rule and exact-shape tests exercise the catalog; retain the single default registration list.",internal/detectors/detectors.go:Default; internal/detectors/detectors_test.go:TestDefaultSetContainsOnlyNativeRules; internal/detectors/detectors_test.go:TestSelfIdentifyingTokenRulesRequireExactShapes
https://github.com/Brumbelow/layerleak/security/code-scanning/1305,Lizard_file-nloc-medium,internal/findings/findings_test.go,1,dismissal,won't fix,"Accepting this normalization suite's file size. Tests separately cover redaction, fingerprints, line numbers, suppression, distinct source/detector/platform/layer identity, delimiter-bearing provenance, adjacent secrets and bounded UTF-8 metadata. The many-match fixture also supports a prepared-index benchmark. These are cohesive checks of public versus detailed finding representation with shared fixtures.",internal/findings/findings_test.go:TestDeduplicateDetailedPreservesDistinctPlatformAndLayerProvenance; internal/findings/findings_test.go:TestNormalizeDetailedWithMatchesRedactsAdjacentSecrets; internal/findings/findings_test.go:TestDetailedNormalizerBoundsLargeMetadataProvenanceWithManyMatches
https://github.com/Brumbelow/layerleak/security/code-scanning/1306,Lizard_file-nloc-medium,internal/registry/client.go,1,dismissal,won't fix,"internal/registry/client.go: accepted file length debt. The file contains a single registry client with endpoint construction, pagination, bearer-token state, outbound validation and pinned transport. These private components share origin, auth/registry allowlists and response limits; request execution/cache helpers already separate operations. Keep the client policy colocated for now. Existing tests cover pagination, token refresh/body caps and transport cloning/TLS settings; this is not a claim of comprehensive security audit.",internal/registry/client.go:Client.ListTags; internal/registry/client.go:Client.doRequest; internal/registry/client.go:Client.hardenHTTPClient; internal/registry/client_test.go:TestFetchManifestRefreshesExpiredCachedToken; internal/registry/client_test.go:TestRegistryTransportRequiresTLS12
https://github.com/Brumbelow/layerleak/security/code-scanning/1307,Lizard_nloc-medium,internal/registry/client.go,265,dismissal,won't fix,"Client.ListTags: accepted function length debt. The loop manages one pagination state: seen URLs, deduplicated tags, per-page deadline/body limit, tag syntax, total tag limit and no-progress detection. Keeping those checks adjacent makes the next-page advance and retained partial tags explicit. Existing pagination tests cover cycles, no-new-tag pages and partial results on limits. Retain this bounded enumeration state machine.",internal/registry/client.go:Client.ListTags; internal/registry/client_test.go:TestListTagsFollowsPagination; internal/registry/client_test.go:TestListTagsRejectsPaginationCycle; internal/registry/client_test.go:TestListTagsReturnsPartialTagsWhenLimitExceeded
https://github.com/Brumbelow/layerleak/security/code-scanning/1308,Lizard_nloc-medium,internal/registry/client.go,347,dismissal,won't fix,"Client.doRequest: accepted function length debt. The routine owns the initial request, unauthorized challenge/body closure, validated auth realm, cached token retry and single forced refresh after a second 401. executeRequest already isolates transport retries. Keeping challenge/cache refresh transitions together avoids obscuring retry limits and response ownership. TestFetchManifestRefreshesExpiredCachedToken explicitly checks two token and two authorized requests.",internal/registry/client.go:Client.doRequest; internal/registry/client.go:Client.executeRequest; internal/registry/client_test.go:TestFetchManifestRefreshesExpiredCachedToken
https://github.com/Brumbelow/layerleak/security/code-scanning/1309,Lizard_nloc-medium,internal/registry/client.go,450,dismissal,won't fix,"Client.fetchToken: accepted function length debt. The routine ties cache admission, auth-realm query construction and revalidation, auth request context, bounded response decoding and cache insertion into one token acquisition flow. Retain those policy checks beside acquisition; extracting only error branches would hide resource and admission order. Existing tests check auth response byte limits and token refresh, while separate cache tests exercise entry/byte caps.",internal/registry/client.go:Client.fetchToken; internal/registry/client_test.go:TestClientBoundsAuthTokenResponse; internal/registry/client_test.go:TestFetchManifestRefreshesExpiredCachedToken; internal/registry/client_test.go:TestClientFailsClosedWhenTokenCacheEntryLimitIsReached
https://github.com/Brumbelow/layerleak/security/code-scanning/1310,Lizard_file-nloc-medium,internal/api/handler.go,1,dismissal,won't fix,"internal/api/handler.go: accepted file length debt. The file holds the HTTP contract: request/response shapes, endpoint handlers, shared error mapping, request IDs and response redaction. Persistence and scan execution are behind interfaces. Keeping handlers with their shared wire-format policy is reasonable; existing handler and documented-response tests exercise limits, capacity and response mapping. File length alone does not justify moving those private contract helpers.",internal/api/handler.go:NewHandlerWithOptions; internal/api/handler.go:Handler.handleScan; internal/api/handler.go:sanitizeResultJSON; internal/api/contract_test.go:TestDocumentedScanResponsesMatchHandler; internal/api/handler_test.go:TestSanitizeResultJSONRemovesNestedOperationalErrors
https://github.com/Brumbelow/layerleak/security/code-scanning/1311,Lizard_nloc-medium,internal/api/handler.go,272,dismissal,won't fix,"Handler.handleScan: accepted function length debt. The endpoint keeps media-type/body-size/single-JSON validation before reference/platform validation, scan-slot admission and deadline-bound ScanAndSave. The slot release and response/error mapping remain visibly tied to the request. Existing tests cover capacity rejection, oversize bodies and partial-result responses. Retain this request lifecycle rather than spreading validation/admission order across unrelated helpers.",internal/api/handler.go:Handler.handleScan; internal/api/handler_test.go:TestHandleScanRejectsWhenConcurrencyIsExhausted; internal/api/handler_test.go:TestHandleScanRejectsOversizeBody; internal/api/handler_test.go:TestHandleScanReturnsPartialResultOnLimitError
https://github.com/Brumbelow/layerleak/security/code-scanning/1312,Lizard_file-nloc-medium,internal/scanner/scan.go,1,dismissal,won't fix,"internal/scanner/scan.go: accepted file length debt. The file groups scan orchestration with the private detection-budget, coverage and descriptor-verification helpers it depends on; layer replay, detection and manifest parsing already occupy separate packages. Keeping these scan-specific contracts together is reasonable. Existing tests cover multi-platform outcomes, exact finding-budget boundaries, raw-byte accounting and current/legacy metadata provenance; another file split alone offers limited behavioral clarity.",internal/scanner/scan.go:Scan; internal/scanner/scan.go:detectionBudget.scan; internal/scanner/scan.go:verifyRootDocument; internal/scanner/scan_test.go:TestScanMaxFindingsStopsBeforeNextPlatformAtExactBoundary; internal/scanner/scan_test.go:TestScanMetadataKeepsCurrentAndLegacyConfigProvenanceDistinct
https://github.com/Brumbelow/layerleak/security/code-scanning/1313,Lizard_nloc-medium,internal/scanner/scan.go,138,dismissal,won't fix,"scanner.Scan: accepted function length debt. The routine owns root verification, manifest selection, the scan-wide detection budget and result/progress aggregation. Error branches deliberately preserve cancellation/integrity/limit failures while retaining completed platform results; finalizeResult is already extracted. Keeping the shared budget and completion counters visible is reasonable. TestScanMaxFindingsStopsBeforeNextPlatformAtExactBoundary checks both partial counts and that the next manifest is never requested.",internal/scanner/scan.go:Scan; internal/scanner/scan.go:finalizeResult; internal/scanner/scan_test.go:TestScanMaxFindingsStopsBeforeNextPlatformAtExactBoundary
https://github.com/Brumbelow/layerleak/security/code-scanning/1314,Lizard_nloc-medium,internal/scanner/scan.go,331,dismissal,won't fix,"scanManifestWithBudget: accepted function length debt. This is the per-manifest sequence from descriptor/config verification through metadata scanning, verified layer replay and coverage classification. The budget snapshot/delta and layer callback cleanup belong to that lifecycle; lower-level fetch/verification work is already factored. Keep the order explicit so findings and incomplete coverage survive layer failures. Existing tests check preservation of metadata on layer limits and independent blob deadlines.",internal/scanner/scan.go:scanManifestWithBudget; internal/scanner/scan.go:fetchConfigBody; internal/scanner/scan_test.go:TestScanPreservesMetadataFindingsWhenLayerLimitsExceeded; internal/scanner/scan_test.go:TestScanPreservesBlobDeadlineWhenParentContextIsLive
https://github.com/Brumbelow/layerleak/security/code-scanning/1315,Lizard_nloc-medium,internal/scanner/scan.go,546,dismissal,won't fix,"detectionBudget.scan: accepted function length debt. The method enforces cancellation, retained-finding count and raw-byte allowance around detector execution and exact-span normalization. Keeping retained/raw counters and stop flags next to each accepted match prevents divergent accounting. Existing TestDetectionBudgetBoundsRawFindingRetention checks default-off, opt-in and over-budget behavior, including retaining a redacted finding and stopping later work. Retain this single budget decision point.",internal/scanner/scan.go:detectionBudget.scan; internal/findings/findings.go:DetailedNormalizer.NormalizeWithRaw; internal/scanner/scan_test.go:TestDetectionBudgetBoundsRawFindingRetention
https://github.com/Brumbelow/layerleak/security/code-scanning/1316,Lizard_nloc-medium,internal/scanner/scan.go,681,dismissal,won't fix,"scanMetadataWithBudget: accepted function length debt. Length is primarily explicit provenance mapping for current/legacy environment values and labels, history fields and remaining config fields. Sorting env/label keys preserves deterministic budget consumption. Keeping those mappings together makes missing or conflated sources easier to spot. TestScanMetadataKeepsCurrentAndLegacyConfigProvenanceDistinct asserts six separate source locations for identical token content.",internal/scanner/scan.go:scanMetadataWithBudget; internal/manifest/document.go:ConfigFields; internal/scanner/scan_test.go:TestScanMetadataKeepsCurrentAndLegacyConfigProvenanceDistinct
https://github.com/Brumbelow/layerleak/security/code-scanning/1317,Lizard_nloc-medium,internal/scanner/scan.go,1003,dismissal,won't fix,"verifyRootDocument: accepted function length debt. The routine establishes one root identity: parse/validate document, verify media type, reconcile requested and response digest, derive a digest only when absent, then verify bytes. Its branches represent the supported identity sources and distinct integrity errors. Keep them in one auditable sequence; scanner calls it before resolving any platform, and the existing descriptor/document tests cover mismatches and invalid documents.",internal/scanner/scan.go:verifyRootDocument; internal/scanner/scan.go:Scan; internal/manifest/integrity_test.go:TestVerifyDescriptorBytesRejectsMismatches; internal/manifest/integrity_test.go:TestValidateDocumentErrorsAreIntegrityErrors
https://github.com/Brumbelow/layerleak/security/code-scanning/1318,Lizard_file-nloc-medium,internal/cli/scan_test.go,1,dismissal,won't fix,"Accepting the scan-command test file's size. Distinct named cases check JSON/progress separation, sanitized errors, partial-result exit handling, invalid scope/output flags, all-tags limits and bare-reference latest behavior. Shared command registry/manifest helpers support those contracts. The suite already has scenario boundaries; relocating them to satisfy file NLOC would add churn without improving coverage.",internal/cli/scan_test.go:TestScanCommandJSONOutputAndExitCode; internal/cli/scan_test.go:TestScanCommandWritesPartialResultsOnConfiguredLimitError; internal/cli/scan_test.go:TestScanCommandValidatesOutputAndScopeBeforeScanning; internal/cli/scan_test.go:TestScanCommandBareReferenceDefaultsToLatestWithoutTagEnumeration
https://github.com/Brumbelow/layerleak/security/code-scanning/1319,Lizard_nloc-medium,internal/cli/scan_test.go,45,dismissal,won't fix,"Accepting the CLI integration scenario's length. A mock registry supplies a finding, the command must return exit 2, stdout must parse as pure JSON, progress must appear on stderr, and persisted output must contain redacted rather than raw values. These assertions concern different outputs of one command invocation and are useful together.",internal/cli/scan_test.go:TestScanCommandJSONOutputAndExitCode
https://github.com/Brumbelow/layerleak/security/code-scanning/1320,Lizard_nloc-medium,internal/cli/scan_test.go,194,dismissal,won't fix,"Accepting the length of this CLI partial-results scenario. Two platform configs cross the 128-byte config limit; the test checks exit 1 and the limit error, saved redacted findings, then repeats with --allow-partial and expects findings exit 2. Keeping both invocations beside the same fixture clearly documents how that flag changes the result handling.",internal/cli/scan_test.go:TestScanCommandWritesPartialResultsOnConfiguredLimitError
https://github.com/Brumbelow/layerleak/security/code-scanning/1321,Lizard_nloc-medium,internal/config/config_test.go,9,dismissal,won't fix,"Accepting this explicit default-configuration inventory. The test clears environment overrides, calls Load once, then checks API binding/timeouts, registry defaults, disabled raw retention, scan/resource budgets and database settings. The expected literal values remain visible rather than being derived from implementation defaults; the length is accepted for a comprehensive default contract.",internal/config/config_test.go:TestLoadDefaults
https://github.com/Brumbelow/layerleak/security/code-scanning/1322,Lizard_nloc-medium,internal/scanservice/record_test.go,14,dismissal,won't fix,"Accepting the length of this record-conversion scenario. A single nested partial result carries a sentinel through tag, target, platform and diagnostic errors. Assertions check sanitized stored JSON/relational errors, preserved partial statuses, an unmodified input result and wrapped-error semantics. Keeping every representation of that same input adjacent makes the persistence boundary reviewable.",internal/scanservice/record_test.go:TestBuildScanRecordSanitizesErrorsAndPersistsPartialStatus
https://github.com/Brumbelow/layerleak/security/code-scanning/1323,Lizard_nloc-medium,internal/storage/read_postgres.go,62,dismissal,won't fix,"PostgresStore.ListRepositoryScans: accepted function length debt. The method contains a long explicit history SELECT, repository/registry normalization, stable scan-time/ID ordering and the standard bounded query/row lifecycle. Field decoding is already shared through scanScanRunSummary. Keep SQL and parameters adjacent; TestPostgresStoreListRepositoryScansOrdersByScannedAt checks ordering and status mapping in the existing integration suite.",internal/storage/read_postgres.go:PostgresStore.ListRepositoryScans; internal/storage/read_postgres.go:scanScanRunSummary; internal/storage/storage_integration_test.go:TestPostgresStoreListRepositoryScansOrdersByScannedAt
https://github.com/Brumbelow/layerleak/security/code-scanning/1324,Lizard_nloc-medium,internal/storage/read_postgres.go,125,dismissal,won't fix,"PostgresStore.ListRepositoryFindings: accepted function length debt. Length is dominated by the grouped SQL that counts actionable/suppressed occurrences and applies disposition filtering before stable pagination. The Go flow retains normalization, timeout and row cleanup around that query. Keep the aggregate/filter contract together; the existing integration test checks mixed dispositions, occurrence counts and detector aggregation.",internal/storage/read_postgres.go:PostgresStore.ListRepositoryFindings; internal/storage/storage_integration_test.go:TestPostgresStoreListRepositoryFindingsAggregatesAndFiltersDispositions; internal/api/handler.go:Handler.handleListRepositoryFindings
https://github.com/Brumbelow/layerleak/security/code-scanning/1325,Lizard_nloc-medium,internal/storage/read_postgres.go,186,dismissal,won't fix,"PostgresStore.GetScanRun: accepted function length debt. The SELECT and row.Scan list deliberately expose the full scan-history mapping, including partial counts and JSON snapshot, next to ErrNotFound handling. Splitting column/argument lists to satisfy a line count would reduce reviewability of this positional contract. Existing TestPostgresStoreGetScanRunLoadsRedactedSnapshot asserts ID, repository, status and valid redacted JSON.",internal/storage/read_postgres.go:PostgresStore.GetScanRun; internal/storage/storage_integration_test.go:TestPostgresStoreGetScanRunLoadsRedactedSnapshot; internal/api/handler.go:Handler.handleGetScan
https://github.com/Brumbelow/layerleak/security/code-scanning/1326,Lizard_nloc-medium,internal/storage/read_postgres.go,266,dismissal,won't fix,"PostgresStore.GetFinding: accepted function length debt. This method assembles one finding detail response from a summary query and ordered occurrence rows, retaining timeout, not-found handling, row closure and scan/iteration errors. Most length is explicit SQL and occurrence field mapping; retaining adjacency makes provenance column order reviewable. TestPostgresStoreGetFindingLoadsOccurrenceDetail exercises two occurrences and their snippet/source-location fields in the existing integration suite.",internal/storage/read_postgres.go:PostgresStore.GetFinding; internal/storage/storage_integration_test.go:TestPostgresStoreGetFindingLoadsOccurrenceDetail; internal/api/handler.go:Handler.handleGetFinding
https://github.com/Brumbelow/layerleak/security/code-scanning/1327,Lizard_file-nloc-medium,internal/findings/findings.go,1,dismissal,won't fix,"internal/findings/findings.go: accepted file length debt. The file owns finding identity, exact-span normalization, prepared redaction/line indexes, provenance bounds and deduplication. These responsibilities share the source-location and span contract; classification policy is already separated. Keep normalization and public/raw conversion together so changes can be checked against the same redaction invariant. Existing tests cover adjacent/overlapping secrets, distinct provenance and prepared-index behavior.",internal/findings/findings.go:DetailedNormalizer.NormalizeWithRaw; internal/findings/findings.go:DetailedNormalizer.contextSnippet; internal/findings/findings.go:DeduplicateDetailed; internal/findings/findings_test.go:TestNormalizeDetailedWithMatchesRedactsAdjacentSecrets; internal/findings/findings_test.go:TestDeduplicateDetailedPreservesDistinctSourceLocations
https://github.com/Brumbelow/layerleak/security/code-scanning/1328,Lizard_nloc-medium,internal/storage/storage.go,289,dismissal,won't fix,"validateScanRecord: accepted function length debt. This pre-transaction validator keeps the required identifiers, JSON/timestamp checks, nonnegative counters, tag/manifest statuses and finding keys in one inspectable schema contract. Counter validation is already table-driven. Further extraction would scatter the conditions SaveScan must reject before BeginTx. TestValidateScanRecord includes malformed JSON, invalid statuses, a negative counter and missing fingerprint.",internal/storage/storage.go:validateScanRecord; internal/storage/postgres.go:PostgresStore.SaveScan; internal/storage/storage_test.go:TestValidateScanRecord
https://github.com/Brumbelow/layerleak/security/code-scanning/1329,Lizard_file-nloc-medium,internal/layers/state_test.go,1,dismissal,won't fix,"Accepting the replay suite's file size. Named tests cover lower-layer deletion, whiteout order, file/directory transitions, classification, per-layer limits and transactional aggregate limits. For example, whiteout-first/last cases preserve the new upper-layer file, and failed-layer tests retain only the completed lower layer. Shared gzip/zstd and replay fixtures keep these related state-transition scenarios together.",internal/layers/state_test.go:TestReplayWhiteoutsOnlyRemoveLowerLayerEntries; internal/layers/state_test.go:TestReplayRollsBackFailedLayer; internal/layers/state_test.go:TestReplayEnforcesAggregateLimitsTransactionally
https://github.com/Brumbelow/layerleak/security/code-scanning/1330,Lizard_file-nloc-medium,internal/detectors/detectors_test.go,1,dismissal,won't fix,"Accepting the detector suite's file size. It contains the positive detector catalog plus distinct negative/context tests: wrong paths for file-specific rules, placeholder suppression, paired versus unpaired AWS credentials, overlapping GitHub-rule deduplication, and malformed token shapes. The separate tests and shared match lookup already give useful boundaries; splitting files for NLOC alone would not improve those checks.",internal/detectors/detectors_test.go:TestDefaultSetScan; internal/detectors/detectors_test.go:TestFileSpecificDetectorsRequireExpectedPath; internal/detectors/detectors_test.go:TestAWSSharedCredentialsDetectorPromotesPairedProfile; internal/detectors/detectors_test.go:TestSelfIdentifyingTokenRulesRequireExactShapes
https://github.com/Brumbelow/layerleak/security/code-scanning/1331,Lizard_nloc-medium,internal/detectors/detectors_test.go,8,dismissal,won't fix,"Accepting the length of the Default().Scan positive-case table. Named entries pair content plus required Path/Key context with the expected detector, including .npmrc/.netrc credentials, contextual service tokens and self-identifying prefixes. One common runner checks that the named detector is present. Keeping this catalog contiguous makes additions and missing detector coverage easy to compare.",internal/detectors/detectors_test.go:TestDefaultSetScan
https://github.com/Brumbelow/layerleak/security/code-scanning/1332,Lizard_file-nloc-medium,internal/storage/postgres.go,1,dismissal,won't fix,"internal/storage/postgres.go: accepted file length debt. The file groups the PostgreSQL write-side implementation and its normalization/upsert helpers, while reads and migrations already reside in separate files. Its SQL column lists account for substantial length. Keeping each query with its arguments and the single SaveScan transaction is reasonable; another file split would not simplify those persistence contracts. Existing history and occurrence tests exercise the mappings.",internal/storage/postgres.go:PostgresStore.SaveScan; internal/storage/postgres.go:insertScanRun; internal/storage/storage_integration_test.go:TestPostgresStoreSaveScanPersistsScanRunHistory; internal/storage/helpers_test.go:TestUpsertFindingOccurrenceSQLArity
https://github.com/Brumbelow/layerleak/security/code-scanning/1333,Lizard_nloc-medium,internal/storage/postgres.go,145,dismissal,won't fix,"PostgresStore.SaveScan: accepted function length debt. Validation, transaction lifetime, purge/repository advisory locks, repository/manifest/tag/finding writes and scan-run insertion intentionally precede a single Commit with deferred Rollback. The individual upserts are already helpers. Retain this orchestration to keep atomic write ordering visible. Existing persistence integration tests cover scan history, provenance and raw retention; this disposition does not claim new database execution.",internal/storage/postgres.go:PostgresStore.SaveScan; internal/storage/storage_integration_test.go:TestPostgresStoreSaveScanPersistsScanRunHistory; internal/storage/storage_integration_test.go:TestPostgresStoreSaveScanUpsertsAndRetainsProvenance
https://github.com/Brumbelow/layerleak/security/code-scanning/1334,Lizard_nloc-medium,internal/storage/postgres.go,480,dismissal,won't fix,"insertScanRun: accepted function length debt. The length is predominantly the 23-column INSERT and its ordered arguments. Keeping column names, placeholders, argument order and RETURNING scan ID in one routine makes the persistence mapping reviewable; splitting it would separate the positional contract. Existing TestPostgresStoreSaveScanPersistsScanRunHistory exercises the inserted status, error and redacted snapshot in the integration suite.",internal/storage/postgres.go:insertScanRun; internal/storage/postgres.go:PostgresStore.SaveScan; internal/storage/storage_integration_test.go:TestPostgresStoreSaveScanPersistsScanRunHistory
https://github.com/Brumbelow/layerleak/security/code-scanning/1335,Lizard_file-nloc-medium,internal/jobs/scan_test.go,1,dismissal,won't fix,"Accepting this file's size as repository-scan test organization. Separate tests cover paginated digest grouping, all-target failure, target/config/layer limits, fatal tag-resolution errors, finding-count stops and raw-byte budgets, sharing descriptor/manifest/response fixtures. Each test names its own contract; a file split would relocate the same scenarios and helpers without resolving an observed defect.",internal/jobs/scan_test.go:TestScanRepositoryEnumeratesTagsAndDeduplicatesDigests; internal/jobs/scan_test.go:TestScanRepositoryAppliesMaxFindingsAcrossTargets; internal/jobs/scan_test.go:TestScanRepositoryAppliesRawFindingByteLimitAcrossTargets
https://github.com/Brumbelow/layerleak/security/code-scanning/1336,Lizard_nloc-medium,internal/jobs/scan_test.go,21,dismissal,won't fix,"Accepting the test length for this repository enumeration scenario. Two tag pages yield three tags, two tags share one manifest digest, and assertions check three resolutions, two completed targets, sorted tag groups, findings, cleared raw fields and final progress. The mock endpoint mapping is intentionally visible beside the expected grouping.",internal/jobs/scan_test.go:TestScanRepositoryEnumeratesTagsAndDeduplicatesDigests
https://github.com/Brumbelow/layerleak/security/code-scanning/1337,Lizard_nloc-medium,internal/jobs/scan_test.go,278,dismissal,won't fix,"Accepting the 51-line scenario. The second config exceeds MaxConfigBytes=128 after the first target completes; assertions require the config-limit error, one completed/one failed target, retained findings and a recorded target error. These steps form one partial-result contract; moving one line or hiding setup solely to satisfy the threshold is not useful.",internal/jobs/scan_test.go:TestScanRepositoryAbortsOnLimitErrorAndPreservesCompletedTargets
https://github.com/Brumbelow/layerleak/security/code-scanning/1338,Lizard_nloc-medium,internal/jobs/scan_test.go,370,dismissal,won't fix,"Accepting this layer-limit scenario's length. It builds a completed first target and a second target with a two-entry compressed layer, sets MaxLayerBytes=1536, and checks one completed/one failed target, retained findings and the second target's layer-limit error. Keeping the fixture beside the partial-result assertions makes the intended ordering explicit.",internal/jobs/scan_test.go:TestScanRepositoryAbortsOnLayerLimitAndPreservesCompletedTargets
https://github.com/Brumbelow/layerleak/security/code-scanning/1339,Lizard_nloc-medium,internal/jobs/scan_test.go,539,dismissal,won't fix,"Accepting the 52-line scenario. With MaxFindings=1, the test retains the first completed target, requires an incomplete result and max_findings_exceeded, and checks that the second manifest, config and layer were never requested. The request-count fixture and assertions jointly establish the cross-target stop boundary; extracting them just for two lines offers little benefit.",internal/jobs/scan_test.go:TestScanRepositoryAppliesMaxFindingsAcrossTargets
https://github.com/Brumbelow/layerleak/security/code-scanning/1340,Lizard_nloc-medium,internal/jobs/scan_test.go,616,dismissal,won't fix,"Accepting the length of this two-target raw-retention scenario. The budget is exactly the first secret plus its environment snippet; assertions locate both findings by manifest, preserve the first raw fields, clear the second, check exact aggregate bytes, partial/completed counts and the limit diagnostic. Setup and postconditions belong together to show the budget carries across targets.",internal/jobs/scan_test.go:TestScanRepositoryAppliesRawFindingByteLimitAcrossTargets
https://github.com/Brumbelow/layerleak/security/code-scanning/1341,Lizard_nloc-medium,internal/scanservice/service.go,88,dismissal,won't fix,"Service.ScanAndSave: accepted function length debt. This is the service boundary that maps configuration into jobs.Scan, applies raw-secret retention policy, checks cancellation before persistence, builds the record, and preserves separate scan/save errors. Keeping the before-save hook and cancellation checks in the same orchestration flow avoids obscuring when persistence is allowed. Existing tests assert raw policy and zero persistence calls for cancelled contexts.",internal/scanservice/service.go:Service.ScanAndSave; internal/scanservice/service_test.go:TestScanAndSaveAppliesRawFindingPolicy; internal/scanservice/service_test.go:TestScanAndSaveDoesNotPersistWithCanceledContext
https://github.com/Brumbelow/layerleak/security/code-scanning/1342,Lizard_file-nloc-medium,internal/layers/state.go,1,dismissal,won't fix,"internal/layers/state.go: accepted file length debt. This file contains one in-memory layer-replay implementation: artifact/path indexes, transactional application, retention accounting, decompression and bounded readers. Helpers already isolate path/index and content classification operations. Keeping those private replay invariants together is reasonable; moving helpers across files would change the reported size without simplifying the state model. Existing aggregate-limit and rollback tests cover the shared state transitions.",internal/layers/state.go:Replay; internal/layers/state.go:State.applyLayer; internal/layers/state.go:retentionBudget.ensure; internal/layers/state_test.go:TestReplayEnforcesAggregateLimitsTransactionally
https://github.com/Brumbelow/layerleak/security/code-scanning/1343,Lizard_nloc-medium,internal/layers/state.go,181,dismissal,won't fix,"State.applyLayer: accepted function length debt. The routine keeps the working-state clone, archive entry dispatch, pending whiteouts, byte/entry/retention accounting, final digest verification, and single commit point together. Splitting its mutable replay state solely for the threshold would obscure rollback and lower-layer-only deletion ordering. Existing TestReplayRollsBackFailedLayer and TestReplayWhiteoutsOnlyRemoveLowerLayerEntries assert those boundaries. Keep this state machine intact.",internal/layers/state.go:State.applyLayer; internal/layers/state_test.go:TestReplayRollsBackFailedLayer; internal/layers/state_test.go:TestReplayWhiteoutsOnlyRemoveLowerLayerEntries
https://github.com/Brumbelow/layerleak/security/code-scanning/1344,Lizard_nloc-medium,internal/manifest/reference_test.go,8,dismissal,won't fix,"Accepting the length of this named reference-parsing table. It compares registry, repository, tag, digest and TagExplicit for official Docker Hub names, tagged/digested names, non-Docker registries, deep namespaces and localhost ports. Keeping input and the complete expected Reference together makes normalization differences reviewable; splitting the table only to meet 50 lines would scatter the same contract.",internal/manifest/reference_test.go:TestParseReference
https://github.com/Brumbelow/layerleak/security/code-scanning/1345,Stylelint_scss_selector-class-pattern,web/assets/styles.css,1,dismissal,false positive,"This reports an unknown Stylelint rule, not a violation in styles.css. Stylelint 16.26.1 reproduces the same line-1 error on the minimal stylesheet :root { color: red; } when configured with scss_selector-class-pattern; its diagnostic identifies the valid core rule selector-class-pattern. The inherited tool configuration uses an unrecognized rule name. Dismissing this source alert as a configuration false positive; no CSS rule or scanner threshold is disabled.",web/assets/styles.css:1; Stylelint 16.26.1 minimal-stylesheet reproduction
https://github.com/Brumbelow/layerleak/security/code-scanning/1346,Stylelint_scss_function-disallowed-list,web/assets/styles.css,1,dismissal,false positive,"This reports an unknown Stylelint rule, not a violation in styles.css. Stylelint 16.26.1 reproduces the same line-1 error on the minimal stylesheet :root { color: red; } when configured with scss_function-disallowed-list; its diagnostic identifies the valid core rule function-disallowed-list. The inherited tool configuration uses an unrecognized rule name. Dismissing this source alert as a configuration false positive; no CSS rule or scanner threshold is disabled.",web/assets/styles.css:1; Stylelint 16.26.1 minimal-stylesheet reproduction
